asset,market_key,market_title,tf_slug,side,signal_ts,signed_open_pct,signed_move_30s_pct,ask_c,rule_key,entry_j,entry_ts,entry_price,size_usd,shares,exit_j,exit_ts,exit_price,exit_reason,won_up,won_side,pnl,return_pct
eth,eth:h1:1775322000,"Ethereum Up or Down - April 4, 1PM ET",h1,UP,2026-04-04T17:17:08.926000+00:00,0.0875592849325152,0.0539948923750518,67.0,eth|h1|Up,2687,2026-04-04 17:17:08.926,0.67,9.19,13.71641791044776,,2026-04-04 17:59:57.060,,settlement,True,True,4.52641791044776,49.253731343283576
eth,eth:h1:1775340000,"Ethereum Up or Down - April 4, 6PM ET",h1,UP,2026-04-04T22:18:54.871000+00:00,0.085555603892054,0.0459196744053314,62.0,eth|h1|Up,3020,2026-04-04 22:18:54.871,0.62,9.19,14.82258064516129,,2026-04-04 22:59:59.914,,settlement,True,True,5.6325806451612905,61.29032258064516
eth,eth:h1:1775372400,"Ethereum Up or Down - April 5, 3AM ET",h1,DOWN,2026-04-05T07:35:31.892000+00:00,0.1368774284705033,0.0583814121433364,74.0,eth|h1|Down,4339,2026-04-05 07:35:31.892,0.74,12.49,16.87837837837838,,2026-04-05 07:59:59.963,,settlement,False,True,4.388378378378379,35.13513513513514
eth,eth:h1:1775545200,"Ethereum Up or Down - April 7, 3AM ET",h1,UP,2026-04-07T07:32:44.930000+00:00,0.0888677676131586,0.1273612926220665,64.0,eth|h1|Up,4761,2026-04-07 07:32:44.930,0.64,9.19,14.359374999999998,,2026-04-07 07:59:59.986,,settlement,True,True,5.169374999999999,56.249999999999986
eth,eth:h1:1775545200,"Ethereum Up or Down - April 7, 3AM ET",h1,DOWN,2026-04-07T07:22:45.281000+00:00,0.188190566710231,-0.0451467268622938,75.0,eth|h1|Down,3044,2026-04-07 07:22:45.281,0.75,12.49,16.653333333333332,,2026-04-07 07:59:59.986,,settlement,True,False,-12.49,-100.0
eth,eth:h1:1775548800,"Ethereum Up or Down - April 7, 4AM ET",h1,UP,2026-04-07T08:18:06.015000+00:00,0.126898728161065,-0.0646375544191235,69.0,eth|h1|Up,3949,2026-04-07 08:18:06.015,0.69,9.19,13.318840579710145,,2026-04-07 08:59:59.999,,settlement,True,True,4.128840579710145,44.92753623188406
eth,eth:h1:1775559600,"Ethereum Up or Down - April 7, 7AM ET",h1,UP,2026-04-07T11:26:08.814000+00:00,0.0976394233530509,0.123006528439883,62.0,eth|h1|Up,6145,2026-04-07 11:26:08.814,0.62,9.19,14.82258064516129,,2026-04-07 11:59:59.130,,settlement,True,True,5.6325806451612905,61.29032258064516
eth,eth:h1:1775559600,"Ethereum Up or Down - April 7, 7AM ET",h1,DOWN,2026-04-07T11:22:24.611000+00:00,0.1368866425439917,0.0397258438152091,61.0,eth|h1|Down,5333,2026-04-07 11:22:24.611,0.61,12.49,20.475409836065573,,2026-04-07 11:59:59.130,,settlement,True,False,-12.49,-100.0
eth,eth:h1:1775563200,"Ethereum Up or Down - April 7, 8AM ET",h1,DOWN,2026-04-07T12:22:25.376000+00:00,0.2282755386249859,-0.0909273633936049,67.0,eth|h1|Down,5169,2026-04-07 12:22:25.376,0.67,12.49,18.64179104477612,,2026-04-07 12:59:59.212,,settlement,False,True,6.15179104477612,49.25373134328358
eth,eth:h1:1775566800,"Ethereum Up or Down - April 7, 9AM ET",h1,DOWN,2026-04-07T13:22:16.807000+00:00,0.1633932122338801,0.1082899295157244,60.0,eth|h1|Down,4170,2026-04-07 13:22:16.807,0.6,12.49,20.816666666666666,,2026-04-07 13:59:59.769,,settlement,False,True,8.326666666666666,66.66666666666666
eth,eth:h1:1775570400,"Ethereum Up or Down - April 7, 10AM ET",h1,UP,2026-04-07T14:26:52.997000+00:00,0.1050617599290732,0.0867482421432686,59.0,eth|h1|Up,8799,2026-04-07 14:26:52.997,0.59,9.19,15.576271186440678,,2026-04-07 14:59:58.874,,settlement,False,False,-9.19,-100.0
eth,eth:h1:1775570400,"Ethereum Up or Down - April 7, 10AM ET",h1,DOWN,2026-04-07T14:22:18.989000+00:00,0.1763880923579548,0.0424102517144878,63.0,eth|h1|Down,7738,2026-04-07 14:22:18.989,0.63,12.49,19.825396825396826,,2026-04-07 14:59:58.874,,settlement,False,True,7.335396825396826,58.730158730158735
eth,eth:h1:1775833200,"Ethereum Up or Down - April 10, 11AM ET",h1,UP,2026-04-10T15:19:00.465000+00:00,0.0873923201769062,0.0909593536535324,55.00000000000001,eth|h1|Up,4276,2026-04-10 15:19:00.465,0.55,9.19,16.709090909090907,,2026-04-10 15:59:59.958,,settlement,False,False,-9.19,-100.0
eth,eth:h1:1775833200,"Ethereum Up or Down - April 10, 11AM ET",h1,DOWN,2026-04-10T15:27:48.137000+00:00,0.1453566141718337,0.0989851789758957,60.0,eth|h1|Down,6987,2026-04-10 15:27:48.137,0.6,12.49,20.816666666666666,,2026-04-10 15:59:59.958,,settlement,False,True,8.326666666666666,66.66666666666666
eth,eth:h1:1775840400,"Ethereum Up or Down - April 10, 1PM ET",h1,UP,2026-04-10T17:51:24.699000+00:00,0.0855096732817932,-0.0423094737592109,65.0,eth|h1|Up,9993,2026-04-10 17:51:24.699,0.65,9.19,14.138461538461538,,2026-04-10 17:59:59.915,,settlement,True,True,4.9484615384615385,53.84615384615385
eth,eth:h1:1775840400,"Ethereum Up or Down - April 10, 1PM ET",h1,DOWN,2026-04-10T17:22:18.688000+00:00,0.1420707592546431,0.0592332632629033,67.0,eth|h1|Down,4571,2026-04-10 17:22:18.688,0.67,12.49,18.64179104477612,,2026-04-10 17:59:59.915,,settlement,True,False,-12.49,-100.0
eth,eth:h1:1775844000,"Ethereum Up or Down - April 10, 2PM ET",h1,DOWN,2026-04-10T18:25:04.788000+00:00,0.1472144883962936,0.0729401090543525,68.0,eth|h1|Down,4172,2026-04-10 18:25:04.788,0.68,12.49,18.36764705882353,,2026-04-10 18:59:58.458,,settlement,True,False,-12.49,-100.0
eth,eth:h1:1775847600,"Ethereum Up or Down - April 10, 3PM ET",h1,UP,2026-04-10T19:17:33.338000+00:00,0.1533790061929673,-0.044902259784014,64.0,eth|h1|Up,2740,2026-04-10 19:17:33.338,0.64,9.19,14.359374999999998,,2026-04-10 19:59:59.702,,settlement,True,True,5.169374999999999,56.249999999999986
eth,eth:h1:1775847600,"Ethereum Up or Down - April 10, 3PM ET",h1,DOWN,2026-04-10T19:30:43.730000+00:00,0.1369296634997945,0.050237181738567,74.0,eth|h1|Down,4083,2026-04-10 19:30:43.730,0.74,12.49,16.87837837837838,,2026-04-10 19:59:59.702,,settlement,True,False,-12.49,-100.0
eth,eth:h1:1775851200,"Ethereum Up or Down - April 10, 4PM ET",h1,UP,2026-04-10T20:18:35.764000+00:00,0.0909829262771884,0.0621346813600232,59.0,eth|h1|Up,3228,2026-04-10 20:18:35.764,0.59,9.19,15.576271186440678,,2026-04-10 20:59:58.207,,settlement,False,False,-9.19,-100.0
eth,eth:h1:1775851200,"Ethereum Up or Down - April 10, 4PM ET",h1,DOWN,2026-04-10T20:35:32.828000+00:00,0.1455726820435298,0.0727863410217749,74.0,eth|h1|Down,5981,2026-04-10 20:35:32.828,0.74,12.49,16.87837837837838,,2026-04-10 20:59:58.207,,settlement,False,True,4.388378378378379,35.13513513513514
eth,eth:m15:1775350800,"Ethereum Up or Down - April 4, 9:00PM-9:15PM ET",m15,DOWN,2026-04-05T01:05:00.543000+00:00,0.0935939091217611,-0.0324911497987523,74.0,eth|m15|Down,850,2026-04-05 01:05:00.543,0.74,6.225,8.412162162162161,,2026-04-05 01:14:59.173,,settlement,False,True,2.1871621621621617,35.13513513513513
eth,eth:m15:1775366100,"Ethereum Up or Down - April 5, 1:15AM-1:30AM ET",m15,DOWN,2026-04-05T05:24:34.985000+00:00,0.0978368801230611,-0.0277447869005524,73.0,eth|m15|Down,1445,2026-04-05 05:24:34.985,0.73,6.225,8.527397260273972,1522.0,2026-04-05 05:25:02.525,0.01,stop_loss,False,True,-6.13972602739726,-98.63013698630138
eth,eth:m15:1775369700,"Ethereum Up or Down - April 5, 2:15AM-2:30AM ET",m15,UP,2026-04-05T06:22:06.379000+00:00,0.079675788396839,-0.0378705907812264,71.0,eth|m15|Up,1961,2026-04-05 06:22:06.379,0.71,7.82,11.014084507042254,2212.0,2026-04-05 06:23:21.860,0.61,stop_loss,True,True,-1.1014084507042252,-14.084507042253518
eth,eth:m15:1775369700,"Ethereum Up or Down - April 5, 2:15AM-2:30AM ET",m15,DOWN,2026-04-05T06:19:45.015000+00:00,0.1308256772442054,-0.0565599732446668,71.0,eth|m15|Down,1299,2026-04-05 06:19:45.015,0.71,6.225,8.767605633802816,1451.0,2026-04-05 06:20:16.158,0.61,stop_loss,True,False,-0.876760563380282,-14.084507042253527
eth,eth:m15:1775373300,"Ethereum Up or Down - April 5, 3:15AM-3:30AM ET",m15,DOWN,2026-04-05T07:18:27.258000+00:00,0.1004001312548035,0.0259571071048996,74.0,eth|m15|Down,545,2026-04-05 07:18:27.258,0.74,6.225,8.412162162162161,607.0,2026-04-05 07:19:00.762,0.64,stop_loss,False,True,-0.8412162162162167,-13.513513513513523
eth,eth:m15:1775388600,"Ethereum Up or Down - April 5, 7:30AM-7:45AM ET",m15,DOWN,2026-04-05T11:36:26.142000+00:00,0.069514135356753,-0.0313303145269794,64.0,eth|m15|Down,1333,2026-04-05 11:36:26.142,0.64,6.225,9.7265625,,2026-04-05 11:44:58.915,,settlement,False,True,3.5015625000000004,56.250000000000014
eth,eth:m15:1775399400,"Ethereum Up or Down - April 5, 10:30AM-10:45AM ET",m15,UP,2026-04-05T14:36:24.916000+00:00,0.0808843354003707,0.1122576533738554,71.0,eth|m15|Up,1128,2026-04-05 14:36:24.916,0.71,7.82,11.014084507042254,1189.0,2026-04-05 14:36:36.111,0.61,stop_loss,True,True,-1.1014084507042252,-14.084507042253518
eth,eth:m15:1775401200,"Ethereum Up or Down - April 5, 11:00AM-11:15AM ET",m15,UP,2026-04-05T15:10:49.783000+00:00,0.0593576617986861,-0.0363013799429974,67.0,eth|m15|Up,2600,2026-04-05 15:10:49.783,0.67,7.82,11.671641791044776,,2026-04-05 15:14:59.770,,settlement,True,True,3.8516417910447753,49.25373134328357
eth,eth:m15:1775401200,"Ethereum Up or Down - April 5, 11:00AM-11:15AM ET",m15,DOWN,2026-04-05T15:05:34.507000+00:00,0.0686782863786474,0.0353202615661606,73.0,eth|m15|Down,1213,2026-04-05 15:05:34.507,0.73,6.225,8.527397260273972,1863.0,2026-04-05 15:08:37.454,0.63,stop_loss,True,False,-0.852739726027397,-13.698630136986298
eth,eth:m15:1775402100,"Ethereum Up or Down - April 5, 11:15AM-11:30AM ET",m15,UP,2026-04-05T15:20:10.342000+00:00,0.0543893690833248,0.034789596440683,68.0,eth|m15|Up,1063,2026-04-05 15:20:10.342,0.68,7.82,11.5,1445.0,2026-04-05 15:22:29.879,0.57,stop_loss,True,True,-1.2650000000000006,-16.1764705882353
eth,eth:m15:1775403000,"Ethereum Up or Down - April 5, 11:30AM-11:45AM ET",m15,DOWN,2026-04-05T15:34:15.673000+00:00,0.0936593130356214,0.0417342016635508,74.0,eth|m15|Down,2130,2026-04-05 15:34:15.673,0.74,6.225,8.412162162162161,2735.0,2026-04-05 15:37:04.424,0.64,stop_loss,False,True,-0.8412162162162167,-13.513513513513523
eth,eth:m15:1775403900,"Ethereum Up or Down - April 5, 11:45AM-12:00PM ET",m15,DOWN,2026-04-05T15:50:08.893000+00:00,0.1043962980587188,-0.0451574684625987,72.0,eth|m15|Down,1021,2026-04-05 15:50:08.893,0.72,6.225,8.645833333333334,1213.0,2026-04-05 15:50:51.065,0.62,stop_loss,False,True,-0.864583333333333,-13.888888888888884
eth,eth:m15:1775404800,"Ethereum Up or Down - April 5, 12:00PM-12:15PM ET",m15,UP,2026-04-05T16:05:30.750000+00:00,0.0559924045086102,-0.0399250188670138,68.0,eth|m15|Up,919,2026-04-05 16:05:30.750,0.68,7.82,11.5,982.0,2026-04-05 16:06:04.564,0.57,stop_loss,True,True,-1.2650000000000006,-16.1764705882353
eth,eth:m15:1775408400,"Ethereum Up or Down - April 5, 1:00PM-1:15PM ET",m15,DOWN,2026-04-05T17:03:25.558000+00:00,0.08625100504349,-0.0423945618010326,64.0,eth|m15|Down,824,2026-04-05 17:03:25.558,0.64,6.225,9.7265625,910.0,2026-04-05 17:03:48.878,0.54,stop_loss,True,False,-0.9726562499999991,-15.624999999999986
eth,eth:m15:1775410200,"Ethereum Up or Down - April 5, 1:30PM-1:45PM ET",m15,UP,2026-04-05T17:39:20.463000+00:00,0.0637171929414942,0.0359929181501479,70.0,eth|m15|Up,1783,2026-04-05 17:39:20.463,0.7,7.82,11.171428571428573,1961.0,2026-04-05 17:40:12.703,0.57,stop_loss,True,True,-1.4522857142857148,-18.571428571428577
eth,eth:m15:1775411100,"Ethereum Up or Down - April 5, 1:45PM-2:00PM ET",m15,UP,2026-04-05T17:50:26.402000+00:00,0.0868641086238087,0.0737617011777599,65.0,eth|m15|Up,1726,2026-04-05 17:50:26.402,0.65,7.82,12.03076923076923,1898.0,2026-04-05 17:50:40.766,0.5,stop_loss,True,True,-1.804615384615385,-23.07692307692308
eth,eth:m15:1775414700,"Ethereum Up or Down - April 5, 2:45PM-3:00PM ET",m15,DOWN,2026-04-05T18:50:33.802000+00:00,0.0745791604517348,0.0353524591751747,73.0,eth|m15|Down,1800,2026-04-05 18:50:33.802,0.73,6.225,8.527397260273972,,2026-04-05 18:59:59.985,,settlement,False,True,2.302397260273972,36.986301369863014
eth,eth:m15:1775548800,"Ethereum Up or Down - April 7, 4:00AM-4:15AM ET",m15,UP,2026-04-07T08:05:04.035000+00:00,0.0755689055341222,-0.0356457101576015,69.0,eth|m15|Up,1416,2026-04-07 08:05:04.035,0.69,7.82,11.333333333333334,1630.0,2026-04-07 08:06:11.889,0.59,stop_loss,True,True,-1.1333333333333337,-14.492753623188412
eth,eth:m15:1775549700,"Ethereum Up or Down - April 7, 4:15AM-4:30AM ET",m15,UP,2026-04-07T08:19:55.528000+00:00,0.0578692723650628,0.0445878000189761,62.0,eth|m15|Up,957,2026-04-07 08:19:55.528,0.62,7.82,12.612903225806452,,2026-04-07 08:29:58.719,,settlement,True,True,4.792903225806452,61.29032258064516
eth,eth:m15:1775549700,"Ethereum Up or Down - April 7, 4:15AM-4:30AM ET",m15,DOWN,2026-04-07T08:18:29.273000+00:00,0.077317142586076,0.0208708851152667,70.0,eth|m15|Down,663,2026-04-07 08:18:29.273,0.7,6.225,8.892857142857142,744.0,2026-04-07 08:19:06.398,0.6,stop_loss,True,False,-0.8892857142857142,-14.285714285714285
eth,eth:m15:1775551500,"Ethereum Up or Down - April 7, 4:45AM-5:00AM ET",m15,DOWN,2026-04-07T08:51:42.216000+00:00,0.0633440955266631,-0.0193814023626548,74.0,eth|m15|Down,1018,2026-04-07 08:51:42.216,0.74,6.225,8.412162162162161,1104.0,2026-04-07 08:52:19.789,0.64,stop_loss,False,True,-0.8412162162162167,-13.513513513513523
eth,eth:m15:1775553300,"Ethereum Up or Down - April 7, 5:15AM-5:30AM ET",m15,DOWN,2026-04-07T09:21:51.612000+00:00,0.0860524496734204,0.0427911088539908,69.0,eth|m15|Down,1154,2026-04-07 09:21:51.612,0.69,6.225,9.021739130434783,,2026-04-07 09:29:59.914,,settlement,False,True,2.7967391304347835,44.927536231884076
eth,eth:m15:1775557800,"Ethereum Up or Down - April 7, 6:30AM-6:45AM ET",m15,DOWN,2026-04-07T10:34:08.321000+00:00,0.0750059340137634,0.0882981248516557,59.0,eth|m15|Down,700,2026-04-07 10:34:08.321,0.59,6.225,10.55084745762712,738.0,2026-04-07 10:34:14.638,0.49,stop_loss,False,True,-1.055084745762711,-16.949152542372868
eth,eth:m15:1775558700,"Ethereum Up or Down - April 7, 6:45AM-7:00AM ET",m15,DOWN,2026-04-07T10:48:27.642000+00:00,0.0952784751632834,0.042398921447655,63.0,eth|m15|Down,735,2026-04-07 10:48:27.642,0.63,6.225,9.88095238095238,,2026-04-07 10:59:57.883,,settlement,False,True,3.65595238095238,58.73015873015872
eth,eth:m15:1775559600,"Ethereum Up or Down - April 7, 7:00AM-7:15AM ET",m15,UP,2026-04-07T11:07:53.738000+00:00,0.0626998257806341,0.0435548408094647,65.0,eth|m15|Up,2340,2026-04-07 11:07:53.738,0.65,7.82,12.03076923076923,2556.0,2026-04-07 11:09:01.058,0.54,stop_loss,False,False,-1.3233846153846152,-16.92307692307692
eth,eth:m15:1775559600,"Ethereum Up or Down - April 7, 7:00AM-7:15AM ET",m15,DOWN,2026-04-07T11:03:30.642000+00:00,0.241705435261242,-0.0363754714452435,71.0,eth|m15|Down,1053,2026-04-07 11:03:30.642,0.71,6.225,8.767605633802816,1281.0,2026-04-07 11:04:37.160,0.61,stop_loss,False,True,-0.876760563380282,-14.084507042253527
eth,eth:m15:1775560500,"Ethereum Up or Down - April 7, 7:15AM-7:30AM ET",m15,DOWN,2026-04-07T11:20:14.922000+00:00,0.0703655658684046,0.0421236040572741,55.00000000000001,eth|m15|Down,1160,2026-04-07 11:20:14.922,0.55,6.225,11.318181818181817,2199.0,2026-04-07 11:25:42.516,0.45,stop_loss,True,False,-1.1318181818181818,-18.181818181818183
eth,eth:m15:1775561400,"Ethereum Up or Down - April 7, 7:30AM-7:45AM ET",m15,DOWN,2026-04-07T11:40:12.800000+00:00,0.0817509035625983,0.0669305643202549,73.0,eth|m15|Down,2063,2026-04-07 11:40:12.800,0.73,6.225,8.527397260273972,,2026-04-07 11:44:59.765,,settlement,False,True,2.302397260273972,36.986301369863014
eth,eth:m15:1775562300,"Ethereum Up or Down - April 7, 7:45AM-8:00AM ET",m15,DOWN,2026-04-07T11:52:09.781000+00:00,0.0650677230602942,0.0301416658294033,67.0,eth|m15|Down,959,2026-04-07 11:52:09.781,0.67,6.225,9.291044776119401,1173.0,2026-04-07 11:53:37.707,0.53,stop_loss,False,True,-1.3007462686567166,-20.895522388059707
eth,eth:m15:1775563200,"Ethereum Up or Down - April 7, 8:00AM-8:15AM ET",m15,DOWN,2026-04-07T12:03:54.760000+00:00,0.0655634146574857,0.0287139042295537,64.0,eth|m15|Down,751,2026-04-07 12:03:54.760,0.64,6.225,9.7265625,887.0,2026-04-07 12:05:02.012,0.53,stop_loss,False,True,-1.0699218749999995,-17.187499999999993
eth,eth:m15:1775564100,"Ethereum Up or Down - April 7, 8:15AM-8:30AM ET",m15,UP,2026-04-07T12:22:41.416000+00:00,0.0734193251180345,0.0681408115474499,65.0,eth|m15|Up,2023,2026-04-07 12:22:41.416,0.65,7.82,12.03076923076923,2209.0,2026-04-07 12:23:27.803,0.55,stop_loss,True,True,-1.2030769230769227,-15.38461538461538
eth,eth:m15:1775564100,"Ethereum Up or Down - April 7, 8:15AM-8:30AM ET",m15,DOWN,2026-04-07T12:20:03.263000+00:00,0.0762985143383692,0.1353218933548391,54.0,eth|m15|Down,1433,2026-04-07 12:20:03.263,0.54,6.225,11.527777777777777,1843.0,2026-04-07 12:21:57.510,0.43,stop_loss,True,False,-1.2680555555555557,-20.370370370370374
eth,eth:m15:1775565000,"Ethereum Up or Down - April 7, 8:30AM-8:45AM ET",m15,DOWN,2026-04-07T12:33:25.532000+00:00,0.1328575402649468,0.0498815313630111,68.0,eth|m15|Down,705,2026-04-07 12:33:25.532,0.68,6.225,9.15441176470588,1067.0,2026-04-07 12:36:00.631,0.58,stop_loss,False,True,-0.9154411764705896,-14.705882352941199
eth,eth:m15:1775566800,"Ethereum Up or Down - April 7, 9:00AM-9:15AM ET",m15,UP,2026-04-07T13:05:28.459000+00:00,0.1154773142180992,0.1049358166546104,66.0,eth|m15|Up,1133,2026-04-07 13:05:28.459,0.66,7.82,11.848484848484848,2769.0,2026-04-07 13:14:03.272,0.54,stop_loss,True,True,-1.4218181818181819,-18.181818181818183
eth,eth:m15:1775566800,"Ethereum Up or Down - April 7, 9:00AM-9:15AM ET",m15,DOWN,2026-04-07T13:03:25.177000+00:00,0.0766654368252799,0.0397701953531127,61.0,eth|m15|Down,556,2026-04-07 13:03:25.177,0.61,6.225,10.204918032786885,765.0,2026-04-07 13:04:22.192,0.51,stop_loss,True,False,-1.0204918032786878,-16.39344262295081
eth,eth:m15:1775568600,"Ethereum Up or Down - April 7, 9:30AM-9:45AM ET",m15,DOWN,2026-04-07T13:33:25.971000+00:00,0.1856533607096249,0.0614047291236009,71.0,eth|m15|Down,1365,2026-04-07 13:33:25.971,0.71,6.225,8.767605633802816,1446.0,2026-04-07 13:33:43.017,0.61,stop_loss,False,True,-0.876760563380282,-14.084507042253527
eth,eth:m15:1775569500,"Ethereum Up or Down - April 7, 9:45AM-10:00AM ET",m15,UP,2026-04-07T13:51:34.335000+00:00,0.0557998133592379,0.1135237582136424,62.0,eth|m15|Up,2312,2026-04-07 13:51:34.335,0.62,7.82,12.612903225806452,2394.0,2026-04-07 13:51:44.052,0.52,stop_loss,False,False,-1.2612903225806447,-16.12903225806451
eth,eth:m15:1775569500,"Ethereum Up or Down - April 7, 9:45AM-10:00AM ET",m15,DOWN,2026-04-07T13:48:25.440000+00:00,0.1318030074175382,-0.0355964326601975,66.0,eth|m15|Down,1221,2026-04-07 13:48:25.440,0.66,6.225,9.431818181818182,1592.0,2026-04-07 13:49:28.697,0.55,stop_loss,False,True,-1.0374999999999996,-16.666666666666664
eth,eth:m15:1775570400,"Ethereum Up or Down - April 7, 10:00AM-10:15AM ET",m15,DOWN,2026-04-07T14:03:24.993000+00:00,0.1330139712863204,0.117110126893393,69.0,eth|m15|Down,1456,2026-04-07 14:03:24.993,0.69,6.225,9.021739130434783,,2026-04-07 14:14:59.945,,settlement,False,True,2.7967391304347835,44.927536231884076
eth,eth:m15:1775571300,"Ethereum Up or Down - April 7, 10:15AM-10:30AM ET",m15,UP,2026-04-07T14:21:21.101000+00:00,0.0619111188500106,0.0324066012730509,63.0,eth|m15|Up,2038,2026-04-07 14:21:21.101,0.63,7.82,12.412698412698413,,2026-04-07 14:29:59.211,,settlement,True,True,4.592698412698413,58.730158730158735
eth,eth:m15:1775571300,"Ethereum Up or Down - April 7, 10:15AM-10:30AM ET",m15,DOWN,2026-04-07T14:18:30.868000+00:00,0.0952850813550699,-0.0382107686652552,56.99999999999999,eth|m15|Down,1162,2026-04-07 14:18:30.868,0.57,6.225,10.921052631578947,1586.0,2026-04-07 14:20:03.083,0.47,stop_loss,True,False,-1.0921052631578947,-17.543859649122805
eth,eth:m15:1775572200,"Ethereum Up or Down - April 7, 10:30AM-10:45AM ET",m15,DOWN,2026-04-07T14:33:28.830000+00:00,0.1728554370016633,-0.0216671160586946,71.0,eth|m15|Down,872,2026-04-07 14:33:28.830,0.71,6.225,8.767605633802816,966.0,2026-04-07 14:33:48.279,0.59,stop_loss,False,True,-1.0521126760563382,-16.901408450704228
eth,eth:m15:1775573100,"Ethereum Up or Down - April 7, 10:45AM-11:00AM ET",m15,UP,2026-04-07T14:51:14.226000+00:00,0.1138935674264239,-0.0661161810907888,71.0,eth|m15|Up,1760,2026-04-07 14:51:14.226,0.71,7.82,11.014084507042254,2056.0,2026-04-07 14:52:23.944,0.61,stop_loss,False,False,-1.1014084507042252,-14.084507042253518
eth,eth:m15:1775574000,"Ethereum Up or Down - April 7, 11:00AM-11:15AM ET",m15,UP,2026-04-07T15:10:05.484000+00:00,0.1145237358898973,0.1420674192051982,71.0,eth|m15|Up,3761,2026-04-07 15:10:05.484,0.71,7.82,11.014084507042254,4063.0,2026-04-07 15:10:43.105,0.6,stop_loss,True,True,-1.211549295774648,-15.492957746478876
eth,eth:m15:1775574000,"Ethereum Up or Down - April 7, 11:00AM-11:15AM ET",m15,DOWN,2026-04-07T15:05:02.432000+00:00,0.1106579557754737,0.0835974949744867,68.0,eth|m15|Down,1927,2026-04-07 15:05:02.432,0.68,6.225,9.15441176470588,3176.0,2026-04-07 15:08:49.633,0.58,stop_loss,True,False,-0.9154411764705896,-14.705882352941199
eth,eth:m15:1775807100,"Ethereum Up or Down - April 10, 3:45AM-4:00AM ET",m15,DOWN,2026-04-10T07:50:45.969000+00:00,0.066862368851297,0.0659464459903211,66.0,eth|m15|Down,822,2026-04-10 07:50:45.969,0.66,6.225,9.431818181818182,888.0,2026-04-10 07:50:55.981,0.55,stop_loss,False,True,-1.0374999999999996,-16.666666666666664
eth,eth:m15:1775808000,"Ethereum Up or Down - April 10, 4:00AM-4:15AM ET",m15,UP,2026-04-10T08:08:26.721000+00:00,0.0573583935978855,0.036709371902655,71.0,eth|m15|Up,1482,2026-04-10 08:08:26.721,0.71,7.82,11.014084507042254,,2026-04-10 08:14:59.999,,settlement,True,True,3.1940845070422537,40.845070422535215
eth,eth:m15:1775808000,"Ethereum Up or Down - April 10, 4:00AM-4:15AM ET",m15,DOWN,2026-04-10T08:03:54.703000+00:00,0.0816783524833981,0.0642414008296359,63.0,eth|m15|Down,605,2026-04-10 08:03:54.703,0.63,6.225,9.88095238095238,828.0,2026-04-10 08:05:13.961,0.53,stop_loss,True,False,-0.9880952380952381,-15.873015873015875
eth,eth:m15:1775836800,"Ethereum Up or Down - April 10, 12:00PM-12:15PM ET",m15,UP,2026-04-10T16:05:31.609000+00:00,0.1213881408282186,0.040013127902632,71.0,eth|m15|Up,1541,2026-04-10 16:05:31.609,0.71,7.82,11.014084507042254,1756.0,2026-04-10 16:06:27.142,0.6,stop_loss,True,True,-1.211549295774648,-15.492957746478876
eth,eth:m15:1775837700,"Ethereum Up or Down - April 10, 12:15PM-12:30PM ET",m15,UP,2026-04-10T16:21:54.092000+00:00,0.0981486212135496,-0.0887371095903311,67.0,eth|m15|Up,1586,2026-04-10 16:21:54.092,0.67,7.82,11.671641791044776,,2026-04-10 16:29:59.823,,settlement,True,True,3.8516417910447753,49.25373134328357
eth,eth:m15:1775838600,"Ethereum Up or Down - April 10, 12:30PM-12:45PM ET",m15,DOWN,2026-04-10T16:33:28.514000+00:00,0.1463266653580428,-0.0486268491586281,74.0,eth|m15|Down,835,2026-04-10 16:33:28.514,0.74,6.225,8.412162162162161,887.0,2026-04-10 16:33:41.458,0.62,stop_loss,False,True,-1.0094594594594595,-16.216216216216218
eth,eth:m15:1775840400,"Ethereum Up or Down - April 10, 1:00PM-1:15PM ET",m15,DOWN,2026-04-10T17:03:49.059000+00:00,0.0708126981864888,0.0178145152670436,66.0,eth|m15|Down,904,2026-04-10 17:03:49.059,0.66,6.225,9.431818181818182,1574.0,2026-04-10 17:08:15.718,0.56,stop_loss,False,True,-0.9431818181818175,-15.151515151515142
eth,eth:m15:1775842200,"Ethereum Up or Down - April 10, 1:30PM-1:45PM ET",m15,DOWN,2026-04-10T17:33:27.618000+00:00,0.071735691848425,0.020050348653297,67.0,eth|m15|Down,618,2026-04-10 17:33:27.618,0.67,6.225,9.291044776119401,,2026-04-10 17:44:59.977,,settlement,False,True,3.0660447761194014,49.253731343283555
eth,eth:m15:1775843100,"Ethereum Up or Down - April 10, 1:45PM-2:00PM ET",m15,UP,2026-04-10T17:49:53.148000+00:00,0.0874082993288307,-0.0450420317970084,71.0,eth|m15|Up,892,2026-04-10 17:49:53.148,0.71,7.82,11.014084507042254,,2026-04-10 17:59:59.915,,settlement,True,True,3.1940845070422537,40.845070422535215
eth,eth:m15:1775844900,"Ethereum Up or Down - April 10, 2:15PM-2:30PM ET",m15,DOWN,2026-04-10T18:18:32.998000+00:00,0.0662717050953706,-0.0191253914033516,64.0,eth|m15|Down,686,2026-04-10 18:18:32.998,0.64,6.225,9.7265625,1006.0,2026-04-10 18:20:55.659,0.54,stop_loss,False,True,-0.9726562499999991,-15.624999999999986
eth,eth:m15:1775845800,"Ethereum Up or Down - April 10, 2:30PM-2:45PM ET",m15,DOWN,2026-04-10T18:35:01.535000+00:00,0.0800690373032626,0.0378103787265424,72.0,eth|m15|Down,838,2026-04-10 18:35:01.535,0.72,6.225,8.645833333333334,1391.0,2026-04-10 18:38:47.716,0.62,stop_loss,False,True,-0.864583333333333,-13.888888888888884
eth,eth:m15:1775847600,"Ethereum Up or Down - April 10, 3:00PM-3:15PM ET",m15,UP,2026-04-10T19:07:36.080000+00:00,0.063574486624919,-0.0400119146590156,71.0,eth|m15|Up,1388,2026-04-10 19:07:36.080,0.71,7.82,11.014084507042254,1697.0,2026-04-10 19:09:24.676,0.61,stop_loss,True,True,-1.1014084507042252,-14.084507042253518
eth,eth:m15:1775848500,"Ethereum Up or Down - April 10, 3:15PM-3:30PM ET",m15,DOWN,2026-04-10T19:19:54.571000+00:00,0.074081631747753,0.020849321509857,72.0,eth|m15|Down,517,2026-04-10 19:19:54.571,0.72,6.225,8.645833333333334,,2026-04-10 19:29:59.446,,settlement,False,True,2.4208333333333343,38.88888888888891
eth,eth:m15:1775851200,"Ethereum Up or Down - April 10, 4:00PM-4:15PM ET",m15,UP,2026-04-10T20:06:43.390000+00:00,0.0639099579703286,0.0483762876303228,66.0,eth|m15|Up,1448,2026-04-10 20:06:43.390,0.66,7.82,11.848484848484848,1527.0,2026-04-10 20:07:07.411,0.55,stop_loss,True,True,-1.3033333333333337,-16.66666666666667
eth,eth:m15:1775851200,"Ethereum Up or Down - April 10, 4:00PM-4:15PM ET",m15,DOWN,2026-04-10T20:07:49.888000+00:00,0.0665728728857565,0.0639099579703286,74.0,eth|m15|Down,1698,2026-04-10 20:07:49.888,0.74,6.225,8.412162162162161,1745.0,2026-04-10 20:08:04.632,0.64,stop_loss,True,False,-0.8412162162162167,-13.513513513513523
eth,eth:m15:1775852100,"Ethereum Up or Down - April 10, 4:15PM-4:30PM ET",m15,UP,2026-04-10T20:20:00.037000+00:00,0.0554633631208568,0.0678871564599175,66.0,eth|m15|Up,828,2026-04-10 20:20:00.037,0.66,7.82,11.848484848484848,911.0,2026-04-10 20:20:28.033,0.55,stop_loss,False,False,-1.3033333333333337,-16.66666666666667
eth,eth:m15:1775852100,"Ethereum Up or Down - April 10, 4:15PM-4:30PM ET",m15,DOWN,2026-04-10T20:23:02.386000+00:00,0.0736553462244915,0.0563507769307898,73.0,eth|m15|Down,1237,2026-04-10 20:23:02.386,0.73,6.225,8.527397260273972,,2026-04-10 20:29:56.454,,settlement,False,True,2.302397260273972,36.986301369863014
eth,eth:m15:1775853000,"Ethereum Up or Down - April 10, 4:30PM-4:45PM ET",m15,DOWN,2026-04-10T20:33:58.247000+00:00,0.0745788293787446,0.0213082369653527,68.0,eth|m15|Down,1068,2026-04-10 20:33:58.247,0.68,6.225,9.15441176470588,1303.0,2026-04-10 20:35:08.662,0.57,stop_loss,False,True,-1.0069852941176478,-16.176470588235308
eth,eth:m15:1775855700,"Ethereum Up or Down - April 10, 5:15PM-5:30PM ET",m15,UP,2026-04-10T21:22:02.140000+00:00,0.0609908113113623,0.0356150722986048,69.0,eth|m15|Up,744,2026-04-10 21:22:02.140,0.69,7.82,11.333333333333334,773.0,2026-04-10 21:22:06.183,0.59,stop_loss,True,True,-1.1333333333333337,-14.492753623188412
eth,eth:m15:1775856600,"Ethereum Up or Down - April 10, 5:30PM-5:45PM ET",m15,UP,2026-04-10T21:38:30.134000+00:00,0.0591821296667079,-0.0364882303208164,68.0,eth|m15|Up,894,2026-04-10 21:38:30.134,0.68,7.82,11.5,910.0,2026-04-10 21:38:33.832,0.57,stop_loss,True,True,-1.2650000000000006,-16.1764705882353
eth,eth:m15:1775857500,"Ethereum Up or Down - April 10, 5:45PM-6:00PM ET",m15,UP,2026-04-10T21:50:20.291000+00:00,0.0631242970753721,0.0377856707845598,71.0,eth|m15|Up,1151,2026-04-10 21:50:20.291,0.71,7.82,11.014084507042254,,2026-04-10 21:59:59.912,,settlement,True,True,3.1940845070422537,40.845070422535215
eth,eth:m5:1775329800,"Ethereum Up or Down - April 4, 3:10PM-3:15PM ET",m5,UP,2026-04-04T19:10:58.395000+00:00,0.0944227621805495,0.1176652882557593,65.0,eth|m5|Up,176,2026-04-04 19:10:58.395,0.65,6.27,9.646153846153846,303.0,2026-04-04 19:11:29.369,0.79,take_profit,True,True,1.3504615384615386,21.538461538461544
eth,eth:m5:1775331000,"Ethereum Up or Down - April 4, 3:30PM-3:35PM ET",m5,UP,2026-04-04T19:30:59.164000+00:00,0.0468925242681021,0.0270719727733495,50.0,eth|m5|Up,162,2026-04-04 19:30:59.164,0.5,6.27,12.54,390.0,2026-04-04 19:31:59.253,0.35,time_exit,False,False,-1.8810000000000002,-30.000000000000004
eth,eth:m5:1775331600,"Ethereum Up or Down - April 4, 3:40PM-3:45PM ET",m5,UP,2026-04-04T19:41:00.905000+00:00,0.0290163458748384,0.0198278363478242,61.0,eth|m5|Up,124,2026-04-04 19:41:00.905,0.61,6.27,10.278688524590164,350.0,2026-04-04 19:42:00.958,0.06,time_exit,False,False,-5.65327868852459,-90.1639344262295
eth,eth:m5:1775331900,"Ethereum Up or Down - April 4, 3:45PM-3:50PM ET",m5,UP,2026-04-04T19:47:54.493000+00:00,0.0382533241654462,0.036800666285736,56.00000000000001,eth|m5|Up,422,2026-04-04 19:47:54.493,0.56,6.27,11.19642857142857,500.0,2026-04-04 19:48:32.432,0.68,take_profit,False,False,1.343571428571428,21.428571428571423
eth,eth:m5:1775332800,"Ethereum Up or Down - April 4, 4:00PM-4:05PM ET",m5,DOWN,2026-04-04T20:02:49.726000+00:00,0.0852419952438947,0.0891166313913404,69.0,eth|m5|Down,389,2026-04-04 20:02:49.726,0.69,6.28,9.10144927536232,391.0,2026-04-04 20:02:49.827,0.83,take_profit,False,True,1.2742028985507252,20.289855072463777
eth,eth:m5:1775340300,"Ethereum Up or Down - April 4, 6:05PM-6:10PM ET",m5,DOWN,2026-04-04T22:06:50.694000+00:00,0.0396118043176945,-0.0198059021588363,67.0,eth|m5|Down,370,2026-04-04 22:06:50.694,0.67,6.28,9.373134328358208,494.0,2026-04-04 22:07:50.864,0.44,time_exit,False,True,-2.155820895522388,-34.32835820895522
eth,eth:m5:1775343300,"Ethereum Up or Down - April 4, 6:55PM-7:00PM ET",m5,DOWN,2026-04-04T22:56:12.553000+00:00,0.0294765733725127,0.0149798979434023,69.0,eth|m5|Down,143,2026-04-04 22:56:12.553,0.69,6.28,9.10144927536232,257.0,2026-04-04 22:57:16.354,0.62,time_exit,False,True,-0.6371014492753622,-10.144927536231881
eth,eth:m5:1775344500,"Ethereum Up or Down - April 4, 7:15PM-7:20PM ET",m5,DOWN,2026-04-04T23:17:27.411000+00:00,0.0358138454390478,0.0319420783645585,67.0,eth|m5|Down,298,2026-04-04 23:17:27.411,0.67,6.28,9.373134328358208,418.0,2026-04-04 23:18:09.956,0.79,take_profit,False,True,1.124776119402985,17.91044776119403
eth,eth:m5:1775350500,"Ethereum Up or Down - April 4, 8:55PM-9:00PM ET",m5,DOWN,2026-04-05T00:56:09.574000+00:00,0.0431529797374879,0.0344254108018229,57.99999999999999,eth|m5|Down,108,2026-04-05 00:56:09.574,0.58,6.28,10.827586206896553,114.0,2026-04-05 00:56:10.074,0.7,take_profit,False,True,1.2993103448275862,20.689655172413794
eth,eth:m5:1775351100,"Ethereum Up or Down - April 4, 9:05PM-9:10PM ET",m5,DOWN,2026-04-05T01:07:21.451000+00:00,0.0344631753690247,0.0354339690413906,62.0,eth|m5|Down,349,2026-04-05 01:07:21.451,0.62,6.28,10.129032258064516,402.0,2026-04-05 01:07:38.059,0.83,take_profit,False,True,2.1270967741935474,33.870967741935466
eth,eth:m5:1775352300,"Ethereum Up or Down - April 4, 9:25PM-9:30PM ET",m5,DOWN,2026-04-05T01:26:16.749000+00:00,0.027197140414948,0.0330250990752892,59.0,eth|m5|Down,164,2026-04-05 01:26:16.749,0.59,6.28,10.644067796610171,225.0,2026-04-05 01:26:36.516,0.72,take_profit,True,False,1.3837288135593226,22.033898305084755
eth,eth:m5:1775352600,"Ethereum Up or Down - April 4, 9:30PM-9:35PM ET",m5,DOWN,2026-04-05T01:32:32.373000+00:00,0.0305926228075339,0.0150535128100511,56.99999999999999,eth|m5|Down,302,2026-04-05 01:32:32.373,0.57,6.28,11.017543859649123,409.0,2026-04-05 01:33:01.781,0.69,take_profit,False,True,1.3221052631578942,21.05263157894736
eth,eth:m5:1775353800,"Ethereum Up or Down - April 4, 9:50PM-9:55PM ET",m5,DOWN,2026-04-05T01:52:24.158000+00:00,0.0301175556203191,0.0208879821237654,69.0,eth|m5|Down,339,2026-04-05 01:52:24.158,0.69,6.28,9.10144927536232,395.0,2026-04-05 01:52:55.558,0.81,take_profit,False,True,1.0921739130434798,17.39130434782611
eth,eth:m5:1775354400,"Ethereum Up or Down - April 4, 10:00PM-10:05PM ET",m5,DOWN,2026-04-05T02:01:07.981000+00:00,0.0291634465361072,0.017012010479394,49.0,eth|m5|Down,162,2026-04-05 02:01:07.981,0.49,6.28,12.816326530612246,202.0,2026-04-05 02:01:17.376,0.61,take_profit,False,True,1.5379591836734692,24.489795918367342
eth,eth:m5:1775354700,"Ethereum Up or Down - April 4, 10:05PM-10:10PM ET",m5,DOWN,2026-04-05T02:06:25.245000+00:00,0.0457171760403115,0.0603077641382913,67.0,eth|m5|Down,387,2026-04-05 02:06:25.245,0.67,6.28,9.373134328358208,469.0,2026-04-05 02:06:55.033,0.79,take_profit,False,True,1.124776119402985,17.91044776119403
eth,eth:m5:1775367300,"Ethereum Up or Down - April 5, 1:35AM-1:40AM ET",m5,DOWN,2026-04-05T05:37:05.541000+00:00,0.0647769335671112,0.0219170075979092,69.0,eth|m5|Down,414,2026-04-05 05:37:05.541,0.69,6.28,9.10144927536232,638.0,2026-04-05 05:38:05.759,0.61,time_exit,False,True,-0.7281159420289853,-11.594202898550723
eth,eth:m5:1775368500,"Ethereum Up or Down - April 5, 1:55AM-2:00AM ET",m5,DOWN,2026-04-05T05:56:13.488000+00:00,0.040499658436612,0.0170781692202551,69.0,eth|m5|Down,228,2026-04-05 05:56:13.488,0.69,6.28,9.10144927536232,343.0,2026-04-05 05:56:50.508,0.81,take_profit,False,True,1.0921739130434798,17.39130434782611
eth,eth:m5:1775369700,"Ethereum Up or Down - April 5, 2:15AM-2:20AM ET",m5,DOWN,2026-04-05T06:16:04.806000+00:00,0.086069524502764,-0.0368869390726131,61.0,eth|m5|Down,430,2026-04-05 06:16:04.806,0.61,6.28,10.295081967213115,483.0,2026-04-05 06:16:15.096,0.73,take_profit,False,True,1.235409836065573,19.67213114754097
eth,eth:m5:1775370300,"Ethereum Up or Down - April 5, 2:25AM-2:30AM ET",m5,DOWN,2026-04-05T06:26:02.950000+00:00,0.0403118762720443,0.0580097731719578,62.0,eth|m5|Down,245,2026-04-05 06:26:02.950,0.62,6.28,10.129032258064516,426.0,2026-04-05 06:27:02.977,0.28,time_exit,True,False,-3.4438709677419355,-54.83870967741935
eth,eth:m5:1775370900,"Ethereum Up or Down - April 5, 2:35AM-2:40AM ET",m5,DOWN,2026-04-05T06:37:22.486000+00:00,0.0274703712424429,-0.0377717604583618,69.0,eth|m5|Down,305,2026-04-05 06:37:22.486,0.69,6.28,9.10144927536232,392.0,2026-04-05 06:38:03.726,0.83,take_profit,True,False,1.2742028985507252,20.289855072463777
eth,eth:m5:1775371200,"Ethereum Up or Down - April 5, 2:40AM-2:45AM ET",m5,DOWN,2026-04-05T06:41:10.825000+00:00,0.0308970441827673,0.0235406050916376,69.0,eth|m5|Down,174,2026-04-05 06:41:10.825,0.69,6.28,9.10144927536232,266.0,2026-04-05 06:42:11.168,0.57,time_exit,True,False,-1.092173913043478,-17.391304347826082
eth,eth:m5:1775373900,"Ethereum Up or Down - April 5, 3:25AM-3:30AM ET",m5,DOWN,2026-04-05T07:26:30.920000+00:00,0.0343061579553552,-0.0401872136048389,69.0,eth|m5|Down,217,2026-04-05 07:26:30.920,0.69,6.28,9.10144927536232,308.0,2026-04-05 07:27:31.351,0.66,time_exit,False,True,-0.2730434782608686,-4.347826086956506
eth,eth:m5:1775379900,"Ethereum Up or Down - April 5, 5:05AM-5:10AM ET",m5,DOWN,2026-04-05T09:06:42.180000+00:00,0.0308661633358915,0.0450743972524139,65.0,eth|m5|Down,363,2026-04-05 09:06:42.180,0.65,6.28,9.661538461538461,400.0,2026-04-05 09:07:01.850,0.78,take_profit,False,True,1.2559999999999993,19.99999999999999
eth,eth:m5:1775380200,"Ethereum Up or Down - April 5, 5:10AM-5:15AM ET",m5,DOWN,2026-04-05T09:11:28.728000+00:00,0.0289210015489852,0.03627379855297,64.0,eth|m5|Down,186,2026-04-05 09:11:28.728,0.64,6.28,9.8125,334.0,2026-04-05 09:12:29.015,0.58,time_exit,True,False,-0.588750000000001,-9.375000000000016
eth,eth:m5:1775380500,"Ethereum Up or Down - April 5, 5:15AM-5:20AM ET",m5,UP,2026-04-05T09:16:02.277000+00:00,0.0294104671852779,0.0220578503889556,65.0,eth|m5|Up,215,2026-04-05 09:16:02.277,0.65,6.27,9.646153846153846,335.0,2026-04-05 09:17:04.115,0.5,time_exit,True,True,-1.4469230769230768,-23.076923076923077
eth,eth:m5:1775388600,"Ethereum Up or Down - April 5, 7:30AM-7:35AM ET",m5,DOWN,2026-04-05T11:34:08.146000+00:00,0.0337779953494091,0.0342675315138928,65.0,eth|m5|Down,652,2026-04-05 11:34:08.146,0.65,6.28,9.661538461538461,911.0,2026-04-05 11:34:55.551,0.8,take_profit,False,True,1.4492307692307689,23.07692307692307
eth,eth:m5:1775389500,"Ethereum Up or Down - April 5, 7:45AM-7:50AM ET",m5,DOWN,2026-04-05T11:47:20.938000+00:00,0.0303720577069043,0.0254733387219233,64.0,eth|m5|Down,265,2026-04-05 11:47:20.938,0.64,6.28,9.8125,446.0,2026-04-05 11:48:21.090,0.46,time_exit,True,False,-1.7662500000000003,-28.125000000000007
eth,eth:m5:1775392500,"Ethereum Up or Down - April 5, 8:35AM-8:40AM ET",m5,DOWN,2026-04-05T12:36:08.971000+00:00,0.1147715405985817,-0.0625578783520177,66.0,eth|m5|Down,533,2026-04-05 12:36:08.971,0.66,6.28,9.515151515151516,755.0,2026-04-05 12:37:09.459,0.72,time_exit,False,True,0.5709090909090904,9.090909090909081
eth,eth:m5:1775392800,"Ethereum Up or Down - April 5, 8:40AM-8:45AM ET",m5,DOWN,2026-04-05T12:42:32.908000+00:00,0.1411948241729439,0.2014247841348325,67.0,eth|m5|Down,510,2026-04-05 12:42:32.908,0.67,6.28,9.373134328358208,827.0,2026-04-05 12:43:33.091,0.58,time_exit,False,True,-0.8435820895522399,-13.432835820895539
eth,eth:m5:1775393100,"Ethereum Up or Down - April 5, 8:45AM-8:50AM ET",m5,DOWN,2026-04-05T12:46:04.248000+00:00,0.0330859295911701,-0.0217280731643396,53.0,eth|m5|Down,203,2026-04-05 12:46:04.248,0.53,6.28,11.849056603773585,321.0,2026-04-05 12:46:55.008,0.66,take_profit,True,False,1.5403773584905665,24.52830188679246
eth,eth:m5:1775394600,"Ethereum Up or Down - April 5, 9:10AM-9:15AM ET",m5,DOWN,2026-04-05T13:12:08.775000+00:00,0.0270930622056685,0.0310338712537625,66.0,eth|m5|Down,240,2026-04-05 13:12:08.775,0.66,6.28,9.515151515151516,322.0,2026-04-05 13:12:52.506,0.78,take_profit,False,True,1.1418181818181825,18.181818181818194
eth,eth:m5:1775394900,"Ethereum Up or Down - April 5, 9:15AM-9:20AM ET",m5,UP,2026-04-05T13:18:05.797000+00:00,0.0266448244895524,-0.0286185151924805,63.0,eth|m5|Up,617,2026-04-05 13:18:05.797,0.63,6.27,9.95238095238095,688.0,2026-04-05 13:18:43.856,0.77,take_profit,True,True,1.3933333333333326,22.222222222222214
eth,eth:m5:1775396100,"Ethereum Up or Down - April 5, 9:35AM-9:40AM ET",m5,DOWN,2026-04-05T13:37:04.331000+00:00,0.0300457088817036,0.0325084719047922,64.0,eth|m5|Down,278,2026-04-05 13:37:04.331,0.64,6.28,9.8125,338.0,2026-04-05 13:37:32.128,0.78,take_profit,False,True,1.3737500000000002,21.875000000000004
eth,eth:m5:1775396400,"Ethereum Up or Down - April 5, 9:40AM-9:45AM ET",m5,DOWN,2026-04-05T13:42:54.122000+00:00,0.0290623214391227,-0.026106831123282,69.0,eth|m5|Down,383,2026-04-05 13:42:54.122,0.69,6.28,9.10144927536232,540.0,2026-04-05 13:43:55.331,0.69,time_exit,False,True,0.0,0.0
eth,eth:m5:1775401500,"Ethereum Up or Down - April 5, 11:05AM-11:10AM ET",m5,DOWN,2026-04-05T15:08:36.189000+00:00,0.0333604796059458,-0.1221582267923903,69.0,eth|m5|Down,801,2026-04-05 15:08:36.189,0.69,6.28,9.10144927536232,1038.0,2026-04-05 15:09:20.831,0.82,take_profit,False,True,1.183188405797102,18.840579710144937
eth,eth:m5:1775401800,"Ethereum Up or Down - April 5, 11:10AM-11:15AM ET",m5,UP,2026-04-05T15:10:57.069000+00:00,0.0294257563645525,-0.0568897956381149,62.0,eth|m5|Up,326,2026-04-05 15:10:57.069,0.62,6.27,10.11290322580645,357.0,2026-04-05 15:11:06.254,0.75,take_profit,True,True,1.3146774193548385,20.96774193548387
eth,eth:m5:1775402100,"Ethereum Up or Down - April 5, 11:15AM-11:20AM ET",m5,UP,2026-04-05T15:17:36.708000+00:00,0.0264596930675697,-0.0632092667725036,65.0,eth|m5|Up,520,2026-04-05 15:17:36.708,0.65,6.27,9.646153846153846,697.0,2026-04-05 15:18:37.855,0.33,time_exit,True,True,-3.0867692307692303,-49.230769230769226
eth,eth:m5:1775402400,"Ethereum Up or Down - April 5, 11:20AM-11:25AM ET",m5,UP,2026-04-05T15:21:41.578000+00:00,0.0264477705508954,0.0151829793903272,65.0,eth|m5|Up,268,2026-04-05 15:21:41.578,0.65,6.27,9.646153846153846,473.0,2026-04-05 15:22:42.547,0.24,time_exit,False,False,-3.9549230769230768,-63.07692307692307
eth,eth:m5:1775403000,"Ethereum Up or Down - April 5, 11:30AM-11:35AM ET",m5,UP,2026-04-05T15:31:20.942000+00:00,0.0582337697630988,-0.1722749022157817,61.0,eth|m5|Up,769,2026-04-05 15:31:20.942,0.61,6.27,10.278688524590164,1230.0,2026-04-05 15:32:21.247,0.71,time_exit,False,False,1.027868852459017,16.39344262295083
eth,eth:m5:1775403000,"Ethereum Up or Down - April 5, 11:30AM-11:35AM ET",m5,DOWN,2026-04-05T15:32:53.511000+00:00,0.0446458901517025,0.10530606698825,49.0,eth|m5|Down,1448,2026-04-05 15:32:53.511,0.49,6.28,12.816326530612246,1622.0,2026-04-05 15:33:13.123,0.62,take_profit,False,True,1.6661224489795918,26.530612244897956
eth,eth:m5:1775404200,"Ethereum Up or Down - April 5, 11:50AM-11:55AM ET",m5,UP,2026-04-05T15:51:43.394000+00:00,0.0471668295624085,-0.0155601911958572,63.0,eth|m5|Up,508,2026-04-05 15:51:43.394,0.63,6.27,9.95238095238095,785.0,2026-04-05 15:52:43.537,0.59,time_exit,True,True,-0.39809523809523917,-6.349206349206367
eth,eth:m5:1775404500,"Ethereum Up or Down - April 5, 11:55AM-12:00PM ET",m5,DOWN,2026-04-05T15:57:04.706000+00:00,0.035982592205404,-0.0457076171257715,66.0,eth|m5|Down,479,2026-04-05 15:57:04.706,0.66,6.28,9.515151515151516,501.0,2026-04-05 15:57:06.605,0.78,take_profit,False,True,1.1418181818181825,18.181818181818194
eth,eth:m5:1775405100,"Ethereum Up or Down - April 5, 12:05PM-12:10PM ET",m5,UP,2026-04-05T16:07:05.855000+00:00,0.0277292650771656,0.0228644817302964,61.0,eth|m5|Up,395,2026-04-05 16:07:05.855,0.61,6.27,10.278688524590164,404.0,2026-04-05 16:07:07.372,0.73,take_profit,False,False,1.23344262295082,19.672131147540988
eth,eth:m5:1775405100,"Ethereum Up or Down - April 5, 12:05PM-12:10PM ET",m5,DOWN,2026-04-05T16:07:30.933000+00:00,0.0379453101056241,0.0656745751827898,68.0,eth|m5|Down,549,2026-04-05 16:07:30.933,0.68,6.28,9.235294117647058,807.0,2026-04-05 16:08:31.439,0.44,time_exit,False,True,-2.2164705882352944,-35.294117647058826
eth,eth:m5:1775405400,"Ethereum Up or Down - April 5, 12:10PM-12:15PM ET",m5,UP,2026-04-05T16:11:00.424000+00:00,0.0296782103552468,0.0175150093899752,65.0,eth|m5|Up,187,2026-04-05 16:11:00.424,0.65,6.27,9.646153846153846,426.0,2026-04-05 16:12:00.460,0.29,time_exit,True,True,-3.4726153846153847,-55.38461538461539
eth,eth:m5:1775405700,"Ethereum Up or Down - April 5, 12:15PM-12:20PM ET",m5,UP,2026-04-05T16:17:27.015000+00:00,0.0369732527705721,0.0155676853770864,64.0,eth|m5|Up,385,2026-04-05 16:17:27.015,0.64,6.27,9.796875,481.0,2026-04-05 16:17:56.998,0.76,take_profit,True,True,1.1756250000000001,18.750000000000004
eth,eth:m5:1775407800,"Ethereum Up or Down - April 5, 12:50PM-12:55PM ET",m5,DOWN,2026-04-05T16:52:38.151000+00:00,0.0272719746370609,-0.0331159692021406,60.0,eth|m5|Down,514,2026-04-05 16:52:38.151,0.6,6.28,10.466666666666667,767.0,2026-04-05 16:53:38.351,0.27,time_exit,False,True,-3.454,-55.00000000000001
eth,eth:m5:1775408400,"Ethereum Up or Down - April 5, 1:00PM-1:05PM ET",m5,DOWN,2026-04-05T17:01:25.851000+00:00,0.0370343298491932,0.028750335014504,62.0,eth|m5|Down,388,2026-04-05 17:01:25.851,0.62,6.28,10.129032258064516,427.0,2026-04-05 17:01:38.712,0.74,take_profit,False,True,1.2154838709677414,19.35483870967741
eth,eth:m5:1775409000,"Ethereum Up or Down - April 5, 1:10PM-1:15PM ET",m5,UP,2026-04-05T17:10:59.264000+00:00,0.0291939549050886,-0.0184895047731948,64.0,eth|m5|Up,193,2026-04-05 17:10:59.264,0.64,6.27,9.796875,213.0,2026-04-05 17:11:01.172,0.76,take_profit,True,True,1.1756250000000001,18.750000000000004
eth,eth:m5:1775409600,"Ethereum Up or Down - April 5, 1:20PM-1:25PM ET",m5,DOWN,2026-04-05T17:21:28.236000+00:00,0.0306857535300846,0.0155864144914768,69.0,eth|m5|Down,200,2026-04-05 17:21:28.236,0.69,6.28,9.10144927536232,300.0,2026-04-05 17:22:10.844,0.82,take_profit,True,False,1.183188405797102,18.840579710144937
eth,eth:m5:1775410800,"Ethereum Up or Down - April 5, 1:40PM-1:45PM ET",m5,UP,2026-04-05T17:41:32.650000+00:00,0.0286794800750598,0.0286794800750598,64.0,eth|m5|Up,666,2026-04-05 17:41:32.650,0.64,6.27,9.796875,703.0,2026-04-05 17:41:50.744,0.8,take_profit,True,True,1.5675000000000008,25.000000000000018
eth,eth:m5:1775411100,"Ethereum Up or Down - April 5, 1:45PM-1:50PM ET",m5,DOWN,2026-04-05T17:48:26.698000+00:00,0.0300870096909234,0.0436746914868144,69.0,eth|m5|Down,1194,2026-04-05 17:48:26.698,0.69,6.28,9.10144927536232,1216.0,2026-04-05 17:48:34.870,0.81,take_profit,True,False,1.0921739130434798,17.39130434782611
eth,eth:m5:1775411700,"Ethereum Up or Down - April 5, 1:55PM-2:00PM ET",m5,UP,2026-04-05T17:57:12.922000+00:00,0.0397807209042695,0.0344442827341986,64.0,eth|m5|Up,765,2026-04-05 17:57:12.922,0.64,6.27,9.796875,878.0,2026-04-05 17:58:13.940,0.65,time_exit,True,True,0.0979687500000006,1.5625000000000098
eth,eth:m5:1775413500,"Ethereum Up or Down - April 5, 2:25PM-2:30PM ET",m5,DOWN,2026-04-05T18:26:06.979000+00:00,0.0335169479175801,0.0208873733399537,69.0,eth|m5|Down,501,2026-04-05 18:26:06.979,0.69,6.28,9.10144927536232,784.0,2026-04-05 18:27:07.385,0.65,time_exit,False,True,-0.3640579710144918,-5.797101449275346
eth,eth:m5:1775414100,"Ethereum Up or Down - April 5, 2:35PM-2:40PM ET",m5,UP,2026-04-05T18:36:00.523000+00:00,0.0402422291285825,0.0203635376313362,59.0,eth|m5|Up,605,2026-04-05 18:36:00.523,0.59,6.27,10.627118644067796,717.0,2026-04-05 18:37:01.285,0.33,time_exit,True,True,-2.763050847457627,-44.06779661016949
eth,eth:m5:1775414400,"Ethereum Up or Down - April 5, 2:40PM-2:45PM ET",m5,UP,2026-04-05T18:42:32.962000+00:00,0.0300300300300247,0.0668410345829533,56.99999999999999,eth|m5|Up,797,2026-04-05 18:42:32.962,0.57,6.27,11.0,871.0,2026-04-05 18:42:42.549,0.69,take_profit,True,True,1.3200000000000003,21.052631578947377
eth,eth:m5:1775414700,"Ethereum Up or Down - April 5, 2:45PM-2:50PM ET",m5,UP,2026-04-05T18:46:18.083000+00:00,0.0392267012765601,0.0523022683687468,60.0,eth|m5|Up,631,2026-04-05 18:46:18.083,0.6,6.27,10.45,726.0,2026-04-05 18:46:38.815,0.72,take_profit,False,False,1.2539999999999996,19.999999999999996
eth,eth:m5:1775415000,"Ethereum Up or Down - April 5, 2:50PM-2:55PM ET",m5,DOWN,2026-04-05T18:52:23.100000+00:00,0.0314853835161731,-0.0155004965002864,69.0,eth|m5|Down,837,2026-04-05 18:52:23.100,0.69,6.28,9.10144927536232,914.0,2026-04-05 18:52:42.952,0.81,take_profit,False,True,1.0921739130434798,17.39130434782611
eth,eth:m5:1775416500,"Ethereum Up or Down - April 5, 3:15PM-3:20PM ET",m5,UP,2026-04-05T19:16:07.118000+00:00,0.0324736696700807,0.0513762535078807,64.0,eth|m5|Up,443,2026-04-05 19:16:07.118,0.64,6.27,9.796875,466.0,2026-04-05 19:16:20.246,0.76,take_profit,True,True,1.1756250000000001,18.750000000000004
eth,eth:m5:1775418000,"Ethereum Up or Down - April 5, 3:40PM-3:45PM ET",m5,DOWN,2026-04-05T19:42:44.513000+00:00,0.0359144846999335,0.048533087432357,66.0,eth|m5|Down,364,2026-04-05 19:42:44.513,0.66,6.28,9.515151515151516,385.0,2026-04-05 19:42:50.512,0.78,take_profit,False,True,1.1418181818181825,18.181818181818194
eth,eth:m5:1775421600,"Ethereum Up or Down - April 5, 4:40PM-4:45PM ET",m5,DOWN,2026-04-05T20:41:30.528000+00:00,0.0279836343986378,-0.020264011116261,69.0,eth|m5|Down,234,2026-04-05 20:41:30.528,0.69,6.28,9.10144927536232,311.0,2026-04-05 20:42:30.592,0.8,time_exit,False,True,1.0011594202898566,15.94202898550727
eth,eth:m5:1775549100,"Ethereum Up or Down - April 7, 4:05AM-4:10AM ET",m5,DOWN,2026-04-07T08:06:05.761000+00:00,0.052700046527975,0.0151928062062475,69.0,eth|m5|Down,216,2026-04-07 08:06:05.761,0.69,6.28,9.10144927536232,461.0,2026-04-07 08:07:09.507,0.62,time_exit,True,False,-0.6371014492753622,-10.144927536231881
eth,eth:m5:1775549400,"Ethereum Up or Down - April 7, 4:10AM-4:15AM ET",m5,UP,2026-04-07T08:11:06.551000+00:00,0.0370196346446922,0.0308496955372399,63.0,eth|m5|Up,217,2026-04-07 08:11:06.551,0.63,6.27,9.95238095238095,244.0,2026-04-07 08:11:14.788,0.75,take_profit,True,True,1.194285714285714,19.047619047619044
eth,eth:m5:1775549700,"Ethereum Up or Down - April 7, 4:15AM-4:20AM ET",m5,UP,2026-04-07T08:16:15.561000+00:00,0.0308319893748264,0.0336780191632689,61.0,eth|m5|Up,239,2026-04-07 08:16:15.561,0.61,6.27,10.278688524590164,442.0,2026-04-07 08:17:15.568,0.54,time_exit,True,True,-0.7195081967213106,-11.47540983606556
eth,eth:m5:1775550000,"Ethereum Up or Down - April 7, 4:20AM-4:25AM ET",m5,UP,2026-04-07T08:21:08.475000+00:00,0.0421705014972836,0.0540161479852864,62.0,eth|m5|Up,293,2026-04-07 08:21:08.475,0.62,6.27,10.11290322580645,474.0,2026-04-07 08:22:08.523,0.51,time_exit,True,True,-1.1124193548387096,-17.741935483870968
eth,eth:m5:1775550900,"Ethereum Up or Down - April 7, 4:35AM-4:40AM ET",m5,DOWN,2026-04-07T08:36:05.414000+00:00,0.0274712262587212,0.060626154501975,63.0,eth|m5|Down,202,2026-04-07 08:36:05.414,0.63,6.28,9.968253968253968,340.0,2026-04-07 08:37:05.448,0.61,time_exit,True,False,-0.19936507936508008,-3.1746031746031855
eth,eth:m5:1775551200,"Ethereum Up or Down - April 7, 4:40AM-4:45AM ET",m5,UP,2026-04-07T08:42:55.390000+00:00,0.0284117814186906,0.0250970735865233,64.0,eth|m5|Up,315,2026-04-07 08:42:55.390,0.64,6.27,9.796875,365.0,2026-04-07 08:43:23.842,0.77,take_profit,True,True,1.2735937500000007,20.312500000000014
eth,eth:m5:1775551500,"Ethereum Up or Down - April 7, 4:45AM-4:50AM ET",m5,UP,2026-04-07T08:45:59.406000+00:00,0.0397082389868795,0.0425445417716535,62.0,eth|m5|Up,189,2026-04-07 08:45:59.406,0.62,6.27,10.11290322580645,395.0,2026-04-07 08:46:59.583,0.2,time_exit,False,False,-4.247419354838709,-67.74193548387096
eth,eth:m5:1775551500,"Ethereum Up or Down - April 7, 4:45AM-4:50AM ET",m5,DOWN,2026-04-07T08:46:35.301000+00:00,0.0387628047252666,0.0761074580581571,68.0,eth|m5|Down,311,2026-04-07 08:46:35.301,0.68,6.28,9.235294117647058,345.0,2026-04-07 08:46:45.950,0.8,take_profit,False,True,1.1082352941176463,17.6470588235294
eth,eth:m5:1775552400,"Ethereum Up or Down - April 7, 5:00AM-5:05AM ET",m5,UP,2026-04-07T09:02:17.327000+00:00,0.032153732670076,0.0534319381135267,63.0,eth|m5|Up,446,2026-04-07 09:02:17.327,0.63,6.27,9.95238095238095,490.0,2026-04-07 09:02:29.887,0.75,take_profit,True,True,1.194285714285714,19.047619047619044
eth,eth:m5:1775552700,"Ethereum Up or Down - April 7, 5:05AM-5:10AM ET",m5,UP,2026-04-07T09:06:37.647000+00:00,0.0316375003541545,0.0193602614107423,64.0,eth|m5|Up,326,2026-04-07 09:06:37.647,0.64,6.27,9.796875,467.0,2026-04-07 09:07:37.679,0.56,time_exit,True,True,-0.7837499999999986,-12.499999999999979
eth,eth:m5:1775553000,"Ethereum Up or Down - April 7, 5:10AM-5:15AM ET",m5,UP,2026-04-07T09:12:08.976000+00:00,0.0544268756158144,0.0929010463097648,63.0,eth|m5|Up,473,2026-04-07 09:12:08.976,0.63,6.27,9.95238095238095,714.0,2026-04-07 09:13:09.018,0.13,time_exit,False,False,-4.976190476190476,-79.36507936507937
eth,eth:m5:1775553000,"Ethereum Up or Down - April 7, 5:10AM-5:15AM ET",m5,DOWN,2026-04-07T09:11:50.870000+00:00,0.0455121287477246,0.0398817623046923,64.0,eth|m5|Down,369,2026-04-07 09:11:50.870,0.64,6.28,9.8125,631.0,2026-04-07 09:12:42.737,0.76,take_profit,False,True,1.1775000000000002,18.750000000000004
eth,eth:m5:1775553300,"Ethereum Up or Down - April 7, 5:15AM-5:20AM ET",m5,UP,2026-04-07T09:16:25.763000+00:00,0.0296246138219821,0.0404399490268395,57.99999999999999,eth|m5|Up,230,2026-04-07 09:16:25.763,0.58,6.27,10.810344827586206,421.0,2026-04-07 09:17:27.396,0.54,time_exit,True,True,-0.4324137931034473,-6.8965517241379155
eth,eth:m5:1775553300,"Ethereum Up or Down - April 7, 5:15AM-5:20AM ET",m5,DOWN,2026-04-07T09:16:20.751000+00:00,0.0404399490268609,0.0300948457874209,63.0,eth|m5|Down,200,2026-04-07 09:16:20.751,0.63,6.28,9.968253968253968,405.0,2026-04-07 09:17:20.810,0.49,time_exit,True,False,-1.395555555555556,-22.22222222222223
eth,eth:m5:1775553600,"Ethereum Up or Down - April 7, 5:20AM-5:25AM ET",m5,DOWN,2026-04-07T09:21:11.921000+00:00,0.0456047805093536,0.0446644757565841,69.0,eth|m5|Down,177,2026-04-07 09:21:11.921,0.69,6.28,9.10144927536232,231.0,2026-04-07 09:21:44.147,0.81,take_profit,False,True,1.0921739130434798,17.39130434782611
eth,eth:m5:1775553900,"Ethereum Up or Down - April 7, 5:25AM-5:30AM ET",m5,UP,2026-04-07T09:27:00.475000+00:00,0.0268196169029536,0.0465814398840751,62.0,eth|m5|Up,333,2026-04-07 09:27:00.475,0.62,6.27,10.11290322580645,419.0,2026-04-07 09:27:32.290,0.74,take_profit,True,True,1.2135483870967736,19.35483870967741
eth,eth:m5:1775553900,"Ethereum Up or Down - April 7, 5:25AM-5:30AM ET",m5,DOWN,2026-04-07T09:28:13.937000+00:00,0.0277606560925298,0.0639906648912453,62.0,eth|m5|Down,625,2026-04-07 09:28:13.937,0.62,6.28,10.129032258064516,943.0,2026-04-07 09:29:12.692,0.74,take_profit,True,False,1.2154838709677414,19.35483870967741
eth,eth:m5:1775554500,"Ethereum Up or Down - April 7, 5:35AM-5:40AM ET",m5,DOWN,2026-04-07T09:36:12.253000+00:00,0.0314636711999433,0.0253587797730841,67.0,eth|m5|Down,154,2026-04-07 09:36:12.253,0.67,6.28,9.373134328358208,318.0,2026-04-07 09:37:12.335,0.73,time_exit,True,False,0.5623880597014921,8.955223880597007
eth,eth:m5:1775554800,"Ethereum Up or Down - April 7, 5:40AM-5:45AM ET",m5,UP,2026-04-07T09:41:19.483000+00:00,0.0295837148693223,0.023948721560882,62.0,eth|m5|Up,171,2026-04-07 09:41:19.483,0.62,6.27,10.11290322580645,235.0,2026-04-07 09:41:47.590,0.74,take_profit,False,False,1.2135483870967736,19.35483870967741
eth,eth:m5:1775555100,"Ethereum Up or Down - April 7, 5:45AM-5:50AM ET",m5,DOWN,2026-04-07T09:48:27.698000+00:00,0.0291278100115264,-0.0512085692137695,67.0,eth|m5|Down,521,2026-04-07 09:48:27.698,0.67,6.28,9.373134328358208,691.0,2026-04-07 09:49:28.437,0.29,time_exit,False,True,-3.56179104477612,-56.71641791044777
eth,eth:m5:1775556300,"Ethereum Up or Down - April 7, 6:05AM-6:10AM ET",m5,UP,2026-04-07T10:05:57.088000+00:00,0.0357771647538325,0.0654345513261028,65.0,eth|m5|Up,197,2026-04-07 10:05:57.088,0.65,6.27,9.646153846153846,376.0,2026-04-07 10:06:57.171,0.31,time_exit,False,False,-3.2796923076923075,-52.307692307692314
eth,eth:m5:1775556300,"Ethereum Up or Down - April 7, 6:05AM-6:10AM ET",m5,DOWN,2026-04-07T10:06:30.145000+00:00,0.0305988909078969,0.0550780036342101,64.0,eth|m5|Down,293,2026-04-07 10:06:30.145,0.64,6.28,9.8125,410.0,2026-04-07 10:07:30.682,0.59,time_exit,False,True,-0.49062500000000053,-7.812500000000008
eth,eth:m5:1775557800,"Ethereum Up or Down - April 7, 6:30AM-6:35AM ET",m5,UP,2026-04-07T10:31:06.876000+00:00,0.037977688108245,-0.0541182055542308,61.0,eth|m5|Up,218,2026-04-07 10:31:06.876,0.61,6.27,10.278688524590164,355.0,2026-04-07 10:32:07.658,0.64,time_exit,False,False,0.30836065573770544,4.918032786885255
eth,eth:m5:1775557800,"Ethereum Up or Down - April 7, 6:30AM-6:35AM ET",m5,DOWN,2026-04-07T10:33:50.955000+00:00,0.057915974365051,0.0821267505340621,63.0,eth|m5|Down,645,2026-04-07 10:33:50.955,0.63,6.28,9.968253968253968,696.0,2026-04-07 10:34:07.219,0.76,take_profit,False,True,1.295873015873016,20.634920634920636
eth,eth:m5:1775558100,"Ethereum Up or Down - April 7, 6:35AM-6:40AM ET",m5,DOWN,2026-04-07T10:36:38.521000+00:00,0.0508212138195782,0.0897683122607305,56.99999999999999,eth|m5|Down,205,2026-04-07 10:36:38.521,0.57,6.28,11.017543859649123,268.0,2026-04-07 10:36:59.280,0.69,take_profit,False,True,1.3221052631578942,21.05263157894736
eth,eth:m5:1775558400,"Ethereum Up or Down - April 7, 6:40AM-6:45AM ET",m5,UP,2026-04-07T10:43:22.943000+00:00,0.0271367836722335,0.0161868534185275,65.0,eth|m5|Up,615,2026-04-07 10:43:22.943,0.65,6.27,9.646153846153846,649.0,2026-04-07 10:43:39.547,0.77,take_profit,False,False,1.1575384615384614,18.46153846153846
eth,eth:m5:1775558400,"Ethereum Up or Down - April 7, 6:40AM-6:45AM ET",m5,DOWN,2026-04-07T10:41:11.767000+00:00,0.0323737068370334,0.0680800011425936,54.0,eth|m5|Down,182,2026-04-07 10:41:11.767,0.54,6.28,11.62962962962963,216.0,2026-04-07 10:41:18.977,0.67,take_profit,False,True,1.5118518518518522,24.07407407407408
eth,eth:m5:1775558700,"Ethereum Up or Down - April 7, 6:45AM-6:50AM ET",m5,DOWN,2026-04-07T10:46:02.878000+00:00,0.057167085097983,0.078128349633908,60.0,eth|m5|Down,195,2026-04-07 10:46:02.878,0.6,6.28,10.466666666666667,217.0,2026-04-07 10:46:04.592,0.73,take_profit,False,True,1.360666666666666,21.666666666666657
eth,eth:m5:1775559000,"Ethereum Up or Down - April 7, 6:50AM-6:55AM ET",m5,DOWN,2026-04-07T10:51:27.177000+00:00,0.0448191024736356,-0.1244445292087105,59.0,eth|m5|Down,309,2026-04-07 10:51:27.177,0.59,6.28,10.644067796610171,451.0,2026-04-07 10:52:11.387,0.71,take_profit,False,True,1.2772881355932206,20.33898305084746
eth,eth:m5:1775559300,"Ethereum Up or Down - April 7, 6:55AM-7:00AM ET",m5,UP,2026-04-07T10:55:58.862000+00:00,0.028208070376752,0.0568942436412342,62.0,eth|m5|Up,181,2026-04-07 10:55:58.862,0.62,6.27,10.11290322580645,417.0,2026-04-07 10:56:59.105,0.48,time_exit,False,False,-1.4158064516129034,-22.580645161290327
eth,eth:m5:1775559300,"Ethereum Up or Down - April 7, 6:55AM-7:00AM ET",m5,DOWN,2026-04-07T10:56:09.009000+00:00,0.0286861732644821,0.0387263339070541,52.0,eth|m5|Down,236,2026-04-07 10:56:09.009,0.52,6.28,12.076923076923077,424.0,2026-04-07 10:56:59.457,0.66,take_profit,False,True,1.6907692307692308,26.923076923076923
eth,eth:m5:1775559600,"Ethereum Up or Down - April 7, 7:00AM-7:05AM ET",m5,DOWN,2026-04-07T11:01:02.825000+00:00,0.1033829188444235,0.0540845825436079,68.0,eth|m5|Down,221,2026-04-07 11:01:02.825,0.68,6.28,9.235294117647058,278.0,2026-04-07 11:01:13.341,0.8,take_profit,False,True,1.1082352941176463,17.6470588235294
eth,eth:m5:1775560200,"Ethereum Up or Down - April 7, 7:10AM-7:15AM ET",m5,DOWN,2026-04-07T11:12:26.472000+00:00,0.0382809920518959,-0.0425876036577644,65.0,eth|m5|Down,540,2026-04-07 11:12:26.472,0.65,6.28,9.661538461538461,712.0,2026-04-07 11:13:06.640,0.78,take_profit,False,True,1.2559999999999993,19.99999999999999
eth,eth:m5:1775560500,"Ethereum Up or Down - April 7, 7:15AM-7:20AM ET",m5,UP,2026-04-07T11:17:04.929000+00:00,0.0359007989124451,-0.0756310163755475,64.0,eth|m5|Up,518,2026-04-07 11:17:04.929,0.64,6.27,9.796875,585.0,2026-04-07 11:17:35.228,0.76,take_profit,False,False,1.1756250000000001,18.750000000000004
eth,eth:m5:1775560800,"Ethereum Up or Down - April 7, 7:20AM-7:25AM ET",m5,DOWN,2026-04-07T11:21:06.273000+00:00,0.0325668938367292,0.0459767912988939,60.0,eth|m5|Down,272,2026-04-07 11:21:06.273,0.6,6.28,10.466666666666667,369.0,2026-04-07 11:22:01.247,0.72,take_profit,False,True,1.2559999999999993,19.99999999999999
eth,eth:m5:1775561700,"Ethereum Up or Down - April 7, 7:35AM-7:40AM ET",m5,DOWN,2026-04-07T11:37:10.814000+00:00,0.0330429702278075,0.0459728281430347,64.0,eth|m5|Down,286,2026-04-07 11:37:10.814,0.64,6.28,9.8125,617.0,2026-04-07 11:38:10.825,0.03,time_exit,True,False,-5.985625000000001,-95.31250000000001
eth,eth:m5:1775562600,"Ethereum Up or Down - April 7, 7:50AM-7:55AM ET",m5,DOWN,2026-04-07T11:51:36.328000+00:00,0.0277514617364724,0.0473688743432847,64.0,eth|m5|Down,244,2026-04-07 11:51:36.328,0.64,6.28,9.8125,300.0,2026-04-07 11:52:07.501,0.76,take_profit,False,True,1.1775000000000002,18.750000000000004
eth,eth:m5:1775563200,"Ethereum Up or Down - April 7, 8:00AM-8:05AM ET",m5,DOWN,2026-04-07T12:01:10.761000+00:00,0.0358923802869476,0.0344566850754819,65.0,eth|m5|Down,304,2026-04-07 12:01:10.761,0.65,6.28,9.661538461538461,330.0,2026-04-07 12:01:18.190,0.77,take_profit,False,True,1.1593846153846146,18.46153846153845
eth,eth:m5:1775563800,"Ethereum Up or Down - April 7, 8:10AM-8:15AM ET",m5,UP,2026-04-07T12:11:00.984000+00:00,0.0341622079371817,-0.0163593671811699,55.00000000000001,eth|m5|Up,233,2026-04-07 12:11:00.984,0.55,6.27,11.399999999999999,311.0,2026-04-07 12:11:31.294,0.68,take_profit,True,True,1.4820000000000002,23.63636363636364
eth,eth:m5:1775564100,"Ethereum Up or Down - April 7, 8:15AM-8:20AM ET",m5,UP,2026-04-07T12:19:06.870000+00:00,0.0403086490844248,0.100771622711062,65.0,eth|m5|Up,1066,2026-04-07 12:19:06.870,0.65,6.27,9.646153846153846,1084.0,2026-04-07 12:19:09.082,0.77,take_profit,False,False,1.1575384615384614,18.46153846153846
eth,eth:m5:1775564100,"Ethereum Up or Down - April 7, 8:15AM-8:20AM ET",m5,DOWN,2026-04-07T12:18:39.074000+00:00,0.050385811355531,-0.0561441897961568,67.0,eth|m5|Down,915,2026-04-07 12:18:39.074,0.67,6.28,9.373134328358208,1276.0,2026-04-07 12:19:39.113,0.34,time_exit,False,True,-3.093134328358209,-49.25373134328358
eth,eth:m5:1775564400,"Ethereum Up or Down - April 7, 8:20AM-8:25AM ET",m5,UP,2026-04-07T12:22:02.446000+00:00,0.0508900965951618,0.0542507633514541,60.0,eth|m5|Up,447,2026-04-07 12:22:02.446,0.6,6.27,10.45,539.0,2026-04-07 12:22:24.673,0.73,take_profit,True,True,1.3584999999999994,21.66666666666666
eth,eth:m5:1775564400,"Ethereum Up or Down - April 7, 8:20AM-8:25AM ET",m5,DOWN,2026-04-07T12:21:09.368000+00:00,0.0403280010754203,-0.0403280010754203,63.0,eth|m5|Down,254,2026-04-07 12:21:09.368,0.63,6.28,9.968253968253968,459.0,2026-04-07 12:22:09.481,0.37,time_exit,True,False,-2.591746031746032,-41.26984126984127
eth,eth:m5:1775564700,"Ethereum Up or Down - April 7, 8:25AM-8:30AM ET",m5,UP,2026-04-07T12:25:59.260000+00:00,0.0566112867553716,0.0359817500563714,56.99999999999999,eth|m5|Up,160,2026-04-07 12:25:59.260,0.57,6.27,11.0,314.0,2026-04-07 12:27:00.694,0.45,time_exit,True,True,-1.3199999999999994,-21.05263157894736
eth,eth:m5:1775565000,"Ethereum Up or Down - April 7, 8:30AM-8:35AM ET",m5,UP,2026-04-07T12:31:07.379000+00:00,0.0374111485222474,0.0249407656815055,61.0,eth|m5|Up,270,2026-04-07 12:31:07.379,0.61,6.27,10.278688524590164,467.0,2026-04-07 12:32:08.030,0.36,time_exit,False,False,-2.5696721311475406,-40.983606557377044
eth,eth:m5:1775565000,"Ethereum Up or Down - April 7, 8:30AM-8:35AM ET",m5,DOWN,2026-04-07T12:32:01.943000+00:00,0.0494019012537627,0.1122334455667858,62.0,eth|m5|Down,442,2026-04-07 12:32:01.943,0.62,6.28,10.129032258064516,527.0,2026-04-07 12:32:32.468,0.74,take_profit,False,True,1.2154838709677414,19.35483870967741
eth,eth:m5:1775565300,"Ethereum Up or Down - April 7, 8:35AM-8:40AM ET",m5,UP,2026-04-07T12:36:00.027000+00:00,0.0451267870687777,0.0796919856746384,63.0,eth|m5|Up,207,2026-04-07 12:36:00.027,0.63,6.27,9.95238095238095,367.0,2026-04-07 12:37:00.251,0.69,time_exit,True,True,0.5971428571428561,9.523809523809508
eth,eth:m5:1775565600,"Ethereum Up or Down - April 7, 8:40AM-8:45AM ET",m5,DOWN,2026-04-07T12:41:34.193000+00:00,0.0465428722230123,0.0153543495993334,67.0,eth|m5|Down,260,2026-04-07 12:41:34.193,0.67,6.28,9.373134328358208,287.0,2026-04-07 12:41:38.303,0.79,take_profit,False,True,1.124776119402985,17.91044776119403
eth,eth:m5:1775566200,"Ethereum Up or Down - April 7, 8:50AM-8:55AM ET",m5,UP,2026-04-07T12:51:41.692000+00:00,0.044733259900254,0.044733259900254,62.0,eth|m5|Up,929,2026-04-07 12:51:41.692,0.62,6.27,10.11290322580645,1369.0,2026-04-07 12:52:24.333,0.76,take_profit,True,True,1.4158064516129025,22.580645161290313
eth,eth:m5:1775566800,"Ethereum Up or Down - April 7, 9:00AM-9:05AM ET",m5,DOWN,2026-04-07T13:01:10.435000+00:00,0.0311453337102543,0.0292286977896239,59.0,eth|m5|Down,190,2026-04-07 13:01:10.435,0.59,6.28,10.644067796610171,345.0,2026-04-07 13:02:11.531,0.59,time_exit,True,False,8.881784197001252e-16,1.4142968466562503e-14
eth,eth:m5:1775567400,"Ethereum Up or Down - April 7, 9:10AM-9:15AM ET",m5,DOWN,2026-04-07T13:11:02.721000+00:00,0.0440092419407893,0.0248747889230642,66.0,eth|m5|Down,238,2026-04-07 13:11:02.721,0.66,6.28,9.515151515151516,421.0,2026-04-07 13:12:03.416,0.7,time_exit,False,True,0.38060606060605995,6.06060606060605
eth,eth:m5:1775568000,"Ethereum Up or Down - April 7, 9:20AM-9:25AM ET",m5,DOWN,2026-04-07T13:21:52.743000+00:00,0.0292540691930515,0.065701761958195,56.00000000000001,eth|m5|Down,265,2026-04-07 13:21:52.743,0.56,6.28,11.214285714285714,299.0,2026-04-07 13:21:59.630,0.68,take_profit,False,True,1.3457142857142852,21.42857142857142
eth,eth:m5:1775568300,"Ethereum Up or Down - April 7, 9:25AM-9:30AM ET",m5,UP,2026-04-07T13:27:22.553000+00:00,0.0278294915839744,0.0220716657390186,61.0,eth|m5|Up,318,2026-04-07 13:27:22.553,0.61,6.27,10.278688524590164,489.0,2026-04-07 13:28:22.594,0.66,time_exit,True,True,0.5139344262295094,8.196721311475429
eth,eth:m5:1775568600,"Ethereum Up or Down - April 7, 9:30AM-9:35AM ET",m5,DOWN,2026-04-07T13:31:04.900000+00:00,0.0316618134543666,0.0969043381481668,63.0,eth|m5|Down,459,2026-04-07 13:31:04.900,0.63,6.28,9.968253968253968,681.0,2026-04-07 13:31:39.105,0.77,take_profit,False,True,1.3955555555555552,22.222222222222214
eth,eth:m5:1775568900,"Ethereum Up or Down - April 7, 9:35AM-9:40AM ET",m5,UP,2026-04-07T13:36:12.641000+00:00,0.0682374085162243,0.062951412081863,65.0,eth|m5|Up,524,2026-04-07 13:36:12.641,0.65,6.27,9.646153846153846,967.0,2026-04-07 13:37:12.735,0.53,time_exit,False,False,-1.1575384615384614,-18.46153846153846
eth,eth:m5:1775568900,"Ethereum Up or Down - April 7, 9:35AM-9:40AM ET",m5,DOWN,2026-04-07T13:36:46.993000+00:00,0.0538210546043379,0.1167724666862228,59.0,eth|m5|Down,783,2026-04-07 13:36:46.993,0.59,6.28,10.644067796610171,1206.0,2026-04-07 13:37:47.733,0.33,time_exit,False,True,-2.7674576271186435,-44.06779661016948
eth,eth:m5:1775569200,"Ethereum Up or Down - April 7, 9:40AM-9:45AM ET",m5,UP,2026-04-07T13:41:03.247000+00:00,0.0365395155629375,-0.0591363212400366,59.0,eth|m5|Up,475,2026-04-07 13:41:03.247,0.59,6.27,10.627118644067796,827.0,2026-04-07 13:42:03.260,0.58,time_exit,False,False,-0.10627118644067846,-1.694915254237296
eth,eth:m5:1775569500,"Ethereum Up or Down - April 7, 9:45AM-9:50AM ET",m5,DOWN,2026-04-07T13:46:05.577000+00:00,0.0288619724271913,0.0476222545048623,56.99999999999999,eth|m5|Down,453,2026-04-07 13:46:05.577,0.57,6.28,11.017543859649123,575.0,2026-04-07 13:46:29.521,0.69,take_profit,False,True,1.3221052631578942,21.05263157894736
eth,eth:m5:1775569800,"Ethereum Up or Down - April 7, 9:50AM-9:55AM ET",m5,UP,2026-04-07T13:51:55.215000+00:00,0.0336987237811806,-0.0659532165432015,62.0,eth|m5|Up,691,2026-04-07 13:51:55.215,0.62,6.27,10.11290322580645,769.0,2026-04-07 13:52:14.240,0.74,take_profit,True,True,1.2135483870967736,19.35483870967741
eth,eth:m5:1775570100,"Ethereum Up or Down - April 7, 9:55AM-10:00AM ET",m5,DOWN,2026-04-07T13:56:12.589000+00:00,0.052334402427555,0.023526474485768,69.0,eth|m5|Down,427,2026-04-07 13:56:12.589,0.69,6.28,9.10144927536232,632.0,2026-04-07 13:56:46.842,0.82,take_profit,False,True,1.183188405797102,18.840579710144937
eth,eth:m5:1775570400,"Ethereum Up or Down - April 7, 10:00AM-10:05AM ET",m5,UP,2026-04-07T14:00:58.136000+00:00,0.0674708550003176,0.0486754025359288,56.00000000000001,eth|m5|Up,376,2026-04-07 14:00:58.136,0.56,6.27,11.19642857142857,746.0,2026-04-07 14:01:58.324,0.48,time_exit,False,False,-0.8957142857142868,-14.285714285714304
eth,eth:m5:1775571300,"Ethereum Up or Down - April 7, 10:15AM-10:20AM ET",m5,UP,2026-04-07T14:15:59.959000+00:00,0.0493354228335936,0.0933503588910091,61.0,eth|m5|Up,242,2026-04-07 14:15:59.959,0.61,6.27,10.278688524590164,575.0,2026-04-07 14:17:00.469,0.48,time_exit,False,False,-1.3362295081967206,-21.311475409836056
eth,eth:m5:1775571300,"Ethereum Up or Down - April 7, 10:15AM-10:20AM ET",m5,DOWN,2026-04-07T14:17:03.647000+00:00,0.0440149360574155,0.0773888985624968,59.0,eth|m5|Down,592,2026-04-07 14:17:03.647,0.59,6.28,10.644067796610171,800.0,2026-04-07 14:17:37.123,0.71,take_profit,False,True,1.2772881355932206,20.33898305084746
eth,eth:m5:1775571900,"Ethereum Up or Down - April 7, 10:25AM-10:30AM ET",m5,UP,2026-04-07T14:25:59.393000+00:00,0.0694103016456052,0.0496476463159395,61.0,eth|m5|Up,192,2026-04-07 14:25:59.393,0.61,6.27,10.278688524590164,422.0,2026-04-07 14:26:51.025,0.73,take_profit,True,True,1.23344262295082,19.672131147540988
eth,eth:m5:1775571900,"Ethereum Up or Down - April 7, 10:25AM-10:30AM ET",m5,DOWN,2026-04-07T14:27:32.956000+00:00,0.0298849909862958,0.0906190049262086,63.0,eth|m5|Down,649,2026-04-07 14:27:32.956,0.63,6.28,9.968253968253968,897.0,2026-04-07 14:28:33.006,0.62,time_exit,True,False,-0.09968253968254004,-1.5873015873015928
eth,eth:m5:1775572500,"Ethereum Up or Down - April 7, 10:35AM-10:40AM ET",m5,UP,2026-04-07T14:37:34.955000+00:00,0.0371087914100368,0.1132541036540067,61.0,eth|m5|Up,887,2026-04-07 14:37:34.955,0.61,6.27,10.278688524590164,1211.0,2026-04-07 14:38:35.927,0.34,time_exit,False,False,-2.7752459016393436,-44.26229508196721
eth,eth:m5:1775572500,"Ethereum Up or Down - April 7, 10:35AM-10:40AM ET",m5,DOWN,2026-04-07T14:36:16.369000+00:00,0.0978322682628362,0.0346991296301773,68.0,eth|m5|Down,424,2026-04-07 14:36:16.369,0.68,6.28,9.235294117647058,781.0,2026-04-07 14:37:16.419,0.69,time_exit,False,True,0.0923529411764692,1.4705882352940953
eth,eth:m5:1775572800,"Ethereum Up or Down - April 7, 10:40AM-10:45AM ET",m5,UP,2026-04-07T14:41:17.035000+00:00,0.0342621099668758,0.0178549023771095,62.0,eth|m5|Up,378,2026-04-07 14:41:17.035,0.62,6.27,10.11290322580645,570.0,2026-04-07 14:41:55.737,0.74,take_profit,True,True,1.2135483870967736,19.35483870967741
eth,eth:m5:1775572800,"Ethereum Up or Down - April 7, 10:40AM-10:45AM ET",m5,DOWN,2026-04-07T14:43:37.805000+00:00,0.0318492853213549,0.0390877592580055,63.0,eth|m5|Down,1002,2026-04-07 14:43:37.805,0.63,6.28,9.968253968253968,1049.0,2026-04-07 14:43:51.691,0.75,take_profit,True,False,1.196190476190476,19.047619047619044
eth,eth:m5:1775574000,"Ethereum Up or Down - April 7, 11:00AM-11:05AM ET",m5,UP,2026-04-07T15:01:39.576000+00:00,0.0304430184011186,0.0468725838874407,61.0,eth|m5|Up,606,2026-04-07 15:01:39.576,0.61,6.27,10.278688524590164,997.0,2026-04-07 15:02:39.640,0.4,time_exit,False,False,-2.1585245901639336,-34.42622950819671
eth,eth:m5:1775574000,"Ethereum Up or Down - April 7, 11:00AM-11:05AM ET",m5,DOWN,2026-04-07T15:01:08.320000+00:00,0.0280269058295928,0.0236779032008553,57.99999999999999,eth|m5|Down,431,2026-04-07 15:01:08.320,0.58,6.28,10.827586206896553,808.0,2026-04-07 15:02:08.460,0.39,time_exit,False,True,-2.0572413793103443,-32.75862068965517
eth,eth:m5:1775574300,"Ethereum Up or Down - April 7, 11:05AM-11:10AM ET",m5,DOWN,2026-04-07T15:08:19.613000+00:00,0.0294898260100326,-0.0386751816525026,69.0,eth|m5|Down,1080,2026-04-07 15:08:19.613,0.69,6.28,9.10144927536232,1515.0,2026-04-07 15:09:19.818,0.69,time_exit,True,False,0.0,0.0
eth,eth:m5:1775574600,"Ethereum Up or Down - April 7, 11:10AM-11:15AM ET",m5,UP,2026-04-07T15:11:06.264000+00:00,0.0275407554864163,-0.1019491124146056,64.0,eth|m5|Up,578,2026-04-07 15:11:06.264,0.64,6.27,9.796875,665.0,2026-04-07 15:11:25.063,0.77,take_profit,True,True,1.2735937500000007,20.312500000000014
eth,eth:m5:1775575200,"Ethereum Up or Down - April 7, 11:20AM-11:25AM ET",m5,UP,2026-04-07T15:22:56.344000+00:00,0.0274487142444459,0.0563420976596394,59.0,eth|m5|Up,618,2026-04-07 15:22:56.344,0.59,6.27,10.627118644067796,829.0,2026-04-07 15:23:56.692,0.5,time_exit,True,True,-0.9564406779661017,-15.254237288135593
eth,eth:m5:1775575200,"Ethereum Up or Down - April 7, 11:20AM-11:25AM ET",m5,DOWN,2026-04-07T15:21:08.414000+00:00,0.0553789848791337,0.033708947317744,66.0,eth|m5|Down,291,2026-04-07 15:21:08.414,0.66,6.28,9.515151515151516,369.0,2026-04-07 15:21:32.483,0.78,take_profit,True,False,1.1418181818181825,18.181818181818194
eth,eth:m5:1775575800,"Ethereum Up or Down - April 7, 11:30AM-11:35AM ET",m5,UP,2026-04-07T15:31:37.088000+00:00,0.0278768420344292,0.0197060435070919,57.99999999999999,eth|m5|Up,421,2026-04-07 15:31:37.088,0.58,6.27,10.810344827586206,642.0,2026-04-07 15:32:39.643,0.59,time_exit,True,True,0.1081034482758616,1.7241379310344755
eth,eth:m5:1775576100,"Ethereum Up or Down - April 7, 11:35AM-11:40AM ET",m5,UP,2026-04-07T15:36:28.705000+00:00,0.0322053451259408,0.0432609113632037,56.99999999999999,eth|m5|Up,461,2026-04-07 15:36:28.705,0.57,6.27,11.0,687.0,2026-04-07 15:37:28.743,0.57,time_exit,False,False,0.0,0.0
eth,eth:m5:1775576100,"Ethereum Up or Down - April 7, 11:35AM-11:40AM ET",m5,DOWN,2026-04-07T15:37:39.017000+00:00,0.0422995577773557,0.0749855796962096,69.0,eth|m5|Down,813,2026-04-07 15:37:39.017,0.69,6.28,9.10144927536232,1178.0,2026-04-07 15:38:39.073,0.69,time_exit,False,True,0.0,0.0
eth,eth:m5:1775807400,"Ethereum Up or Down - April 10, 3:50AM-3:55AM ET",m5,DOWN,2026-04-10T07:51:10.146000+00:00,0.0274904012682196,0.02886492133164,60.0,eth|m5|Down,255,2026-04-10 07:51:10.146,0.6,6.28,10.466666666666667,275.0,2026-04-10 07:51:12.167,0.74,take_profit,False,True,1.4653333333333327,23.33333333333332
eth,eth:m5:1775808900,"Ethereum Up or Down - April 10, 4:15AM-4:20AM ET",m5,DOWN,2026-04-10T08:16:48.890000+00:00,0.029802022869618,0.0499756998890514,65.0,eth|m5|Down,227,2026-04-10 08:16:48.890,0.65,6.28,9.661538461538461,368.0,2026-04-10 08:17:49.419,0.63,time_exit,True,False,-0.19323076923076954,-3.0769230769230815
eth,eth:m5:1775809200,"Ethereum Up or Down - April 10, 4:20AM-4:25AM ET",m5,DOWN,2026-04-10T08:22:04.656000+00:00,0.0288581780870284,0.0238194485797645,68.0,eth|m5|Down,239,2026-04-10 08:22:04.656,0.68,6.28,9.235294117647058,329.0,2026-04-10 08:23:04.815,0.75,time_exit,True,False,0.6464705882352932,10.294117647058808
eth,eth:m5:1775810700,"Ethereum Up or Down - April 10, 4:45AM-4:50AM ET",m5,DOWN,2026-04-10T08:46:59.558000+00:00,0.0283512815236477,-0.0365822987402054,64.0,eth|m5|Down,252,2026-04-10 08:46:59.558,0.64,6.28,9.8125,269.0,2026-04-10 08:47:12.722,0.77,take_profit,False,True,1.2756249999999998,20.312499999999993
eth,eth:m5:1775837700,"Ethereum Up or Down - April 10, 12:15PM-12:20PM ET",m5,UP,2026-04-10T16:16:23.725000+00:00,0.0322680398510406,0.0627434108214497,56.99999999999999,eth|m5|Up,247,2026-04-10 16:16:23.725,0.57,6.27,11.0,281.0,2026-04-10 16:16:36.305,0.69,take_profit,True,True,1.3200000000000003,21.052631578947377
eth,eth:m5:1775838000,"Ethereum Up or Down - April 10, 12:20PM-12:25PM ET",m5,UP,2026-04-10T16:23:15.409000+00:00,0.1553689342494751,0.3808324738930966,7.000000000000001,eth|m5|Up,682,2026-04-10 16:23:15.409,0.07,6.27,89.57142857142856,697.0,2026-04-10 16:23:16.859,0.27,take_profit,True,True,17.91428571428571,285.71428571428567
eth,eth:m5:1775838000,"Ethereum Up or Down - April 10, 12:20PM-12:25PM ET",m5,DOWN,2026-04-10T16:24:07.611000+00:00,0.0388422335623637,0.0995611274069915,64.0,eth|m5|Down,1126,2026-04-10 16:24:07.611,0.64,6.28,9.8125,,2026-04-10 16:24:58.888,,settlement,True,False,-6.28,-100.0
eth,eth:m5:1775838300,"Ethereum Up or Down - April 10, 12:25PM-12:30PM ET",m5,DOWN,2026-04-10T16:26:06.882000+00:00,0.0392590741996551,-0.0597808629858172,62.0,eth|m5|Down,209,2026-04-10 16:26:06.882,0.62,6.28,10.129032258064516,322.0,2026-04-10 16:26:48.469,0.74,take_profit,False,True,1.2154838709677414,19.35483870967741
eth,eth:m5:1775838600,"Ethereum Up or Down - April 10, 12:30PM-12:35PM ET",m5,DOWN,2026-04-10T16:32:18.420000+00:00,0.0339049590463678,-0.0606720319777354,69.0,eth|m5|Down,504,2026-04-10 16:32:18.420,0.69,6.28,9.10144927536232,621.0,2026-04-10 16:32:40.076,0.81,take_profit,False,True,1.0921739130434798,17.39130434782611
eth,eth:m5:1775839200,"Ethereum Up or Down - April 10, 12:40PM-12:45PM ET",m5,DOWN,2026-04-10T16:43:23.680000+00:00,0.0321687069966848,-0.0764006791171493,59.0,eth|m5|Down,479,2026-04-10 16:43:23.680,0.59,6.28,10.644067796610171,491.0,2026-04-10 16:43:29.066,0.72,take_profit,False,True,1.3837288135593226,22.033898305084755
eth,eth:m5:1775839500,"Ethereum Up or Down - April 10, 12:45PM-12:50PM ET",m5,UP,2026-04-10T16:46:05.014000+00:00,0.0375504584285198,-0.049620248637684,64.0,eth|m5|Up,221,2026-04-10 16:46:05.014,0.64,6.27,9.796875,312.0,2026-04-10 16:46:48.732,0.78,take_profit,True,True,1.3715625000000005,21.875000000000007
eth,eth:m5:1775839800,"Ethereum Up or Down - April 10, 12:50PM-12:55PM ET",m5,UP,2026-04-10T16:51:34.965000+00:00,0.0459936412674483,-0.0375093773443425,65.0,eth|m5|Up,378,2026-04-10 16:51:34.965,0.65,6.27,9.646153846153846,571.0,2026-04-10 16:52:38.454,0.72,time_exit,True,True,0.6752307692307689,10.769230769230765
eth,eth:m5:1775840400,"Ethereum Up or Down - April 10, 1:00PM-1:05PM ET",m5,UP,2026-04-10T17:01:28.821000+00:00,0.0316207645989968,0.0485445541026893,60.0,eth|m5|Up,321,2026-04-10 17:01:28.821,0.6,6.27,10.45,368.0,2026-04-10 17:01:39.242,0.74,take_profit,False,False,1.463,23.333333333333336
eth,eth:m5:1775840400,"Ethereum Up or Down - April 10, 1:00PM-1:05PM ET",m5,DOWN,2026-04-10T17:01:14.724000+00:00,0.0280578615455922,-0.0204866925570971,57.99999999999999,eth|m5|Down,267,2026-04-10 17:01:14.724,0.58,6.28,10.827586206896553,506.0,2026-04-10 17:02:15.114,0.61,time_exit,False,True,0.3248275862068972,5.172413793103459
eth,eth:m5:1775840700,"Ethereum Up or Down - April 10, 1:05PM-1:10PM ET",m5,DOWN,2026-04-10T17:06:46.503000+00:00,0.0329856467861387,0.0209503432290387,61.0,eth|m5|Down,287,2026-04-10 17:06:46.503,0.61,6.28,10.295081967213115,433.0,2026-04-10 17:07:47.371,0.32,time_exit,True,False,-2.9855737704918033,-47.540983606557376
eth,eth:m5:1775841000,"Ethereum Up or Down - April 10, 1:10PM-1:15PM ET",m5,DOWN,2026-04-10T17:12:58.647000+00:00,0.0436679276894772,0.0240619193390976,68.0,eth|m5|Down,686,2026-04-10 17:12:58.647,0.68,6.28,9.235294117647058,784.0,2026-04-10 17:13:27.517,0.8,take_profit,False,True,1.1082352941176463,17.6470588235294
eth,eth:m5:1775841300,"Ethereum Up or Down - April 10, 1:15PM-1:20PM ET",m5,DOWN,2026-04-10T17:16:29.272000+00:00,0.049496120574339,-0.037902434674035,63.0,eth|m5|Down,332,2026-04-10 17:16:29.272,0.63,6.28,9.968253968253968,580.0,2026-04-10 17:17:29.291,0.19,time_exit,True,False,-4.386031746031746,-69.84126984126983
eth,eth:m5:1775842200,"Ethereum Up or Down - April 10, 1:30PM-1:35PM ET",m5,DOWN,2026-04-10T17:31:06.548000+00:00,0.0307438679350393,-0.0476752734644645,62.0,eth|m5|Down,204,2026-04-10 17:31:06.548,0.62,6.28,10.129032258064516,375.0,2026-04-10 17:32:00.152,0.76,take_profit,False,True,1.4180645161290322,22.58064516129032
eth,eth:m5:1775842500,"Ethereum Up or Down - April 10, 1:35PM-1:40PM ET",m5,DOWN,2026-04-10T17:37:43.175000+00:00,0.0289922300823419,0.053970151384046,67.0,eth|m5|Down,463,2026-04-10 17:37:43.175,0.67,6.28,9.373134328358208,527.0,2026-04-10 17:38:11.387,0.82,take_profit,True,False,1.4059701492537302,22.38805970149252
eth,eth:m5:1775842800,"Ethereum Up or Down - April 10, 1:40PM-1:45PM ET",m5,DOWN,2026-04-10T17:42:58.529000+00:00,0.0410278364951557,-0.0294330131378202,68.0,eth|m5|Down,466,2026-04-10 17:42:58.529,0.68,6.28,9.235294117647058,611.0,2026-04-10 17:44:00.450,0.54,time_exit,True,False,-1.2929411764705883,-20.588235294117645
eth,eth:m5:1775843100,"Ethereum Up or Down - April 10, 1:45PM-1:50PM ET",m5,UP,2026-04-10T17:47:20.999000+00:00,0.0285414854951222,0.0379066604232126,61.0,eth|m5|Up,429,2026-04-10 17:47:20.999,0.61,6.27,10.278688524590164,440.0,2026-04-10 17:47:22.366,0.74,take_profit,True,True,1.3362295081967215,21.31147540983607
eth,eth:m5:1775843700,"Ethereum Up or Down - April 10, 1:55PM-2:00PM ET",m5,UP,2026-04-10T17:57:12.553000+00:00,0.0418246213536963,0.0293662235036509,64.0,eth|m5|Up,322,2026-04-10 17:57:12.553,0.64,6.27,9.796875,391.0,2026-04-10 17:57:38.174,0.81,take_profit,True,True,1.6654687500000014,26.56250000000002
eth,eth:m5:1775844000,"Ethereum Up or Down - April 10, 2:00PM-2:05PM ET",m5,DOWN,2026-04-10T18:01:21.258000+00:00,0.038249081577291,0.0547050817907694,69.0,eth|m5|Down,289,2026-04-10 18:01:21.258,0.69,6.28,9.10144927536232,347.0,2026-04-10 18:01:45.006,0.83,take_profit,False,True,1.2742028985507252,20.289855072463777
eth,eth:m5:1775844300,"Ethereum Up or Down - April 10, 2:05PM-2:10PM ET",m5,UP,2026-04-10T18:06:47.886000+00:00,0.0321250736199717,0.022755260480815,64.0,eth|m5|Up,302,2026-04-10 18:06:47.886,0.64,6.27,9.796875,476.0,2026-04-10 18:07:48.276,0.64,time_exit,True,True,8.881784197001252e-16,1.4165525035089717e-14
eth,eth:m5:1775844900,"Ethereum Up or Down - April 10, 2:15PM-2:20PM ET",m5,DOWN,2026-04-10T18:16:05.287000+00:00,0.052483632223184,0.0426985482493611,67.0,eth|m5|Down,315,2026-04-10 18:16:05.287,0.67,6.28,9.373134328358208,489.0,2026-04-10 18:17:00.750,0.79,take_profit,False,True,1.124776119402985,17.91044776119403
eth,eth:m5:1775845200,"Ethereum Up or Down - April 10, 2:20PM-2:25PM ET",m5,UP,2026-04-10T18:21:55.178000+00:00,0.03873380526245,-0.0369529406527038,59.0,eth|m5|Up,270,2026-04-10 18:21:55.178,0.59,6.27,10.627118644067796,294.0,2026-04-10 18:22:03.558,0.71,take_profit,False,False,1.2752542372881353,20.338983050847453
eth,eth:m5:1775845500,"Ethereum Up or Down - April 10, 2:25PM-2:30PM ET",m5,UP,2026-04-10T18:28:30.468000+00:00,0.0342880552883751,0.0200384738698219,65.0,eth|m5|Up,624,2026-04-10 18:28:30.468,0.65,6.27,9.646153846153846,667.0,2026-04-10 18:28:37.390,0.77,take_profit,True,True,1.1575384615384614,18.46153846153846
eth,eth:m5:1775845800,"Ethereum Up or Down - April 10, 2:30PM-2:35PM ET",m5,UP,2026-04-10T18:32:33.913000+00:00,0.0306931309662577,0.0355862388014635,61.0,eth|m5|Up,417,2026-04-10 18:32:33.913,0.61,6.27,10.278688524590164,595.0,2026-04-10 18:33:34.069,0.19,time_exit,False,False,-4.317049180327868,-68.85245901639342
eth,eth:m5:1775846100,"Ethereum Up or Down - April 10, 2:35PM-2:40PM ET",m5,DOWN,2026-04-10T18:36:10.427000+00:00,0.0382829645259221,0.0240381405162842,65.0,eth|m5|Down,147,2026-04-10 18:36:10.427,0.65,6.28,9.661538461538461,165.0,2026-04-10 18:36:13.746,0.77,take_profit,False,True,1.1593846153846146,18.46153846153845
eth,eth:m5:1775846400,"Ethereum Up or Down - April 10, 2:40PM-2:45PM ET",m5,DOWN,2026-04-10T18:41:37.251000+00:00,0.0289448489301579,0.0298354596664695,67.0,eth|m5|Down,279,2026-04-10 18:41:37.251,0.67,6.28,9.373134328358208,308.0,2026-04-10 18:41:48.684,0.8,take_profit,False,True,1.218507462686567,19.402985074626862
eth,eth:m5:1775846700,"Ethereum Up or Down - April 10, 2:45PM-2:50PM ET",m5,UP,2026-04-10T18:46:15.267000+00:00,0.0298350610950835,-0.0284991628370859,63.0,eth|m5|Up,199,2026-04-10 18:46:15.267,0.63,6.27,9.95238095238095,271.0,2026-04-10 18:46:47.121,0.77,take_profit,True,True,1.3933333333333326,22.222222222222214
eth,eth:m5:1775847300,"Ethereum Up or Down - April 10, 2:55PM-3:00PM ET",m5,UP,2026-04-10T18:56:31.699000+00:00,0.0271314898746225,0.0266867113520781,51.0,eth|m5|Up,351,2026-04-10 18:56:31.699,0.51,6.27,12.294117647058822,447.0,2026-04-10 18:57:02.811,0.63,take_profit,True,True,1.475294117647059,23.529411764705888
eth,eth:m5:1775847600,"Ethereum Up or Down - April 10, 3:00PM-3:05PM ET",m5,UP,2026-04-10T19:01:03.725000+00:00,0.0462359902726573,0.0422347988067477,57.99999999999999,eth|m5|Up,166,2026-04-10 19:01:03.725,0.58,6.27,10.810344827586206,290.0,2026-04-10 19:02:03.781,0.51,time_exit,False,False,-0.7567241379310339,-12.06896551724137
eth,eth:m5:1775848500,"Ethereum Up or Down - April 10, 3:15PM-3:20PM ET",m5,DOWN,2026-04-10T19:16:52.743000+00:00,0.0461346688728485,-0.0226237318511189,67.0,eth|m5|Down,278,2026-04-10 19:16:52.743,0.67,6.28,9.373134328358208,342.0,2026-04-10 19:17:23.476,0.8,take_profit,False,True,1.218507462686567,19.402985074626862
eth,eth:m5:1775850000,"Ethereum Up or Down - April 10, 3:40PM-3:45PM ET",m5,DOWN,2026-04-10T19:42:15.201000+00:00,0.0320662702919277,-0.0191506892021418,69.0,eth|m5|Down,230,2026-04-10 19:42:15.201,0.69,6.28,9.10144927536232,285.0,2026-04-10 19:42:59.607,0.81,take_profit,False,True,1.0921739130434798,17.39130434782611
eth,eth:m5:1775850300,"Ethereum Up or Down - April 10, 3:45PM-3:50PM ET",m5,DOWN,2026-04-10T19:46:16.369000+00:00,0.0325188765396359,0.0432100140321293,68.0,eth|m5|Down,211,2026-04-10 19:46:16.369,0.68,6.28,9.235294117647058,323.0,2026-04-10 19:47:16.436,0.31,time_exit,True,False,-3.417058823529412,-54.41176470588236
eth,eth:m5:1775851200,"Ethereum Up or Down - April 10, 4:00PM-4:05PM ET",m5,DOWN,2026-04-10T20:01:03.422000+00:00,0.0430504577994671,0.0288482449171651,67.0,eth|m5|Down,280,2026-04-10 20:01:03.422,0.67,6.28,9.373134328358208,421.0,2026-04-10 20:02:03.529,0.53,time_exit,True,False,-1.312238805970149,-20.8955223880597
eth,eth:m5:1775851500,"Ethereum Up or Down - April 10, 4:05PM-4:10PM ET",m5,DOWN,2026-04-10T20:07:16.406000+00:00,0.0332746221112082,0.0612253046846279,67.0,eth|m5|Down,438,2026-04-10 20:07:16.406,0.67,6.28,9.373134328358208,506.0,2026-04-10 20:07:36.430,0.8,take_profit,True,False,1.218507462686567,19.402985074626862
eth,eth:m5:1775852100,"Ethereum Up or Down - April 10, 4:15PM-4:20PM ET",m5,DOWN,2026-04-10T20:16:51.395000+00:00,0.0461455181165513,-0.0199668107235004,68.0,eth|m5|Down,236,2026-04-10 20:16:51.395,0.68,6.28,9.235294117647058,432.0,2026-04-10 20:17:51.725,0.45,time_exit,False,True,-2.1241176470588243,-33.82352941176472
eth,eth:m5:1775852400,"Ethereum Up or Down - April 10, 4:20PM-4:25PM ET",m5,DOWN,2026-04-10T20:21:08.730000+00:00,0.0341464928891029,0.0252772739568762,67.0,eth|m5|Down,173,2026-04-10 20:21:08.730,0.67,6.28,9.373134328358208,253.0,2026-04-10 20:22:08.744,0.6,time_exit,False,True,-0.656119402985075,-10.447761194029855
eth,eth:m5:1775853000,"Ethereum Up or Down - April 10, 4:30PM-4:35PM ET",m5,UP,2026-04-10T20:31:40.919000+00:00,0.0381772578962611,-0.0665882405167247,63.0,eth|m5|Up,523,2026-04-10 20:31:40.919,0.63,6.27,9.95238095238095,557.0,2026-04-10 20:31:45.659,0.76,take_profit,False,False,1.2938095238095233,20.63492063492063
eth,eth:m5:1775855400,"Ethereum Up or Down - April 10, 5:10PM-5:15PM ET",m5,DOWN,2026-04-10T21:11:05.193000+00:00,0.0346828519975875,0.0342382000489109,60.0,eth|m5|Down,74,2026-04-10 21:11:05.193,0.6,6.28,10.466666666666667,128.0,2026-04-10 21:12:06.047,0.62,time_exit,False,True,0.20933333333333337,3.333333333333334
eth,eth:m5:1775855700,"Ethereum Up or Down - April 10, 5:15PM-5:20PM ET",m5,DOWN,2026-04-10T21:16:40.742000+00:00,0.0324987534724501,0.0178075361492821,63.0,eth|m5|Down,152,2026-04-10 21:16:40.742,0.63,6.28,9.968253968253968,245.0,2026-04-10 21:17:40.802,0.51,time_exit,True,False,-1.196190476190476,-19.047619047619044
eth,eth:m5:1775856300,"Ethereum Up or Down - April 10, 5:25PM-5:30PM ET",m5,DOWN,2026-04-10T21:26:30.025000+00:00,0.0311292352436428,-0.0249033881949021,66.0,eth|m5|Down,137,2026-04-10 21:26:30.025,0.66,6.28,9.515151515151516,161.0,2026-04-10 21:26:45.838,0.78,take_profit,False,True,1.1418181818181825,18.181818181818194
eth,eth:m5:1775857200,"Ethereum Up or Down - April 10, 5:40PM-5:45PM ET",m5,DOWN,2026-04-10T21:41:39.152000+00:00,0.0391469523207963,0.0369226936661978,69.0,eth|m5|Down,328,2026-04-10 21:41:39.152,0.69,6.28,9.10144927536232,443.0,2026-04-10 21:42:36.080,0.81,take_profit,True,False,1.0921739130434798,17.39130434782611
eth,eth:m5:1775857500,"Ethereum Up or Down - April 10, 5:45PM-5:50PM ET",m5,DOWN,2026-04-10T21:46:24.982000+00:00,0.0497881779749701,0.052010864491697,66.0,eth|m5|Down,341,2026-04-10 21:46:24.982,0.66,6.28,9.515151515151516,508.0,2026-04-10 21:47:25.035,0.26,time_exit,True,False,-3.806060606060606,-60.60606060606061
eth,eth:m5:1775858100,"Ethereum Up or Down - April 10, 5:55PM-6:00PM ET",m5,UP,2026-04-10T21:56:14.553000+00:00,0.0270728481523947,-0.0421626323684667,60.0,eth|m5|Up,215,2026-04-10 21:56:14.553,0.6,6.27,10.45,401.0,2026-04-10 21:57:15.010,0.63,time_exit,True,True,0.31350000000000033,5.000000000000006
eth,eth:m5:1775858700,"Ethereum Up or Down - April 10, 6:05PM-6:10PM ET",m5,UP,2026-04-10T22:06:53.450000+00:00,0.0301671169552433,0.0306107510281243,62.0,eth|m5|Up,221,2026-04-10 22:06:53.450,0.62,6.27,10.11290322580645,259.0,2026-04-10 22:07:03.523,0.74,take_profit,False,False,1.2135483870967736,19.35483870967741
