asset,market_key,market_title,tf_slug,ce_ts,bot_pnl,bot_spent,candidate_pnl,candidate_spent,candidate_trade_count,delta_pnl
eth,eth:h1:1775322000,"Ethereum Up or Down - April 4, 1PM ET",h1,2026-04-04T18:00:00+00:00,87.11,1529.71,4.52641791044776,9.19,1,-82.58358208955224
eth,eth:m15:1775326500,"Ethereum Up or Down - April 4, 2:15PM-2:30PM ET",m15,2026-04-04T18:30:00+00:00,-14.73,246.43,0.0,0.0,0,14.73
eth,eth:m5:1775327400,"Ethereum Up or Down - April 4, 2:30PM-2:35PM ET",m5,2026-04-04T18:35:00+00:00,-13.6,129.68,0.0,0.0,0,13.6
eth,eth:m5:1775327700,"Ethereum Up or Down - April 4, 2:35PM-2:40PM ET",m5,2026-04-04T18:40:00+00:00,27.63,232.85,0.0,0.0,0,-27.63
eth,eth:m5:1775328000,"Ethereum Up or Down - April 4, 2:40PM-2:45PM ET",m5,2026-04-04T18:45:00+00:00,-14.88,178.15,0.0,0.0,0,14.88
eth,eth:m15:1775327400,"Ethereum Up or Down - April 4, 2:30PM-2:45PM ET",m15,2026-04-04T18:45:00+00:00,-10.48,135.54,0.0,0.0,0,10.48
eth,eth:m5:1775328300,"Ethereum Up or Down - April 4, 2:45PM-2:50PM ET",m5,2026-04-04T18:50:00+00:00,55.66,351.84,0.0,0.0,0,-55.66
eth,eth:m5:1775328600,"Ethereum Up or Down - April 4, 2:50PM-2:55PM ET",m5,2026-04-04T18:55:00+00:00,91.81,282.31,0.0,0.0,0,-91.81
eth,eth:h1:1775325600,"Ethereum Up or Down - April 4, 2PM ET",h1,2026-04-04T19:00:00+00:00,-139.71,1960.66,0.0,0.0,0,139.71
eth,eth:m5:1775328900,"Ethereum Up or Down - April 4, 2:55PM-3:00PM ET",m5,2026-04-04T19:00:00+00:00,-0.43,117.76,0.0,0.0,0,0.43
eth,eth:m15:1775328300,"Ethereum Up or Down - April 4, 2:45PM-3:00PM ET",m15,2026-04-04T19:00:00+00:00,75.45,746.84,0.0,0.0,0,-75.45
eth,eth:m5:1775329200,"Ethereum Up or Down - April 4, 3:00PM-3:05PM ET",m5,2026-04-04T19:05:00+00:00,25.14,133.25,0.0,0.0,0,-25.14
eth,eth:m5:1775329500,"Ethereum Up or Down - April 4, 3:05PM-3:10PM ET",m5,2026-04-04T19:10:00+00:00,41.41,667.92,0.0,0.0,0,-41.41
eth,eth:m15:1775329200,"Ethereum Up or Down - April 4, 3:00PM-3:15PM ET",m15,2026-04-04T19:15:00+00:00,-25.11,446.37,0.0,0.0,0,25.11
eth,eth:m5:1775329800,"Ethereum Up or Down - April 4, 3:10PM-3:15PM ET",m5,2026-04-04T19:15:00+00:00,99.43,732.93,1.3504615384615386,6.27,1,-98.07953846153846
eth,eth:m5:1775330100,"Ethereum Up or Down - April 4, 3:15PM-3:20PM ET",m5,2026-04-04T19:20:00+00:00,-90.06,631.38,0.0,0.0,0,90.06
eth,eth:m5:1775330400,"Ethereum Up or Down - April 4, 3:20PM-3:25PM ET",m5,2026-04-04T19:25:00+00:00,18.68,302.41,0.0,0.0,0,-18.68
eth,eth:m15:1775330100,"Ethereum Up or Down - April 4, 3:15PM-3:30PM ET",m15,2026-04-04T19:30:00+00:00,-99.17,794.94,0.0,0.0,0,99.17
eth,eth:m5:1775330700,"Ethereum Up or Down - April 4, 3:25PM-3:30PM ET",m5,2026-04-04T19:30:00+00:00,26.89,406.67,0.0,0.0,0,-26.89
eth,eth:m5:1775331000,"Ethereum Up or Down - April 4, 3:30PM-3:35PM ET",m5,2026-04-04T19:35:00+00:00,-62.48,583.02,-1.8810000000000002,6.27,1,60.599
eth,eth:m5:1775331300,"Ethereum Up or Down - April 4, 3:35PM-3:40PM ET",m5,2026-04-04T19:40:00+00:00,-30.69,499.91,0.0,0.0,0,30.69
eth,eth:m15:1775331000,"Ethereum Up or Down - April 4, 3:30PM-3:45PM ET",m15,2026-04-04T19:45:00+00:00,-5.64,469.43,0.0,0.0,0,5.64
eth,eth:m5:1775331600,"Ethereum Up or Down - April 4, 3:40PM-3:45PM ET",m5,2026-04-04T19:45:00+00:00,19.53,430.85,-5.65327868852459,6.27,1,-25.18327868852459
eth,eth:m5:1775331900,"Ethereum Up or Down - April 4, 3:45PM-3:50PM ET",m5,2026-04-04T19:50:00+00:00,-27.8,702.4,1.343571428571428,6.27,1,29.143571428571427
eth,eth:m5:1775332200,"Ethereum Up or Down - April 4, 3:50PM-3:55PM ET",m5,2026-04-04T19:55:00+00:00,190.02,820.74,0.0,0.0,0,-190.02
eth,eth:h1:1775329200,"Ethereum Up or Down - April 4, 3PM ET",h1,2026-04-04T20:00:00+00:00,27.98,1301.21,0.0,0.0,0,-27.98
eth,eth:m5:1775332500,"Ethereum Up or Down - April 4, 3:55PM-4:00PM ET",m5,2026-04-04T20:00:00+00:00,-15.05,119.77,0.0,0.0,0,15.05
eth,eth:m15:1775331900,"Ethereum Up or Down - April 4, 3:45PM-4:00PM ET",m15,2026-04-04T20:00:00+00:00,15.18,1077.31,0.0,0.0,0,-15.18
eth,eth:m5:1775332800,"Ethereum Up or Down - April 4, 4:00PM-4:05PM ET",m5,2026-04-04T20:05:00+00:00,-7.83,243.87,1.2742028985507252,6.28,1,9.104202898550724
eth,eth:m5:1775333100,"Ethereum Up or Down - April 4, 4:05PM-4:10PM ET",m5,2026-04-04T20:10:00+00:00,-10.37,222.82,0.0,0.0,0,10.37
eth,eth:m5:1775333400,"Ethereum Up or Down - April 4, 4:10PM-4:15PM ET",m5,2026-04-04T20:15:00+00:00,-29.18,217.35,0.0,0.0,0,29.18
eth,eth:m15:1775332800,"Ethereum Up or Down - April 4, 4:00PM-4:15PM ET",m15,2026-04-04T20:15:00+00:00,-12.46,213.13,0.0,0.0,0,12.46
eth,eth:m5:1775333700,"Ethereum Up or Down - April 4, 4:15PM-4:20PM ET",m5,2026-04-04T20:20:00+00:00,-9.62,235.46,0.0,0.0,0,9.62
eth,eth:m5:1775334000,"Ethereum Up or Down - April 4, 4:20PM-4:25PM ET",m5,2026-04-04T20:25:00+00:00,-2.28,110.21,0.0,0.0,0,2.28
eth,eth:m15:1775333700,"Ethereum Up or Down - April 4, 4:15PM-4:30PM ET",m15,2026-04-04T20:30:00+00:00,-2.93,69.93,0.0,0.0,0,2.93
eth,eth:m5:1775334300,"Ethereum Up or Down - April 4, 4:25PM-4:30PM ET",m5,2026-04-04T20:30:00+00:00,5.45,116.78,0.0,0.0,0,-5.45
eth,eth:m5:1775334600,"Ethereum Up or Down - April 4, 4:30PM-4:35PM ET",m5,2026-04-04T20:35:00+00:00,-11.08,214.82,0.0,0.0,0,11.08
eth,eth:m5:1775334900,"Ethereum Up or Down - April 4, 4:35PM-4:40PM ET",m5,2026-04-04T20:40:00+00:00,-19.35,261.16,0.0,0.0,0,19.35
eth,eth:m5:1775335200,"Ethereum Up or Down - April 4, 4:40PM-4:45PM ET",m5,2026-04-04T20:45:00+00:00,97.09,400.82,0.0,0.0,0,-97.09
eth,eth:m15:1775334600,"Ethereum Up or Down - April 4, 4:30PM-4:45PM ET",m15,2026-04-04T20:45:00+00:00,6.94,536.63,0.0,0.0,0,-6.94
eth,eth:m5:1775335500,"Ethereum Up or Down - April 4, 4:45PM-4:50PM ET",m5,2026-04-04T20:50:00+00:00,-0.71,317.16,0.0,0.0,0,0.71
eth,eth:m5:1775335800,"Ethereum Up or Down - April 4, 4:50PM-4:55PM ET",m5,2026-04-04T20:55:00+00:00,-2.02,279.67,0.0,0.0,0,2.02
eth,eth:m5:1775336100,"Ethereum Up or Down - April 4, 4:55PM-5:00PM ET",m5,2026-04-04T21:00:00+00:00,20.22,281.91,0.0,0.0,0,-20.22
eth,eth:h1:1775332800,"Ethereum Up or Down - April 4, 4PM ET",h1,2026-04-04T21:00:00+00:00,-123.36,1407.1,0.0,0.0,0,123.36
eth,eth:m15:1775335500,"Ethereum Up or Down - April 4, 4:45PM-5:00PM ET",m15,2026-04-04T21:00:00+00:00,-21.64,280.77,0.0,0.0,0,21.64
eth,eth:m5:1775336400,"Ethereum Up or Down - April 4, 5:00PM-5:05PM ET",m5,2026-04-04T21:05:00+00:00,47.47,416.35,0.0,0.0,0,-47.47
eth,eth:m5:1775336700,"Ethereum Up or Down - April 4, 5:05PM-5:10PM ET",m5,2026-04-04T21:10:00+00:00,-11.64,225.07,0.0,0.0,0,11.64
eth,eth:m5:1775337000,"Ethereum Up or Down - April 4, 5:10PM-5:15PM ET",m5,2026-04-04T21:15:00+00:00,26.35,167.02,0.0,0.0,0,-26.35
eth,eth:m15:1775336400,"Ethereum Up or Down - April 4, 5:00PM-5:15PM ET",m15,2026-04-04T21:15:00+00:00,-5.77,687.07,0.0,0.0,0,5.77
eth,eth:m5:1775337300,"Ethereum Up or Down - April 4, 5:15PM-5:20PM ET",m5,2026-04-04T21:20:00+00:00,-14.37,301.47,0.0,0.0,0,14.37
eth,eth:m5:1775337600,"Ethereum Up or Down - April 4, 5:20PM-5:25PM ET",m5,2026-04-04T21:25:00+00:00,-6.69,188.63,0.0,0.0,0,6.69
eth,eth:m5:1775337900,"Ethereum Up or Down - April 4, 5:25PM-5:30PM ET",m5,2026-04-04T21:30:00+00:00,20.77,236.89,0.0,0.0,0,-20.77
eth,eth:m15:1775337300,"Ethereum Up or Down - April 4, 5:15PM-5:30PM ET",m15,2026-04-04T21:30:00+00:00,22.2,338.34,0.0,0.0,0,-22.2
eth,eth:m5:1775338200,"Ethereum Up or Down - April 4, 5:30PM-5:35PM ET",m5,2026-04-04T21:35:00+00:00,14.27,340.75,0.0,0.0,0,-14.27
eth,eth:m5:1775338500,"Ethereum Up or Down - April 4, 5:35PM-5:40PM ET",m5,2026-04-04T21:40:00+00:00,-1.79,261.97,0.0,0.0,0,1.79
eth,eth:m5:1775338800,"Ethereum Up or Down - April 4, 5:40PM-5:45PM ET",m5,2026-04-04T21:45:00+00:00,51.56,394.13,0.0,0.0,0,-51.56
eth,eth:m15:1775338200,"Ethereum Up or Down - April 4, 5:30PM-5:45PM ET",m15,2026-04-04T21:45:00+00:00,48.91,938.76,0.0,0.0,0,-48.91
eth,eth:m5:1775339100,"Ethereum Up or Down - April 4, 5:45PM-5:50PM ET",m5,2026-04-04T21:50:00+00:00,59.26,331.29,0.0,0.0,0,-59.26
eth,eth:m5:1775339400,"Ethereum Up or Down - April 4, 5:50PM-5:55PM ET",m5,2026-04-04T21:55:00+00:00,3.34,411.1,0.0,0.0,0,-3.34
eth,eth:m5:1775339700,"Ethereum Up or Down - April 4, 5:55PM-6:00PM ET",m5,2026-04-04T22:00:00+00:00,-59.51,563.99,0.0,0.0,0,59.51
eth,eth:h1:1775336400,"Ethereum Up or Down - April 4, 5PM ET",h1,2026-04-04T22:00:00+00:00,-53.57,1037.56,0.0,0.0,0,53.57
eth,eth:m15:1775339100,"Ethereum Up or Down - April 4, 5:45PM-6:00PM ET",m15,2026-04-04T22:00:00+00:00,27.85,731.11,0.0,0.0,0,-27.85
eth,eth:m5:1775340000,"Ethereum Up or Down - April 4, 6:00PM-6:05PM ET",m5,2026-04-04T22:05:00+00:00,38.4,449.0,0.0,0.0,0,-38.4
eth,eth:m5:1775340300,"Ethereum Up or Down - April 4, 6:05PM-6:10PM ET",m5,2026-04-04T22:10:00+00:00,90.95,409.05,-2.155820895522388,6.28,1,-93.10582089552238
eth,eth:m5:1775340600,"Ethereum Up or Down - April 4, 6:10PM-6:15PM ET",m5,2026-04-04T22:15:00+00:00,-56.19,391.77,0.0,0.0,0,56.19
eth,eth:m15:1775340000,"Ethereum Up or Down - April 4, 6:00PM-6:15PM ET",m15,2026-04-04T22:15:00+00:00,47.87,599.23,0.0,0.0,0,-47.87
eth,eth:m5:1775340900,"Ethereum Up or Down - April 4, 6:15PM-6:20PM ET",m5,2026-04-04T22:20:00+00:00,2.35,236.79,0.0,0.0,0,-2.35
eth,eth:m5:1775341200,"Ethereum Up or Down - April 4, 6:20PM-6:25PM ET",m5,2026-04-04T22:25:00+00:00,65.44,608.98,0.0,0.0,0,-65.44
eth,eth:m15:1775340900,"Ethereum Up or Down - April 4, 6:15PM-6:30PM ET",m15,2026-04-04T22:30:00+00:00,47.67,248.12,0.0,0.0,0,-47.67
eth,eth:m5:1775341500,"Ethereum Up or Down - April 4, 6:25PM-6:30PM ET",m5,2026-04-04T22:30:00+00:00,16.0,403.18,0.0,0.0,0,-16.0
eth,eth:m5:1775341800,"Ethereum Up or Down - April 4, 6:30PM-6:35PM ET",m5,2026-04-04T22:35:00+00:00,-5.25,301.16,0.0,0.0,0,5.25
eth,eth:m5:1775342100,"Ethereum Up or Down - April 4, 6:35PM-6:40PM ET",m5,2026-04-04T22:40:00+00:00,94.56,339.83,0.0,0.0,0,-94.56
eth,eth:m15:1775341800,"Ethereum Up or Down - April 4, 6:30PM-6:45PM ET",m15,2026-04-04T22:45:00+00:00,-21.85,237.62,0.0,0.0,0,21.85
eth,eth:m5:1775342400,"Ethereum Up or Down - April 4, 6:40PM-6:45PM ET",m5,2026-04-04T22:45:00+00:00,39.4,407.66,0.0,0.0,0,-39.4
eth,eth:m5:1775342700,"Ethereum Up or Down - April 4, 6:45PM-6:50PM ET",m5,2026-04-04T22:50:00+00:00,-9.17,197.15,0.0,0.0,0,9.17
eth,eth:m5:1775343000,"Ethereum Up or Down - April 4, 6:50PM-6:55PM ET",m5,2026-04-04T22:55:00+00:00,-19.42,259.94,0.0,0.0,0,19.42
eth,eth:h1:1775340000,"Ethereum Up or Down - April 4, 6PM ET",h1,2026-04-04T23:00:00+00:00,211.56,1618.42,5.6325806451612905,9.19,1,-205.92741935483872
eth,eth:m5:1775343300,"Ethereum Up or Down - April 4, 6:55PM-7:00PM ET",m5,2026-04-04T23:00:00+00:00,39.53,390.29,-0.6371014492753622,6.28,1,-40.167101449275364
eth,eth:m15:1775342700,"Ethereum Up or Down - April 4, 6:45PM-7:00PM ET",m15,2026-04-04T23:00:00+00:00,3.19,427.34,0.0,0.0,0,-3.19
eth,eth:m5:1775343600,"Ethereum Up or Down - April 4, 7:00PM-7:05PM ET",m5,2026-04-04T23:05:00+00:00,-22.46,195.2,0.0,0.0,0,22.46
eth,eth:m5:1775343900,"Ethereum Up or Down - April 4, 7:05PM-7:10PM ET",m5,2026-04-04T23:10:00+00:00,-25.41,184.74,0.0,0.0,0,25.41
eth,eth:m15:1775343600,"Ethereum Up or Down - April 4, 7:00PM-7:15PM ET",m15,2026-04-04T23:15:00+00:00,-4.17,83.86,0.0,0.0,0,4.17
eth,eth:m5:1775344200,"Ethereum Up or Down - April 4, 7:10PM-7:15PM ET",m5,2026-04-04T23:15:00+00:00,-2.6,425.84,0.0,0.0,0,2.6
eth,eth:m5:1775344500,"Ethereum Up or Down - April 4, 7:15PM-7:20PM ET",m5,2026-04-04T23:20:00+00:00,77.1,348.74,1.124776119402985,6.28,1,-75.97522388059701
eth,eth:m5:1775344800,"Ethereum Up or Down - April 4, 7:20PM-7:25PM ET",m5,2026-04-04T23:25:00+00:00,15.97,257.97,0.0,0.0,0,-15.97
eth,eth:m5:1775345100,"Ethereum Up or Down - April 4, 7:25PM-7:30PM ET",m5,2026-04-04T23:30:00+00:00,19.17,643.8,0.0,0.0,0,-19.17
eth,eth:m15:1775344500,"Ethereum Up or Down - April 4, 7:15PM-7:30PM ET",m15,2026-04-04T23:30:00+00:00,17.92,337.6,0.0,0.0,0,-17.92
eth,eth:m5:1775345400,"Ethereum Up or Down - April 4, 7:30PM-7:35PM ET",m5,2026-04-04T23:35:00+00:00,-9.36,378.05,0.0,0.0,0,9.36
eth,eth:m5:1775345700,"Ethereum Up or Down - April 4, 7:35PM-7:40PM ET",m5,2026-04-04T23:40:00+00:00,-0.52,299.6,0.0,0.0,0,0.52
eth,eth:m5:1775346000,"Ethereum Up or Down - April 4, 7:40PM-7:45PM ET",m5,2026-04-04T23:45:00+00:00,35.83,649.14,0.0,0.0,0,-35.83
eth,eth:m15:1775345400,"Ethereum Up or Down - April 4, 7:30PM-7:45PM ET",m15,2026-04-04T23:45:00+00:00,-11.27,485.15,0.0,0.0,0,11.27
eth,eth:m5:1775346300,"Ethereum Up or Down - April 4, 7:45PM-7:50PM ET",m5,2026-04-04T23:50:00+00:00,14.09,641.48,0.0,0.0,0,-14.09
eth,eth:m5:1775346600,"Ethereum Up or Down - April 4, 7:50PM-7:55PM ET",m5,2026-04-04T23:55:00+00:00,41.56,301.22,0.0,0.0,0,-41.56
eth,eth:h1:1775343600,"Ethereum Up or Down - April 4, 7PM ET",h1,2026-04-05T00:00:00+00:00,-5.66,287.61,0.0,0.0,0,5.66
eth,eth:m5:1775346900,"Ethereum Up or Down - April 4, 7:55PM-8:00PM ET",m5,2026-04-05T00:00:00+00:00,4.49,509.88,0.0,0.0,0,-4.49
eth,eth:m15:1775346300,"Ethereum Up or Down - April 4, 7:45PM-8:00PM ET",m15,2026-04-05T00:00:00+00:00,-1.15,761.37,0.0,0.0,0,1.15
eth,eth:m5:1775347200,"Ethereum Up or Down - April 4, 8:00PM-8:05PM ET",m5,2026-04-05T00:05:00+00:00,-13.12,329.0,0.0,0.0,0,13.12
eth,eth:m5:1775347500,"Ethereum Up or Down - April 4, 8:05PM-8:10PM ET",m5,2026-04-05T00:10:00+00:00,22.84,349.29,0.0,0.0,0,-22.84
eth,eth:m5:1775347800,"Ethereum Up or Down - April 4, 8:10PM-8:15PM ET",m5,2026-04-05T00:15:00+00:00,10.91,369.45,0.0,0.0,0,-10.91
eth,eth:m15:1775347200,"Ethereum Up or Down - April 4, 8:00PM-8:15PM ET",m15,2026-04-05T00:15:00+00:00,-12.46,286.6,0.0,0.0,0,12.46
eth,eth:m5:1775348100,"Ethereum Up or Down - April 4, 8:15PM-8:20PM ET",m5,2026-04-05T00:20:00+00:00,-9.67,373.24,0.0,0.0,0,9.67
eth,eth:m5:1775348400,"Ethereum Up or Down - April 4, 8:20PM-8:25PM ET",m5,2026-04-05T00:25:00+00:00,16.39,377.4,0.0,0.0,0,-16.39
eth,eth:m15:1775348100,"Ethereum Up or Down - April 4, 8:15PM-8:30PM ET",m15,2026-04-05T00:30:00+00:00,3.34,395.63,0.0,0.0,0,-3.34
eth,eth:m5:1775348700,"Ethereum Up or Down - April 4, 8:25PM-8:30PM ET",m5,2026-04-05T00:30:00+00:00,175.31,451.86,0.0,0.0,0,-175.31
eth,eth:m5:1775349000,"Ethereum Up or Down - April 4, 8:30PM-8:35PM ET",m5,2026-04-05T00:35:00+00:00,-12.62,465.19,0.0,0.0,0,12.62
eth,eth:m5:1775349300,"Ethereum Up or Down - April 4, 8:35PM-8:40PM ET",m5,2026-04-05T00:40:00+00:00,-19.02,257.42,0.0,0.0,0,19.02
eth,eth:m15:1775349000,"Ethereum Up or Down - April 4, 8:30PM-8:45PM ET",m15,2026-04-05T00:45:00+00:00,118.4,692.31,0.0,0.0,0,-118.4
eth,eth:m5:1775349600,"Ethereum Up or Down - April 4, 8:40PM-8:45PM ET",m5,2026-04-05T00:45:00+00:00,29.56,249.7,0.0,0.0,0,-29.56
eth,eth:m5:1775349900,"Ethereum Up or Down - April 4, 8:45PM-8:50PM ET",m5,2026-04-05T00:50:00+00:00,-3.21,298.03,0.0,0.0,0,3.21
eth,eth:m5:1775350200,"Ethereum Up or Down - April 4, 8:50PM-8:55PM ET",m5,2026-04-05T00:55:00+00:00,-2.49,100.01,0.0,0.0,0,2.49
eth,eth:m5:1775350500,"Ethereum Up or Down - April 4, 8:55PM-9:00PM ET",m5,2026-04-05T01:00:00+00:00,21.53,279.98,1.2993103448275862,6.28,1,-20.230689655172416
eth,eth:h1:1775347200,"Ethereum Up or Down - April 4, 8PM ET",h1,2026-04-05T01:00:00+00:00,-45.56,809.38,0.0,0.0,0,45.56
eth,eth:m15:1775349900,"Ethereum Up or Down - April 4, 8:45PM-9:00PM ET",m15,2026-04-05T01:00:00+00:00,-7.46,29.13,0.0,0.0,0,7.46
eth,eth:m5:1775350800,"Ethereum Up or Down - April 4, 9:00PM-9:05PM ET",m5,2026-04-05T01:05:00+00:00,78.8,420.99,0.0,0.0,0,-78.8
eth,eth:m5:1775351100,"Ethereum Up or Down - April 4, 9:05PM-9:10PM ET",m5,2026-04-05T01:10:00+00:00,63.05,407.19,2.1270967741935474,6.28,1,-60.92290322580645
eth,eth:m15:1775350800,"Ethereum Up or Down - April 4, 9:00PM-9:15PM ET",m15,2026-04-05T01:15:00+00:00,21.96,768.98,2.1871621621621617,6.225,1,-19.77283783783784
eth,eth:m5:1775351400,"Ethereum Up or Down - April 4, 9:10PM-9:15PM ET",m5,2026-04-05T01:15:00+00:00,-57.47,339.12,0.0,0.0,0,57.47
eth,eth:m5:1775351700,"Ethereum Up or Down - April 4, 9:15PM-9:20PM ET",m5,2026-04-05T01:20:00+00:00,8.17,325.43,0.0,0.0,0,-8.17
eth,eth:m5:1775352000,"Ethereum Up or Down - April 4, 9:20PM-9:25PM ET",m5,2026-04-05T01:25:00+00:00,73.12,345.87,0.0,0.0,0,-73.12
eth,eth:m15:1775351700,"Ethereum Up or Down - April 4, 9:15PM-9:30PM ET",m15,2026-04-05T01:30:00+00:00,22.91,598.68,0.0,0.0,0,-22.91
eth,eth:m5:1775352300,"Ethereum Up or Down - April 4, 9:25PM-9:30PM ET",m5,2026-04-05T01:30:00+00:00,95.15,483.12,1.3837288135593226,6.28,1,-93.76627118644069
eth,eth:m5:1775352600,"Ethereum Up or Down - April 4, 9:30PM-9:35PM ET",m5,2026-04-05T01:35:00+00:00,54.74,748.42,1.3221052631578942,6.28,1,-53.41789473684211
eth,eth:m5:1775352900,"Ethereum Up or Down - April 4, 9:35PM-9:40PM ET",m5,2026-04-05T01:40:00+00:00,44.83,273.24,0.0,0.0,0,-44.83
eth,eth:m5:1775353200,"Ethereum Up or Down - April 4, 9:40PM-9:45PM ET",m5,2026-04-05T01:45:00+00:00,58.62,710.83,0.0,0.0,0,-58.62
eth,eth:m15:1775352600,"Ethereum Up or Down - April 4, 9:30PM-9:45PM ET",m15,2026-04-05T01:45:00+00:00,7.39,528.88,0.0,0.0,0,-7.39
eth,eth:m5:1775353500,"Ethereum Up or Down - April 4, 9:45PM-9:50PM ET",m5,2026-04-05T01:50:00+00:00,2.12,259.93,0.0,0.0,0,-2.12
eth,eth:m5:1775353800,"Ethereum Up or Down - April 4, 9:50PM-9:55PM ET",m5,2026-04-05T01:55:00+00:00,23.29,315.99,1.0921739130434798,6.28,1,-22.197826086956518
eth,eth:m5:1775354100,"Ethereum Up or Down - April 4, 9:55PM-10:00PM ET",m5,2026-04-05T02:00:00+00:00,34.06,372.87,0.0,0.0,0,-34.06
eth,eth:m15:1775353500,"Ethereum Up or Down - April 4, 9:45PM-10:00PM ET",m15,2026-04-05T02:00:00+00:00,40.67,759.38,0.0,0.0,0,-40.67
eth,eth:h1:1775350800,"Ethereum Up or Down - April 4, 9PM ET",h1,2026-04-05T02:00:00+00:00,48.57,315.86,0.0,0.0,0,-48.57
eth,eth:m5:1775354400,"Ethereum Up or Down - April 4, 10:00PM-10:05PM ET",m5,2026-04-05T02:05:00+00:00,63.82,553.09,1.5379591836734692,6.28,1,-62.28204081632653
eth,eth:m5:1775354700,"Ethereum Up or Down - April 4, 10:05PM-10:10PM ET",m5,2026-04-05T02:10:00+00:00,16.04,473.96,1.124776119402985,6.28,1,-14.915223880597015
eth,eth:m5:1775355000,"Ethereum Up or Down - April 4, 10:10PM-10:15PM ET",m5,2026-04-05T02:15:00+00:00,23.49,515.43,0.0,0.0,0,-23.49
eth,eth:m15:1775354400,"Ethereum Up or Down - April 4, 10:00PM-10:15PM ET",m15,2026-04-05T02:15:00+00:00,101.74,1243.5,0.0,0.0,0,-101.74
eth,eth:m5:1775355300,"Ethereum Up or Down - April 4, 10:15PM-10:20PM ET",m5,2026-04-05T02:20:00+00:00,0.37,367.16,0.0,0.0,0,-0.37
eth,eth:m5:1775355600,"Ethereum Up or Down - April 4, 10:20PM-10:25PM ET",m5,2026-04-05T02:25:00+00:00,9.98,290.88,0.0,0.0,0,-9.98
eth,eth:m15:1775355300,"Ethereum Up or Down - April 4, 10:15PM-10:30PM ET",m15,2026-04-05T02:30:00+00:00,-14.86,378.02,0.0,0.0,0,14.86
eth,eth:m5:1775355900,"Ethereum Up or Down - April 4, 10:25PM-10:30PM ET",m5,2026-04-05T02:30:00+00:00,48.32,659.65,0.0,0.0,0,-48.32
eth,eth:m5:1775356200,"Ethereum Up or Down - April 4, 10:30PM-10:35PM ET",m5,2026-04-05T02:35:00+00:00,-1.63,266.22,0.0,0.0,0,1.63
eth,eth:m5:1775356500,"Ethereum Up or Down - April 4, 10:35PM-10:40PM ET",m5,2026-04-05T02:40:00+00:00,19.39,224.34,0.0,0.0,0,-19.39
eth,eth:m5:1775356800,"Ethereum Up or Down - April 4, 10:40PM-10:45PM ET",m5,2026-04-05T02:45:00+00:00,-7.49,296.0,0.0,0.0,0,7.49
eth,eth:m15:1775356200,"Ethereum Up or Down - April 4, 10:30PM-10:45PM ET",m15,2026-04-05T02:45:00+00:00,7.52,611.31,0.0,0.0,0,-7.52
eth,eth:m5:1775357100,"Ethereum Up or Down - April 4, 10:45PM-10:50PM ET",m5,2026-04-05T02:50:00+00:00,-15.75,333.55,0.0,0.0,0,15.75
eth,eth:m5:1775357400,"Ethereum Up or Down - April 4, 10:50PM-10:55PM ET",m5,2026-04-05T02:55:00+00:00,8.45,136.62,0.0,0.0,0,-8.45
eth,eth:m5:1775357700,"Ethereum Up or Down - April 4, 10:55PM-11:00PM ET",m5,2026-04-05T03:00:00+00:00,11.54,285.97,0.0,0.0,0,-11.54
eth,eth:h1:1775354400,"Ethereum Up or Down - April 4, 10PM ET",h1,2026-04-05T03:00:00+00:00,-157.2,1832.05,0.0,0.0,0,157.2
eth,eth:m15:1775357100,"Ethereum Up or Down - April 4, 10:45PM-11:00PM ET",m15,2026-04-05T03:00:00+00:00,16.19,353.06,0.0,0.0,0,-16.19
eth,eth:m5:1775358000,"Ethereum Up or Down - April 4, 11:00PM-11:05PM ET",m5,2026-04-05T03:05:00+00:00,12.66,376.71,0.0,0.0,0,-12.66
eth,eth:m5:1775358300,"Ethereum Up or Down - April 4, 11:05PM-11:10PM ET",m5,2026-04-05T03:10:00+00:00,-20.25,357.69,0.0,0.0,0,20.25
eth,eth:m5:1775358600,"Ethereum Up or Down - April 4, 11:10PM-11:15PM ET",m5,2026-04-05T03:15:00+00:00,-7.66,370.05,0.0,0.0,0,7.66
eth,eth:m15:1775358000,"Ethereum Up or Down - April 4, 11:00PM-11:15PM ET",m15,2026-04-05T03:15:00+00:00,20.73,623.81,0.0,0.0,0,-20.73
eth,eth:m5:1775358900,"Ethereum Up or Down - April 4, 11:15PM-11:20PM ET",m5,2026-04-05T03:20:00+00:00,-4.52,197.38,0.0,0.0,0,4.52
eth,eth:m5:1775359200,"Ethereum Up or Down - April 4, 11:20PM-11:25PM ET",m5,2026-04-05T03:25:00+00:00,27.71,228.16,0.0,0.0,0,-27.71
eth,eth:m5:1775359500,"Ethereum Up or Down - April 4, 11:25PM-11:30PM ET",m5,2026-04-05T03:30:00+00:00,9.1,198.55,0.0,0.0,0,-9.1
eth,eth:m15:1775358900,"Ethereum Up or Down - April 4, 11:15PM-11:30PM ET",m15,2026-04-05T03:30:00+00:00,-9.74,174.81,0.0,0.0,0,9.74
eth,eth:m5:1775359800,"Ethereum Up or Down - April 4, 11:30PM-11:35PM ET",m5,2026-04-05T03:35:00+00:00,-26.82,288.73,0.0,0.0,0,26.82
eth,eth:m5:1775360100,"Ethereum Up or Down - April 4, 11:35PM-11:40PM ET",m5,2026-04-05T03:40:00+00:00,11.5,370.87,0.0,0.0,0,-11.5
eth,eth:m5:1775360400,"Ethereum Up or Down - April 4, 11:40PM-11:45PM ET",m5,2026-04-05T03:45:00+00:00,25.06,243.86,0.0,0.0,0,-25.06
eth,eth:m15:1775359800,"Ethereum Up or Down - April 4, 11:30PM-11:45PM ET",m15,2026-04-05T03:45:00+00:00,24.67,221.55,0.0,0.0,0,-24.67
eth,eth:m5:1775360700,"Ethereum Up or Down - April 4, 11:45PM-11:50PM ET",m5,2026-04-05T03:50:00+00:00,-28.24,494.02,0.0,0.0,0,28.24
eth,eth:m5:1775361000,"Ethereum Up or Down - April 4, 11:50PM-11:55PM ET",m5,2026-04-05T03:55:00+00:00,-11.44,210.28,0.0,0.0,0,11.44
eth,eth:h1:1775358000,"Ethereum Up or Down - April 4, 11PM ET",h1,2026-04-05T04:00:00+00:00,80.03,510.08,0.0,0.0,0,-80.03
eth,eth:m5:1775361600,"Ethereum Up or Down - April 5, 12:00AM-12:05AM ET",m5,2026-04-05T04:05:00+00:00,61.6,1007.75,0.0,0.0,0,-61.6
eth,eth:m5:1775361900,"Ethereum Up or Down - April 5, 12:05AM-12:10AM ET",m5,2026-04-05T04:10:00+00:00,14.83,255.34,0.0,0.0,0,-14.83
eth,eth:m15:1775361600,"Ethereum Up or Down - April 5, 12:00AM-12:15AM ET",m15,2026-04-05T04:15:00+00:00,57.88,1225.13,0.0,0.0,0,-57.88
eth,eth:m5:1775362200,"Ethereum Up or Down - April 5, 12:10AM-12:15AM ET",m5,2026-04-05T04:15:00+00:00,0.33,341.36,0.0,0.0,0,-0.33
eth,eth:m5:1775362500,"Ethereum Up or Down - April 5, 12:15AM-12:20AM ET",m5,2026-04-05T04:20:00+00:00,64.02,287.79,0.0,0.0,0,-64.02
eth,eth:m5:1775362800,"Ethereum Up or Down - April 5, 12:20AM-12:25AM ET",m5,2026-04-05T04:25:00+00:00,-35.96,484.54,0.0,0.0,0,35.96
eth,eth:m5:1775363100,"Ethereum Up or Down - April 5, 12:25AM-12:30AM ET",m5,2026-04-05T04:30:00+00:00,7.32,146.37,0.0,0.0,0,-7.32
eth,eth:m15:1775362500,"Ethereum Up or Down - April 5, 12:15AM-12:30AM ET",m15,2026-04-05T04:30:00+00:00,-22.1,993.32,0.0,0.0,0,22.1
eth,eth:m5:1775363400,"Ethereum Up or Down - April 5, 12:30AM-12:35AM ET",m5,2026-04-05T04:35:00+00:00,22.89,275.8,0.0,0.0,0,-22.89
eth,eth:m5:1775363700,"Ethereum Up or Down - April 5, 12:35AM-12:40AM ET",m5,2026-04-05T04:40:00+00:00,23.78,293.22,0.0,0.0,0,-23.78
eth,eth:m5:1775364000,"Ethereum Up or Down - April 5, 12:40AM-12:45AM ET",m5,2026-04-05T04:45:00+00:00,16.31,198.84,0.0,0.0,0,-16.31
eth,eth:m15:1775363400,"Ethereum Up or Down - April 5, 12:30AM-12:45AM ET",m15,2026-04-05T04:45:00+00:00,-58.47,686.92,0.0,0.0,0,58.47
eth,eth:m5:1775364300,"Ethereum Up or Down - April 5, 12:45AM-12:50AM ET",m5,2026-04-05T04:50:00+00:00,37.96,492.66,0.0,0.0,0,-37.96
eth,eth:m5:1775364600,"Ethereum Up or Down - April 5, 12:50AM-12:55AM ET",m5,2026-04-05T04:55:00+00:00,-2.75,360.83,0.0,0.0,0,2.75
eth,eth:h1:1775361600,"Ethereum Up or Down - April 5, 12AM ET",h1,2026-04-05T05:00:00+00:00,325.93,2857.02,0.0,0.0,0,-325.93
eth,eth:m15:1775364300,"Ethereum Up or Down - April 5, 12:45AM-1:00AM ET",m15,2026-04-05T05:00:00+00:00,122.98,1226.94,0.0,0.0,0,-122.98
eth,eth:m5:1775364900,"Ethereum Up or Down - April 5, 12:55AM-1:00AM ET",m5,2026-04-05T05:00:00+00:00,-20.49,447.8,0.0,0.0,0,20.49
eth,eth:m5:1775365200,"Ethereum Up or Down - April 5, 1:00AM-1:05AM ET",m5,2026-04-05T05:05:00+00:00,-5.19,183.97,0.0,0.0,0,5.19
eth,eth:m5:1775365500,"Ethereum Up or Down - April 5, 1:05AM-1:10AM ET",m5,2026-04-05T05:10:00+00:00,41.5,226.29,0.0,0.0,0,-41.5
eth,eth:m5:1775365800,"Ethereum Up or Down - April 5, 1:10AM-1:15AM ET",m5,2026-04-05T05:15:00+00:00,53.01,356.51,0.0,0.0,0,-53.01
eth,eth:m15:1775365200,"Ethereum Up or Down - April 5, 1:00AM-1:15AM ET",m15,2026-04-05T05:15:00+00:00,-46.53,1097.15,0.0,0.0,0,46.53
eth,eth:m5:1775366100,"Ethereum Up or Down - April 5, 1:15AM-1:20AM ET",m5,2026-04-05T05:20:00+00:00,-56.1,793.74,0.0,0.0,0,56.1
eth,eth:m5:1775366400,"Ethereum Up or Down - April 5, 1:20AM-1:25AM ET",m5,2026-04-05T05:25:00+00:00,18.41,237.02,0.0,0.0,0,-18.41
eth,eth:m15:1775366100,"Ethereum Up or Down - April 5, 1:15AM-1:30AM ET",m15,2026-04-05T05:30:00+00:00,50.72,1747.11,-6.13972602739726,6.225,1,-56.85972602739726
eth,eth:m5:1775366700,"Ethereum Up or Down - April 5, 1:25AM-1:30AM ET",m5,2026-04-05T05:30:00+00:00,-48.46,840.0,0.0,0.0,0,48.46
eth,eth:m5:1775367000,"Ethereum Up or Down - April 5, 1:30AM-1:35AM ET",m5,2026-04-05T05:35:00+00:00,-42.18,756.32,0.0,0.0,0,42.18
eth,eth:m5:1775367300,"Ethereum Up or Down - April 5, 1:35AM-1:40AM ET",m5,2026-04-05T05:40:00+00:00,99.16,748.92,-0.7281159420289853,6.28,1,-99.88811594202897
eth,eth:m15:1775367000,"Ethereum Up or Down - April 5, 1:30AM-1:45AM ET",m15,2026-04-05T05:45:00+00:00,-81.06,1254.17,0.0,0.0,0,81.06
eth,eth:m5:1775367600,"Ethereum Up or Down - April 5, 1:40AM-1:45AM ET",m5,2026-04-05T05:45:00+00:00,-0.9,366.56,0.0,0.0,0,0.9
eth,eth:m5:1775367900,"Ethereum Up or Down - April 5, 1:45AM-1:50AM ET",m5,2026-04-05T05:50:00+00:00,-113.23,709.92,0.0,0.0,0,113.23
eth,eth:m5:1775368200,"Ethereum Up or Down - April 5, 1:50AM-1:55AM ET",m5,2026-04-05T05:55:00+00:00,6.74,377.51,0.0,0.0,0,-6.74
eth,eth:h1:1775365200,"Ethereum Up or Down - April 5, 1AM ET",h1,2026-04-05T06:00:00+00:00,20.43,1632.87,0.0,0.0,0,-20.43
eth,eth:m15:1775367900,"Ethereum Up or Down - April 5, 1:45AM-2:00AM ET",m15,2026-04-05T06:00:00+00:00,242.72,2637.47,0.0,0.0,0,-242.72
eth,eth:m5:1775368500,"Ethereum Up or Down - April 5, 1:55AM-2:00AM ET",m5,2026-04-05T06:00:00+00:00,50.02,563.79,1.0921739130434798,6.28,1,-48.92782608695652
eth,eth:m5:1775368800,"Ethereum Up or Down - April 5, 2:00AM-2:05AM ET",m5,2026-04-05T06:05:00+00:00,136.85,465.63,0.0,0.0,0,-136.85
eth,eth:m5:1775369100,"Ethereum Up or Down - April 5, 2:05AM-2:10AM ET",m5,2026-04-05T06:10:00+00:00,69.27,569.18,0.0,0.0,0,-69.27
eth,eth:m15:1775368800,"Ethereum Up or Down - April 5, 2:00AM-2:15AM ET",m15,2026-04-05T06:15:00+00:00,15.1,333.84,0.0,0.0,0,-15.1
eth,eth:m5:1775369400,"Ethereum Up or Down - April 5, 2:10AM-2:15AM ET",m5,2026-04-05T06:15:00+00:00,7.46,745.06,0.0,0.0,0,-7.46
eth,eth:m5:1775369700,"Ethereum Up or Down - April 5, 2:15AM-2:20AM ET",m5,2026-04-05T06:20:00+00:00,52.14,760.72,1.235409836065573,6.28,1,-50.90459016393443
eth,eth:m5:1775370000,"Ethereum Up or Down - April 5, 2:20AM-2:25AM ET",m5,2026-04-05T06:25:00+00:00,23.23,599.5,0.0,0.0,0,-23.23
eth,eth:m5:1775370300,"Ethereum Up or Down - April 5, 2:25AM-2:30AM ET",m5,2026-04-05T06:30:00+00:00,6.53,201.24,-3.4438709677419355,6.28,1,-9.973870967741936
eth,eth:m15:1775369700,"Ethereum Up or Down - April 5, 2:15AM-2:30AM ET",m15,2026-04-05T06:30:00+00:00,-33.47,1148.87,-1.9781690140845072,14.045,2,31.49183098591549
eth,eth:m5:1775370600,"Ethereum Up or Down - April 5, 2:30AM-2:35AM ET",m5,2026-04-05T06:35:00+00:00,-13.76,191.78,0.0,0.0,0,13.76
eth,eth:m5:1775370900,"Ethereum Up or Down - April 5, 2:35AM-2:40AM ET",m5,2026-04-05T06:40:00+00:00,-23.17,349.19,1.2742028985507252,6.28,1,24.444202898550728
eth,eth:m15:1775370600,"Ethereum Up or Down - April 5, 2:30AM-2:45AM ET",m15,2026-04-05T06:45:00+00:00,-9.22,264.82,0.0,0.0,0,9.22
eth,eth:m5:1775371200,"Ethereum Up or Down - April 5, 2:40AM-2:45AM ET",m5,2026-04-05T06:45:00+00:00,62.92,364.75,-1.092173913043478,6.28,1,-64.01217391304348
eth,eth:m5:1775371500,"Ethereum Up or Down - April 5, 2:45AM-2:50AM ET",m5,2026-04-05T06:50:00+00:00,38.47,278.93,0.0,0.0,0,-38.47
eth,eth:m5:1775371800,"Ethereum Up or Down - April 5, 2:50AM-2:55AM ET",m5,2026-04-05T06:55:00+00:00,103.11,233.11,0.0,0.0,0,-103.11
eth,eth:m5:1775372100,"Ethereum Up or Down - April 5, 2:55AM-3:00AM ET",m5,2026-04-05T07:00:00+00:00,-40.25,188.95,0.0,0.0,0,40.25
eth,eth:h1:1775368800,"Ethereum Up or Down - April 5, 2AM ET",h1,2026-04-05T07:00:00+00:00,432.72,877.8,0.0,0.0,0,-432.72
eth,eth:m15:1775371500,"Ethereum Up or Down - April 5, 2:45AM-3:00AM ET",m15,2026-04-05T07:00:00+00:00,15.88,578.3,0.0,0.0,0,-15.88
eth,eth:m5:1775372400,"Ethereum Up or Down - April 5, 3:00AM-3:05AM ET",m5,2026-04-05T07:05:00+00:00,-22.05,52.58,0.0,0.0,0,22.05
eth,eth:m5:1775372700,"Ethereum Up or Down - April 5, 3:05AM-3:10AM ET",m5,2026-04-05T07:10:00+00:00,3.04,193.2,0.0,0.0,0,-3.04
eth,eth:m5:1775373000,"Ethereum Up or Down - April 5, 3:10AM-3:15AM ET",m5,2026-04-05T07:15:00+00:00,-0.82,177.59,0.0,0.0,0,0.82
eth,eth:m15:1775372400,"Ethereum Up or Down - April 5, 3:00AM-3:15AM ET",m15,2026-04-05T07:15:00+00:00,6.46,182.9,0.0,0.0,0,-6.46
eth,eth:m5:1775373300,"Ethereum Up or Down - April 5, 3:15AM-3:20AM ET",m5,2026-04-05T07:20:00+00:00,29.73,486.36,0.0,0.0,0,-29.73
eth,eth:m5:1775373600,"Ethereum Up or Down - April 5, 3:20AM-3:25AM ET",m5,2026-04-05T07:25:00+00:00,0.05,142.03,0.0,0.0,0,-0.05
eth,eth:m15:1775373300,"Ethereum Up or Down - April 5, 3:15AM-3:30AM ET",m15,2026-04-05T07:30:00+00:00,12.66,161.44,-0.8412162162162167,6.225,1,-13.501216216216218
eth,eth:m5:1775373900,"Ethereum Up or Down - April 5, 3:25AM-3:30AM ET",m5,2026-04-05T07:30:00+00:00,12.48,299.66,-0.2730434782608686,6.28,1,-12.753043478260869
eth,eth:m5:1775374200,"Ethereum Up or Down - April 5, 3:30AM-3:35AM ET",m5,2026-04-05T07:35:00+00:00,10.13,341.3,0.0,0.0,0,-10.13
eth,eth:m5:1775374500,"Ethereum Up or Down - April 5, 3:35AM-3:40AM ET",m5,2026-04-05T07:40:00+00:00,7.46,115.81,0.0,0.0,0,-7.46
eth,eth:m5:1775374800,"Ethereum Up or Down - April 5, 3:40AM-3:45AM ET",m5,2026-04-05T07:45:00+00:00,19.99,151.78,0.0,0.0,0,-19.99
eth,eth:m15:1775374200,"Ethereum Up or Down - April 5, 3:30AM-3:45AM ET",m15,2026-04-05T07:45:00+00:00,-2.04,87.19,0.0,0.0,0,2.04
eth,eth:m5:1775375100,"Ethereum Up or Down - April 5, 3:45AM-3:50AM ET",m5,2026-04-05T07:50:00+00:00,49.55,360.86,0.0,0.0,0,-49.55
eth,eth:m5:1775375400,"Ethereum Up or Down - April 5, 3:50AM-3:55AM ET",m5,2026-04-05T07:55:00+00:00,4.92,247.52,0.0,0.0,0,-4.92
eth,eth:h1:1775372400,"Ethereum Up or Down - April 5, 3AM ET",h1,2026-04-05T08:00:00+00:00,-12.53,1806.81,4.388378378378379,12.49,1,16.918378378378378
eth,eth:m15:1775375100,"Ethereum Up or Down - April 5, 3:45AM-4:00AM ET",m15,2026-04-05T08:00:00+00:00,8.49,510.58,0.0,0.0,0,-8.49
eth,eth:m5:1775375700,"Ethereum Up or Down - April 5, 3:55AM-4:00AM ET",m5,2026-04-05T08:00:00+00:00,-4.9,125.0,0.0,0.0,0,4.9
eth,eth:m5:1775376000,"Ethereum Up or Down - April 5, 4:00AM-4:05AM ET",m5,2026-04-05T08:05:00+00:00,48.08,480.14,0.0,0.0,0,-48.08
eth,eth:m5:1775376300,"Ethereum Up or Down - April 5, 4:05AM-4:10AM ET",m5,2026-04-05T08:10:00+00:00,2.9,129.9,0.0,0.0,0,-2.9
eth,eth:m15:1775376000,"Ethereum Up or Down - April 5, 4:00AM-4:15AM ET",m15,2026-04-05T08:15:00+00:00,-41.91,522.96,0.0,0.0,0,41.91
eth,eth:m5:1775376600,"Ethereum Up or Down - April 5, 4:10AM-4:15AM ET",m5,2026-04-05T08:15:00+00:00,24.77,347.79,0.0,0.0,0,-24.77
eth,eth:m5:1775376900,"Ethereum Up or Down - April 5, 4:15AM-4:20AM ET",m5,2026-04-05T08:20:00+00:00,11.75,378.61,0.0,0.0,0,-11.75
eth,eth:m5:1775377200,"Ethereum Up or Down - April 5, 4:20AM-4:25AM ET",m5,2026-04-05T08:25:00+00:00,-33.93,361.91,0.0,0.0,0,33.93
eth,eth:m5:1775377500,"Ethereum Up or Down - April 5, 4:25AM-4:30AM ET",m5,2026-04-05T08:30:00+00:00,14.74,181.07,0.0,0.0,0,-14.74
eth,eth:m15:1775376900,"Ethereum Up or Down - April 5, 4:15AM-4:30AM ET",m15,2026-04-05T08:30:00+00:00,7.38,279.5,0.0,0.0,0,-7.38
eth,eth:m5:1775377800,"Ethereum Up or Down - April 5, 4:30AM-4:35AM ET",m5,2026-04-05T08:35:00+00:00,25.43,223.84,0.0,0.0,0,-25.43
eth,eth:m5:1775378100,"Ethereum Up or Down - April 5, 4:35AM-4:40AM ET",m5,2026-04-05T08:40:00+00:00,11.03,172.54,0.0,0.0,0,-11.03
eth,eth:m5:1775378400,"Ethereum Up or Down - April 5, 4:40AM-4:45AM ET",m5,2026-04-05T08:45:00+00:00,-7.05,139.22,0.0,0.0,0,7.05
eth,eth:m15:1775377800,"Ethereum Up or Down - April 5, 4:30AM-4:45AM ET",m15,2026-04-05T08:45:00+00:00,177.98,619.44,0.0,0.0,0,-177.98
eth,eth:m5:1775378700,"Ethereum Up or Down - April 5, 4:45AM-4:50AM ET",m5,2026-04-05T08:50:00+00:00,-29.3,209.96,0.0,0.0,0,29.3
eth,eth:m5:1775379000,"Ethereum Up or Down - April 5, 4:50AM-4:55AM ET",m5,2026-04-05T08:55:00+00:00,7.63,221.1,0.0,0.0,0,-7.63
eth,eth:m15:1775378700,"Ethereum Up or Down - April 5, 4:45AM-5:00AM ET",m15,2026-04-05T09:00:00+00:00,-6.68,513.43,0.0,0.0,0,6.68
eth,eth:m5:1775379300,"Ethereum Up or Down - April 5, 4:55AM-5:00AM ET",m5,2026-04-05T09:00:00+00:00,7.88,149.34,0.0,0.0,0,-7.88
eth,eth:h1:1775376000,"Ethereum Up or Down - April 5, 4AM ET",h1,2026-04-05T09:00:00+00:00,-167.38,2284.62,0.0,0.0,0,167.38
eth,eth:m5:1775379600,"Ethereum Up or Down - April 5, 5:00AM-5:05AM ET",m5,2026-04-05T09:05:00+00:00,28.44,270.83,0.0,0.0,0,-28.44
eth,eth:m5:1775379900,"Ethereum Up or Down - April 5, 5:05AM-5:10AM ET",m5,2026-04-05T09:10:00+00:00,25.34,310.66,1.2559999999999993,6.28,1,-24.084
eth,eth:m15:1775379600,"Ethereum Up or Down - April 5, 5:00AM-5:15AM ET",m15,2026-04-05T09:15:00+00:00,-33.33,442.55,0.0,0.0,0,33.33
eth,eth:m5:1775380200,"Ethereum Up or Down - April 5, 5:10AM-5:15AM ET",m5,2026-04-05T09:15:00+00:00,9.84,250.2,-0.588750000000001,6.28,1,-10.42875
eth,eth:m5:1775380500,"Ethereum Up or Down - April 5, 5:15AM-5:20AM ET",m5,2026-04-05T09:20:00+00:00,2.76,86.82,-1.4469230769230768,6.27,1,-4.2069230769230765
eth,eth:m5:1775380800,"Ethereum Up or Down - April 5, 5:20AM-5:25AM ET",m5,2026-04-05T09:25:00+00:00,11.18,132.21,0.0,0.0,0,-11.18
eth,eth:m5:1775381100,"Ethereum Up or Down - April 5, 5:25AM-5:30AM ET",m5,2026-04-05T09:30:00+00:00,-16.18,936.53,0.0,0.0,0,16.18
eth,eth:m15:1775380500,"Ethereum Up or Down - April 5, 5:15AM-5:30AM ET",m15,2026-04-05T09:30:00+00:00,19.65,238.02,0.0,0.0,0,-19.65
eth,eth:m5:1775381400,"Ethereum Up or Down - April 5, 5:30AM-5:35AM ET",m5,2026-04-05T09:35:00+00:00,3.96,392.72,0.0,0.0,0,-3.96
eth,eth:m5:1775381700,"Ethereum Up or Down - April 5, 5:35AM-5:40AM ET",m5,2026-04-05T09:40:00+00:00,12.47,290.15,0.0,0.0,0,-12.47
eth,eth:m15:1775381400,"Ethereum Up or Down - April 5, 5:30AM-5:45AM ET",m15,2026-04-05T09:45:00+00:00,67.52,806.52,0.0,0.0,0,-67.52
eth,eth:m5:1775382000,"Ethereum Up or Down - April 5, 5:40AM-5:45AM ET",m5,2026-04-05T09:45:00+00:00,6.61,445.63,0.0,0.0,0,-6.61
eth,eth:m5:1775382300,"Ethereum Up or Down - April 5, 5:45AM-5:50AM ET",m5,2026-04-05T09:50:00+00:00,15.06,528.04,0.0,0.0,0,-15.06
eth,eth:m5:1775382600,"Ethereum Up or Down - April 5, 5:50AM-5:55AM ET",m5,2026-04-05T09:55:00+00:00,-23.6,189.0,0.0,0.0,0,23.6
eth,eth:m5:1775382900,"Ethereum Up or Down - April 5, 5:55AM-6:00AM ET",m5,2026-04-05T10:00:00+00:00,-10.46,328.31,0.0,0.0,0,10.46
eth,eth:m15:1775382300,"Ethereum Up or Down - April 5, 5:45AM-6:00AM ET",m15,2026-04-05T10:00:00+00:00,72.87,1275.77,0.0,0.0,0,-72.87
eth,eth:h1:1775379600,"Ethereum Up or Down - April 5, 5AM ET",h1,2026-04-05T10:00:00+00:00,-68.98,729.46,0.0,0.0,0,68.98
eth,eth:m5:1775383200,"Ethereum Up or Down - April 5, 6:00AM-6:05AM ET",m5,2026-04-05T10:05:00+00:00,27.89,598.61,0.0,0.0,0,-27.89
eth,eth:m5:1775383500,"Ethereum Up or Down - April 5, 6:05AM-6:10AM ET",m5,2026-04-05T10:10:00+00:00,-4.4,148.98,0.0,0.0,0,4.4
eth,eth:m15:1775383200,"Ethereum Up or Down - April 5, 6:00AM-6:15AM ET",m15,2026-04-05T10:15:00+00:00,16.27,644.19,0.0,0.0,0,-16.27
eth,eth:m5:1775383800,"Ethereum Up or Down - April 5, 6:10AM-6:15AM ET",m5,2026-04-05T10:15:00+00:00,-30.74,202.37,0.0,0.0,0,30.74
eth,eth:m5:1775384100,"Ethereum Up or Down - April 5, 6:15AM-6:20AM ET",m5,2026-04-05T10:20:00+00:00,-11.05,183.17,0.0,0.0,0,11.05
eth,eth:m5:1775384400,"Ethereum Up or Down - April 5, 6:20AM-6:25AM ET",m5,2026-04-05T10:25:00+00:00,25.12,189.22,0.0,0.0,0,-25.12
eth,eth:m15:1775384100,"Ethereum Up or Down - April 5, 6:15AM-6:30AM ET",m15,2026-04-05T10:30:00+00:00,-1.27,143.04,0.0,0.0,0,1.27
eth,eth:m5:1775384700,"Ethereum Up or Down - April 5, 6:25AM-6:30AM ET",m5,2026-04-05T10:30:00+00:00,6.39,172.13,0.0,0.0,0,-6.39
eth,eth:m5:1775385000,"Ethereum Up or Down - April 5, 6:30AM-6:35AM ET",m5,2026-04-05T10:35:00+00:00,9.71,372.25,0.0,0.0,0,-9.71
eth,eth:m5:1775385300,"Ethereum Up or Down - April 5, 6:35AM-6:40AM ET",m5,2026-04-05T10:40:00+00:00,21.91,385.24,0.0,0.0,0,-21.91
eth,eth:m15:1775385000,"Ethereum Up or Down - April 5, 6:30AM-6:45AM ET",m15,2026-04-05T10:45:00+00:00,-19.19,379.51,0.0,0.0,0,19.19
eth,eth:m5:1775385600,"Ethereum Up or Down - April 5, 6:40AM-6:45AM ET",m5,2026-04-05T10:45:00+00:00,4.95,314.7,0.0,0.0,0,-4.95
eth,eth:m5:1775385900,"Ethereum Up or Down - April 5, 6:45AM-6:50AM ET",m5,2026-04-05T10:50:00+00:00,8.78,85.22,0.0,0.0,0,-8.78
eth,eth:m5:1775386200,"Ethereum Up or Down - April 5, 6:50AM-6:55AM ET",m5,2026-04-05T10:55:00+00:00,14.82,203.34,0.0,0.0,0,-14.82
eth,eth:m5:1775386500,"Ethereum Up or Down - April 5, 6:55AM-7:00AM ET",m5,2026-04-05T11:00:00+00:00,-85.34,560.41,0.0,0.0,0,85.34
eth,eth:m15:1775385900,"Ethereum Up or Down - April 5, 6:45AM-7:00AM ET",m15,2026-04-05T11:00:00+00:00,2.58,86.11,0.0,0.0,0,-2.58
eth,eth:h1:1775383200,"Ethereum Up or Down - April 5, 6AM ET",h1,2026-04-05T11:00:00+00:00,30.94,2517.15,0.0,0.0,0,-30.94
eth,eth:m5:1775386800,"Ethereum Up or Down - April 5, 7:00AM-7:05AM ET",m5,2026-04-05T11:05:00+00:00,13.97,420.44,0.0,0.0,0,-13.97
eth,eth:m5:1775387100,"Ethereum Up or Down - April 5, 7:05AM-7:10AM ET",m5,2026-04-05T11:10:00+00:00,4.52,209.74,0.0,0.0,0,-4.52
eth,eth:m5:1775387400,"Ethereum Up or Down - April 5, 7:10AM-7:15AM ET",m5,2026-04-05T11:15:00+00:00,2.19,297.14,0.0,0.0,0,-2.19
eth,eth:m15:1775386800,"Ethereum Up or Down - April 5, 7:00AM-7:15AM ET",m15,2026-04-05T11:15:00+00:00,33.3,152.89,0.0,0.0,0,-33.3
eth,eth:m5:1775387700,"Ethereum Up or Down - April 5, 7:15AM-7:20AM ET",m5,2026-04-05T11:20:00+00:00,71.22,297.86,0.0,0.0,0,-71.22
eth,eth:m5:1775388000,"Ethereum Up or Down - April 5, 7:20AM-7:25AM ET",m5,2026-04-05T11:25:00+00:00,-4.45,117.75,0.0,0.0,0,4.45
eth,eth:m15:1775387700,"Ethereum Up or Down - April 5, 7:15AM-7:30AM ET",m15,2026-04-05T11:30:00+00:00,-0.09,129.7,0.0,0.0,0,0.09
eth,eth:m5:1775388300,"Ethereum Up or Down - April 5, 7:25AM-7:30AM ET",m5,2026-04-05T11:30:00+00:00,-29.96,278.89,0.0,0.0,0,29.96
eth,eth:m5:1775388600,"Ethereum Up or Down - April 5, 7:30AM-7:35AM ET",m5,2026-04-05T11:35:00+00:00,-71.91,640.76,1.4492307692307689,6.28,1,73.35923076923076
eth,eth:m5:1775388900,"Ethereum Up or Down - April 5, 7:35AM-7:40AM ET",m5,2026-04-05T11:40:00+00:00,-13.35,206.12,0.0,0.0,0,13.35
eth,eth:m5:1775389200,"Ethereum Up or Down - April 5, 7:40AM-7:45AM ET",m5,2026-04-05T11:45:00+00:00,-35.08,451.18,0.0,0.0,0,35.08
eth,eth:m15:1775388600,"Ethereum Up or Down - April 5, 7:30AM-7:45AM ET",m15,2026-04-05T11:45:00+00:00,19.57,512.92,3.5015625000000004,6.225,1,-16.0684375
eth,eth:m5:1775389500,"Ethereum Up or Down - April 5, 7:45AM-7:50AM ET",m5,2026-04-05T11:50:00+00:00,-19.37,426.03,-1.7662500000000003,6.28,1,17.60375
eth,eth:m5:1775389800,"Ethereum Up or Down - April 5, 7:50AM-7:55AM ET",m5,2026-04-05T11:55:00+00:00,44.6,718.05,0.0,0.0,0,-44.6
eth,eth:m15:1775389500,"Ethereum Up or Down - April 5, 7:45AM-8:00AM ET",m15,2026-04-05T12:00:00+00:00,27.1,678.78,0.0,0.0,0,-27.1
eth,eth:m5:1775390100,"Ethereum Up or Down - April 5, 7:55AM-8:00AM ET",m5,2026-04-05T12:00:00+00:00,9.05,314.31,0.0,0.0,0,-9.05
eth,eth:m5:1775390400,"Ethereum Up or Down - April 5, 8:00AM-8:05AM ET",m5,2026-04-05T12:05:00+00:00,-18.39,145.31,0.0,0.0,0,18.39
eth,eth:m5:1775390700,"Ethereum Up or Down - April 5, 8:05AM-8:10AM ET",m5,2026-04-05T12:10:00+00:00,17.81,222.07,0.0,0.0,0,-17.81
eth,eth:m5:1775391000,"Ethereum Up or Down - April 5, 8:10AM-8:15AM ET",m5,2026-04-05T12:15:00+00:00,34.62,720.51,0.0,0.0,0,-34.62
eth,eth:m15:1775390400,"Ethereum Up or Down - April 5, 8:00AM-8:15AM ET",m15,2026-04-05T12:15:00+00:00,158.08,2615.09,0.0,0.0,0,-158.08
eth,eth:m5:1775391300,"Ethereum Up or Down - April 5, 8:15AM-8:20AM ET",m5,2026-04-05T12:20:00+00:00,67.39,886.09,0.0,0.0,0,-67.39
eth,eth:m5:1775391600,"Ethereum Up or Down - April 5, 8:20AM-8:25AM ET",m5,2026-04-05T12:25:00+00:00,-5.04,202.03,0.0,0.0,0,5.04
eth,eth:m15:1775391300,"Ethereum Up or Down - April 5, 8:15AM-8:30AM ET",m15,2026-04-05T12:30:00+00:00,18.33,435.84,0.0,0.0,0,-18.33
eth,eth:m5:1775391900,"Ethereum Up or Down - April 5, 8:25AM-8:30AM ET",m5,2026-04-05T12:30:00+00:00,-14.98,382.44,0.0,0.0,0,14.98
eth,eth:m5:1775392200,"Ethereum Up or Down - April 5, 8:30AM-8:35AM ET",m5,2026-04-05T12:35:00+00:00,32.44,528.13,0.0,0.0,0,-32.44
eth,eth:m5:1775392500,"Ethereum Up or Down - April 5, 8:35AM-8:40AM ET",m5,2026-04-05T12:40:00+00:00,6.75,794.04,0.5709090909090904,6.28,1,-6.17909090909091
eth,eth:m15:1775392200,"Ethereum Up or Down - April 5, 8:30AM-8:45AM ET",m15,2026-04-05T12:45:00+00:00,82.65,1011.52,0.0,0.0,0,-82.65
eth,eth:m5:1775392800,"Ethereum Up or Down - April 5, 8:40AM-8:45AM ET",m5,2026-04-05T12:45:00+00:00,-77.84,1514.25,-0.8435820895522399,6.28,1,76.99641791044776
eth,eth:m5:1775393100,"Ethereum Up or Down - April 5, 8:45AM-8:50AM ET",m5,2026-04-05T12:50:00+00:00,50.73,852.12,1.5403773584905665,6.28,1,-49.18962264150943
eth,eth:m5:1775393400,"Ethereum Up or Down - April 5, 8:50AM-8:55AM ET",m5,2026-04-05T12:55:00+00:00,-17.78,280.1,0.0,0.0,0,17.78
eth,eth:m15:1775393100,"Ethereum Up or Down - April 5, 8:45AM-9:00AM ET",m15,2026-04-05T13:00:00+00:00,-10.41,785.26,0.0,0.0,0,10.41
eth,eth:m5:1775393700,"Ethereum Up or Down - April 5, 8:55AM-9:00AM ET",m5,2026-04-05T13:00:00+00:00,15.68,470.26,0.0,0.0,0,-15.68
eth,eth:m5:1775394000,"Ethereum Up or Down - April 5, 9:00AM-9:05AM ET",m5,2026-04-05T13:05:00+00:00,-14.78,154.2,0.0,0.0,0,14.78
eth,eth:m5:1775394300,"Ethereum Up or Down - April 5, 9:05AM-9:10AM ET",m5,2026-04-05T13:10:00+00:00,-11.88,104.5,0.0,0.0,0,11.88
eth,eth:m15:1775394000,"Ethereum Up or Down - April 5, 9:00AM-9:15AM ET",m15,2026-04-05T13:15:00+00:00,23.64,914.08,0.0,0.0,0,-23.64
eth,eth:m5:1775394600,"Ethereum Up or Down - April 5, 9:10AM-9:15AM ET",m5,2026-04-05T13:15:00+00:00,0.64,88.14,1.1418181818181825,6.28,1,0.5018181818181825
eth,eth:m5:1775394900,"Ethereum Up or Down - April 5, 9:15AM-9:20AM ET",m5,2026-04-05T13:20:00+00:00,29.36,311.04,1.3933333333333326,6.27,1,-27.96666666666667
eth,eth:m5:1775395200,"Ethereum Up or Down - April 5, 9:20AM-9:25AM ET",m5,2026-04-05T13:25:00+00:00,-8.21,8.21,0.0,0.0,0,8.21
eth,eth:m15:1775394900,"Ethereum Up or Down - April 5, 9:15AM-9:30AM ET",m15,2026-04-05T13:30:00+00:00,-0.79,987.93,0.0,0.0,0,0.79
eth,eth:m5:1775395500,"Ethereum Up or Down - April 5, 9:25AM-9:30AM ET",m5,2026-04-05T13:30:00+00:00,-8.6,121.91,0.0,0.0,0,8.6
eth,eth:m5:1775395800,"Ethereum Up or Down - April 5, 9:30AM-9:35AM ET",m5,2026-04-05T13:35:00+00:00,-13.78,311.94,0.0,0.0,0,13.78
eth,eth:m5:1775396100,"Ethereum Up or Down - April 5, 9:35AM-9:40AM ET",m5,2026-04-05T13:40:00+00:00,23.64,462.49,1.3737500000000002,6.28,1,-22.26625
eth,eth:m15:1775395800,"Ethereum Up or Down - April 5, 9:30AM-9:45AM ET",m15,2026-04-05T13:45:00+00:00,2.79,339.77,0.0,0.0,0,-2.79
eth,eth:m5:1775396400,"Ethereum Up or Down - April 5, 9:40AM-9:45AM ET",m5,2026-04-05T13:45:00+00:00,-28.66,197.3,0.0,6.28,1,28.66
eth,eth:m5:1775396700,"Ethereum Up or Down - April 5, 9:45AM-9:50AM ET",m5,2026-04-05T13:50:00+00:00,-12.21,80.96,0.0,0.0,0,12.21
eth,eth:m5:1775397000,"Ethereum Up or Down - April 5, 9:50AM-9:55AM ET",m5,2026-04-05T13:55:00+00:00,-3.88,413.95,0.0,0.0,0,3.88
eth,eth:m5:1775397300,"Ethereum Up or Down - April 5, 9:55AM-10:00AM ET",m5,2026-04-05T14:00:00+00:00,4.19,187.35,0.0,0.0,0,-4.19
eth,eth:m15:1775396700,"Ethereum Up or Down - April 5, 9:45AM-10:00AM ET",m15,2026-04-05T14:00:00+00:00,-41.02,622.51,0.0,0.0,0,41.02
eth,eth:m5:1775397600,"Ethereum Up or Down - April 5, 10:00AM-10:05AM ET",m5,2026-04-05T14:05:00+00:00,-2.21,344.67,0.0,0.0,0,2.21
eth,eth:m5:1775397900,"Ethereum Up or Down - April 5, 10:05AM-10:10AM ET",m5,2026-04-05T14:10:00+00:00,-15.8,227.13,0.0,0.0,0,15.8
eth,eth:m5:1775398200,"Ethereum Up or Down - April 5, 10:10AM-10:15AM ET",m5,2026-04-05T14:15:00+00:00,-24.81,169.22,0.0,0.0,0,24.81
eth,eth:m15:1775397600,"Ethereum Up or Down - April 5, 10:00AM-10:15AM ET",m15,2026-04-05T14:15:00+00:00,-22.9,405.69,0.0,0.0,0,22.9
eth,eth:m5:1775398500,"Ethereum Up or Down - April 5, 10:15AM-10:20AM ET",m5,2026-04-05T14:20:00+00:00,13.49,185.44,0.0,0.0,0,-13.49
eth,eth:m5:1775398800,"Ethereum Up or Down - April 5, 10:20AM-10:25AM ET",m5,2026-04-05T14:25:00+00:00,11.03,101.54,0.0,0.0,0,-11.03
eth,eth:m15:1775398500,"Ethereum Up or Down - April 5, 10:15AM-10:30AM ET",m15,2026-04-05T14:30:00+00:00,19.97,254.06,0.0,0.0,0,-19.97
eth,eth:m5:1775399100,"Ethereum Up or Down - April 5, 10:25AM-10:30AM ET",m5,2026-04-05T14:30:00+00:00,-5.46,243.4,0.0,0.0,0,5.46
eth,eth:m5:1775399400,"Ethereum Up or Down - April 5, 10:30AM-10:35AM ET",m5,2026-04-05T14:35:00+00:00,1.97,315.42,0.0,0.0,0,-1.97
eth,eth:m5:1775399700,"Ethereum Up or Down - April 5, 10:35AM-10:40AM ET",m5,2026-04-05T14:40:00+00:00,-16.59,331.36,0.0,0.0,0,16.59
eth,eth:m5:1775400000,"Ethereum Up or Down - April 5, 10:40AM-10:45AM ET",m5,2026-04-05T14:45:00+00:00,-75.58,578.1,0.0,0.0,0,75.58
eth,eth:m15:1775399400,"Ethereum Up or Down - April 5, 10:30AM-10:45AM ET",m15,2026-04-05T14:45:00+00:00,-26.26,331.47,-1.1014084507042252,7.82,1,25.158591549295778
eth,eth:m5:1775400300,"Ethereum Up or Down - April 5, 10:45AM-10:50AM ET",m5,2026-04-05T14:50:00+00:00,-28.92,99.15,0.0,0.0,0,28.92
eth,eth:m5:1775400600,"Ethereum Up or Down - April 5, 10:50AM-10:55AM ET",m5,2026-04-05T14:55:00+00:00,15.19,170.81,0.0,0.0,0,-15.19
eth,eth:m15:1775400300,"Ethereum Up or Down - April 5, 10:45AM-11:00AM ET",m15,2026-04-05T15:00:00+00:00,-23.31,190.95,0.0,0.0,0,23.31
eth,eth:m5:1775400900,"Ethereum Up or Down - April 5, 10:55AM-11:00AM ET",m5,2026-04-05T15:00:00+00:00,-19.24,193.1,0.0,0.0,0,19.24
eth,eth:m5:1775401200,"Ethereum Up or Down - April 5, 11:00AM-11:05AM ET",m5,2026-04-05T15:05:00+00:00,4.14,604.41,0.0,0.0,0,-4.14
eth,eth:m5:1775401500,"Ethereum Up or Down - April 5, 11:05AM-11:10AM ET",m5,2026-04-05T15:10:00+00:00,2.83,474.65,1.183188405797102,6.28,1,-1.646811594202898
eth,eth:m15:1775401200,"Ethereum Up or Down - April 5, 11:00AM-11:15AM ET",m15,2026-04-05T15:15:00+00:00,-1.51,389.32,2.9989020650173783,14.045,2,4.508902065017378
eth,eth:m5:1775401800,"Ethereum Up or Down - April 5, 11:10AM-11:15AM ET",m5,2026-04-05T15:15:00+00:00,-3.02,209.15,1.3146774193548385,6.27,1,4.334677419354838
eth,eth:m5:1775402100,"Ethereum Up or Down - April 5, 11:15AM-11:20AM ET",m5,2026-04-05T15:20:00+00:00,7.0,375.92,-3.0867692307692303,6.27,1,-10.08676923076923
eth,eth:m5:1775402400,"Ethereum Up or Down - April 5, 11:20AM-11:25AM ET",m5,2026-04-05T15:25:00+00:00,-8.08,230.18,-3.9549230769230768,6.27,1,4.125076923076923
eth,eth:m5:1775402700,"Ethereum Up or Down - April 5, 11:25AM-11:30AM ET",m5,2026-04-05T15:30:00+00:00,42.87,469.0,0.0,0.0,0,-42.87
eth,eth:m15:1775402100,"Ethereum Up or Down - April 5, 11:15AM-11:30AM ET",m15,2026-04-05T15:30:00+00:00,3.6,158.31,-1.2650000000000006,7.82,1,-4.865
eth,eth:m5:1775403000,"Ethereum Up or Down - April 5, 11:30AM-11:35AM ET",m5,2026-04-05T15:35:00+00:00,-68.54,175.94,2.6939913014386088,12.55,2,71.23399130143862
eth,eth:m15:1775403000,"Ethereum Up or Down - April 5, 11:30AM-11:45AM ET",m15,2026-04-05T15:45:00+00:00,-93.11,93.11,-0.8412162162162167,6.225,1,92.26878378378379
eth,eth:m5:1775403900,"Ethereum Up or Down - April 5, 11:45AM-11:50AM ET",m5,2026-04-05T15:50:00+00:00,-2.26,8.26,0.0,0.0,0,2.26
eth,eth:m5:1775404200,"Ethereum Up or Down - April 5, 11:50AM-11:55AM ET",m5,2026-04-05T15:55:00+00:00,46.27,271.78,-0.39809523809523917,6.27,1,-46.66809523809524
eth,eth:m15:1775403900,"Ethereum Up or Down - April 5, 11:45AM-12:00PM ET",m15,2026-04-05T16:00:00+00:00,-13.31,89.76,-0.864583333333333,6.225,1,12.445416666666667
eth,eth:m5:1775404500,"Ethereum Up or Down - April 5, 11:55AM-12:00PM ET",m5,2026-04-05T16:00:00+00:00,-14.06,17.81,1.1418181818181825,6.28,1,15.201818181818183
eth,eth:m5:1775404800,"Ethereum Up or Down - April 5, 12:00PM-12:05PM ET",m5,2026-04-05T16:05:00+00:00,-6.31,277.4,0.0,0.0,0,6.31
eth,eth:m5:1775405100,"Ethereum Up or Down - April 5, 12:05PM-12:10PM ET",m5,2026-04-05T16:10:00+00:00,-15.5,297.46,-0.9830279652844744,12.55,2,14.516972034715526
eth,eth:m5:1775405400,"Ethereum Up or Down - April 5, 12:10PM-12:15PM ET",m5,2026-04-05T16:15:00+00:00,32.5,585.73,-3.4726153846153847,6.27,1,-35.97261538461539
eth,eth:m15:1775404800,"Ethereum Up or Down - April 5, 12:00PM-12:15PM ET",m15,2026-04-05T16:15:00+00:00,70.52,719.66,-1.2650000000000006,7.82,1,-71.785
eth,eth:m5:1775405700,"Ethereum Up or Down - April 5, 12:15PM-12:20PM ET",m5,2026-04-05T16:20:00+00:00,14.7,312.91,1.1756250000000001,6.27,1,-13.524375
eth,eth:m5:1775406000,"Ethereum Up or Down - April 5, 12:20PM-12:25PM ET",m5,2026-04-05T16:25:00+00:00,28.83,265.97,0.0,0.0,0,-28.83
eth,eth:m5:1775406300,"Ethereum Up or Down - April 5, 12:25PM-12:30PM ET",m5,2026-04-05T16:30:00+00:00,13.55,352.65,0.0,0.0,0,-13.55
eth,eth:m15:1775405700,"Ethereum Up or Down - April 5, 12:15PM-12:30PM ET",m15,2026-04-05T16:30:00+00:00,1.07,288.64,0.0,0.0,0,-1.07
eth,eth:m5:1775406600,"Ethereum Up or Down - April 5, 12:30PM-12:35PM ET",m5,2026-04-05T16:35:00+00:00,-17.59,71.68,0.0,0.0,0,17.59
eth,eth:m5:1775406900,"Ethereum Up or Down - April 5, 12:35PM-12:40PM ET",m5,2026-04-05T16:40:00+00:00,-19.22,153.57,0.0,0.0,0,19.22
eth,eth:m15:1775406600,"Ethereum Up or Down - April 5, 12:30PM-12:45PM ET",m15,2026-04-05T16:45:00+00:00,5.8,393.4,0.0,0.0,0,-5.8
eth,eth:m5:1775407200,"Ethereum Up or Down - April 5, 12:40PM-12:45PM ET",m5,2026-04-05T16:45:00+00:00,29.52,365.94,0.0,0.0,0,-29.52
eth,eth:m5:1775407500,"Ethereum Up or Down - April 5, 12:45PM-12:50PM ET",m5,2026-04-05T16:50:00+00:00,-18.32,259.5,0.0,0.0,0,18.32
eth,eth:m5:1775407800,"Ethereum Up or Down - April 5, 12:50PM-12:55PM ET",m5,2026-04-05T16:55:00+00:00,22.07,567.45,-3.454,6.28,1,-25.524
eth,eth:m5:1775408100,"Ethereum Up or Down - April 5, 12:55PM-1:00PM ET",m5,2026-04-05T17:00:00+00:00,-13.46,170.78,0.0,0.0,0,13.46
eth,eth:m15:1775407500,"Ethereum Up or Down - April 5, 12:45PM-1:00PM ET",m15,2026-04-05T17:00:00+00:00,-5.85,61.46,0.0,0.0,0,5.85
eth,eth:m5:1775408400,"Ethereum Up or Down - April 5, 1:00PM-1:05PM ET",m5,2026-04-05T17:05:00+00:00,-9.02,263.41,1.2154838709677414,6.28,1,10.235483870967741
eth,eth:m5:1775408700,"Ethereum Up or Down - April 5, 1:05PM-1:10PM ET",m5,2026-04-05T17:10:00+00:00,-10.86,210.89,0.0,0.0,0,10.86
eth,eth:m15:1775408400,"Ethereum Up or Down - April 5, 1:00PM-1:15PM ET",m15,2026-04-05T17:15:00+00:00,-15.36,288.06,-0.9726562499999991,6.225,1,14.38734375
eth,eth:m5:1775409000,"Ethereum Up or Down - April 5, 1:10PM-1:15PM ET",m5,2026-04-05T17:15:00+00:00,5.42,240.54,1.1756250000000001,6.27,1,-4.244375
eth,eth:m5:1775409300,"Ethereum Up or Down - April 5, 1:15PM-1:20PM ET",m5,2026-04-05T17:20:00+00:00,-10.29,41.89,0.0,0.0,0,10.29
eth,eth:m5:1775409600,"Ethereum Up or Down - April 5, 1:20PM-1:25PM ET",m5,2026-04-05T17:25:00+00:00,18.49,179.49,1.183188405797102,6.28,1,-17.306811594202898
eth,eth:m15:1775409300,"Ethereum Up or Down - April 5, 1:15PM-1:30PM ET",m15,2026-04-05T17:30:00+00:00,-29.77,562.08,0.0,0.0,0,29.77
eth,eth:m5:1775409900,"Ethereum Up or Down - April 5, 1:25PM-1:30PM ET",m5,2026-04-05T17:30:00+00:00,-11.69,193.24,0.0,0.0,0,11.69
eth,eth:m5:1775410200,"Ethereum Up or Down - April 5, 1:30PM-1:35PM ET",m5,2026-04-05T17:35:00+00:00,12.22,173.17,0.0,0.0,0,-12.22
eth,eth:m5:1775410500,"Ethereum Up or Down - April 5, 1:35PM-1:40PM ET",m5,2026-04-05T17:40:00+00:00,35.52,451.36,0.0,0.0,0,-35.52
eth,eth:m15:1775410200,"Ethereum Up or Down - April 5, 1:30PM-1:45PM ET",m15,2026-04-05T17:45:00+00:00,6.53,74.91,-1.4522857142857148,7.82,1,-7.982285714285715
eth,eth:m5:1775410800,"Ethereum Up or Down - April 5, 1:40PM-1:45PM ET",m5,2026-04-05T17:45:00+00:00,9.33,508.09,1.5675000000000008,6.27,1,-7.762499999999999
eth,eth:m5:1775411100,"Ethereum Up or Down - April 5, 1:45PM-1:50PM ET",m5,2026-04-05T17:50:00+00:00,-2.71,500.4,1.0921739130434798,6.28,1,3.8021739130434797
eth,eth:m5:1775411400,"Ethereum Up or Down - April 5, 1:50PM-1:55PM ET",m5,2026-04-05T17:55:00+00:00,26.64,664.96,0.0,0.0,0,-26.64
eth,eth:m15:1775411100,"Ethereum Up or Down - April 5, 1:45PM-2:00PM ET",m15,2026-04-05T18:00:00+00:00,-1.31,402.9,-1.804615384615385,7.82,1,-0.4946153846153849
eth,eth:m5:1775411700,"Ethereum Up or Down - April 5, 1:55PM-2:00PM ET",m5,2026-04-05T18:00:00+00:00,18.47,698.76,0.0979687500000006,6.27,1,-18.37203125
eth,eth:m5:1775412000,"Ethereum Up or Down - April 5, 2:00PM-2:05PM ET",m5,2026-04-05T18:05:00+00:00,2.08,692.11,0.0,0.0,0,-2.08
eth,eth:m5:1775412300,"Ethereum Up or Down - April 5, 2:05PM-2:10PM ET",m5,2026-04-05T18:10:00+00:00,-28.15,399.88,0.0,0.0,0,28.15
eth,eth:m15:1775412000,"Ethereum Up or Down - April 5, 2:00PM-2:15PM ET",m15,2026-04-05T18:15:00+00:00,-17.94,135.29,0.0,0.0,0,17.94
eth,eth:m5:1775412600,"Ethereum Up or Down - April 5, 2:10PM-2:15PM ET",m5,2026-04-05T18:15:00+00:00,-79.27,881.95,0.0,0.0,0,79.27
eth,eth:m5:1775412900,"Ethereum Up or Down - April 5, 2:15PM-2:20PM ET",m5,2026-04-05T18:20:00+00:00,-6.22,323.25,0.0,0.0,0,6.22
eth,eth:m5:1775413200,"Ethereum Up or Down - April 5, 2:20PM-2:25PM ET",m5,2026-04-05T18:25:00+00:00,40.8,268.66,0.0,0.0,0,-40.8
eth,eth:m5:1775413500,"Ethereum Up or Down - April 5, 2:25PM-2:30PM ET",m5,2026-04-05T18:30:00+00:00,20.63,556.81,-0.3640579710144918,6.28,1,-20.99405797101449
eth,eth:m15:1775412900,"Ethereum Up or Down - April 5, 2:15PM-2:30PM ET",m15,2026-04-05T18:30:00+00:00,-40.1,41.6,0.0,0.0,0,40.1
eth,eth:m5:1775413800,"Ethereum Up or Down - April 5, 2:30PM-2:35PM ET",m5,2026-04-05T18:35:00+00:00,7.78,379.06,0.0,0.0,0,-7.78
eth,eth:m5:1775414100,"Ethereum Up or Down - April 5, 2:35PM-2:40PM ET",m5,2026-04-05T18:40:00+00:00,32.16,437.34,-2.763050847457627,6.27,1,-34.923050847457624
eth,eth:m5:1775414400,"Ethereum Up or Down - April 5, 2:40PM-2:45PM ET",m5,2026-04-05T18:45:00+00:00,21.77,1070.28,1.3200000000000003,6.27,1,-20.45
eth,eth:m15:1775413800,"Ethereum Up or Down - April 5, 2:30PM-2:45PM ET",m15,2026-04-05T18:45:00+00:00,2.12,233.71,0.0,0.0,0,-2.12
eth,eth:m5:1775414700,"Ethereum Up or Down - April 5, 2:45PM-2:50PM ET",m5,2026-04-05T18:50:00+00:00,44.08,849.12,1.2539999999999996,6.27,1,-42.826
eth,eth:m5:1775415000,"Ethereum Up or Down - April 5, 2:50PM-2:55PM ET",m5,2026-04-05T18:55:00+00:00,15.64,640.35,1.0921739130434798,6.28,1,-14.54782608695652
eth,eth:m15:1775414700,"Ethereum Up or Down - April 5, 2:45PM-3:00PM ET",m15,2026-04-05T19:00:00+00:00,24.04,184.21,2.302397260273972,6.225,1,-21.73760273972603
eth,eth:m5:1775415300,"Ethereum Up or Down - April 5, 2:55PM-3:00PM ET",m5,2026-04-05T19:00:00+00:00,27.43,576.79,0.0,0.0,0,-27.43
eth,eth:m5:1775415600,"Ethereum Up or Down - April 5, 3:00PM-3:05PM ET",m5,2026-04-05T19:05:00+00:00,-7.51,453.3,0.0,0.0,0,7.51
eth,eth:m5:1775415900,"Ethereum Up or Down - April 5, 3:05PM-3:10PM ET",m5,2026-04-05T19:10:00+00:00,0.71,406.79,0.0,0.0,0,-0.71
eth,eth:m15:1775415600,"Ethereum Up or Down - April 5, 3:00PM-3:15PM ET",m15,2026-04-05T19:15:00+00:00,10.34,297.37,0.0,0.0,0,-10.34
eth,eth:m5:1775416200,"Ethereum Up or Down - April 5, 3:10PM-3:15PM ET",m5,2026-04-05T19:15:00+00:00,-7.68,690.29,0.0,0.0,0,7.68
eth,eth:m5:1775416500,"Ethereum Up or Down - April 5, 3:15PM-3:20PM ET",m5,2026-04-05T19:20:00+00:00,23.4,422.32,1.1756250000000001,6.27,1,-22.224375
eth,eth:m5:1775416800,"Ethereum Up or Down - April 5, 3:20PM-3:25PM ET",m5,2026-04-05T19:25:00+00:00,49.93,702.64,0.0,0.0,0,-49.93
eth,eth:m5:1775417100,"Ethereum Up or Down - April 5, 3:25PM-3:30PM ET",m5,2026-04-05T19:30:00+00:00,4.57,271.66,0.0,0.0,0,-4.57
eth,eth:m15:1775416500,"Ethereum Up or Down - April 5, 3:15PM-3:30PM ET",m15,2026-04-05T19:30:00+00:00,17.71,194.68,0.0,0.0,0,-17.71
eth,eth:m5:1775417400,"Ethereum Up or Down - April 5, 3:30PM-3:35PM ET",m5,2026-04-05T19:35:00+00:00,-20.63,106.14,0.0,0.0,0,20.63
eth,eth:m5:1775417700,"Ethereum Up or Down - April 5, 3:35PM-3:40PM ET",m5,2026-04-05T19:40:00+00:00,-3.75,171.0,0.0,0.0,0,3.75
eth,eth:m5:1775418000,"Ethereum Up or Down - April 5, 3:40PM-3:45PM ET",m5,2026-04-05T19:45:00+00:00,7.37,268.44,1.1418181818181825,6.28,1,-6.228181818181818
eth,eth:m15:1775417400,"Ethereum Up or Down - April 5, 3:30PM-3:45PM ET",m15,2026-04-05T19:45:00+00:00,-4.63,176.39,0.0,0.0,0,4.63
eth,eth:m5:1775418300,"Ethereum Up or Down - April 5, 3:45PM-3:50PM ET",m5,2026-04-05T19:50:00+00:00,-27.43,219.75,0.0,0.0,0,27.43
eth,eth:m5:1775418600,"Ethereum Up or Down - April 5, 3:50PM-3:55PM ET",m5,2026-04-05T19:55:00+00:00,18.22,238.82,0.0,0.0,0,-18.22
eth,eth:m5:1775418900,"Ethereum Up or Down - April 5, 3:55PM-4:00PM ET",m5,2026-04-05T20:00:00+00:00,17.34,176.7,0.0,0.0,0,-17.34
eth,eth:m15:1775418300,"Ethereum Up or Down - April 5, 3:45PM-4:00PM ET",m15,2026-04-05T20:00:00+00:00,4.5,102.4,0.0,0.0,0,-4.5
eth,eth:m5:1775419200,"Ethereum Up or Down - April 5, 4:00PM-4:05PM ET",m5,2026-04-05T20:05:00+00:00,-0.6,208.66,0.0,0.0,0,0.6
eth,eth:m5:1775419500,"Ethereum Up or Down - April 5, 4:05PM-4:10PM ET",m5,2026-04-05T20:10:00+00:00,52.03,169.19,0.0,0.0,0,-52.03
eth,eth:m5:1775419800,"Ethereum Up or Down - April 5, 4:10PM-4:15PM ET",m5,2026-04-05T20:15:00+00:00,-44.88,192.06,0.0,0.0,0,44.88
eth,eth:m15:1775419200,"Ethereum Up or Down - April 5, 4:00PM-4:15PM ET",m15,2026-04-05T20:15:00+00:00,11.9,131.74,0.0,0.0,0,-11.9
eth,eth:m5:1775420100,"Ethereum Up or Down - April 5, 4:15PM-4:20PM ET",m5,2026-04-05T20:20:00+00:00,-41.86,122.27,0.0,0.0,0,41.86
eth,eth:m5:1775420400,"Ethereum Up or Down - April 5, 4:20PM-4:25PM ET",m5,2026-04-05T20:25:00+00:00,18.99,209.58,0.0,0.0,0,-18.99
eth,eth:m15:1775420100,"Ethereum Up or Down - April 5, 4:15PM-4:30PM ET",m15,2026-04-05T20:30:00+00:00,-8.81,227.39,0.0,0.0,0,8.81
eth,eth:m5:1775420700,"Ethereum Up or Down - April 5, 4:25PM-4:30PM ET",m5,2026-04-05T20:30:00+00:00,-110.33,397.41,0.0,0.0,0,110.33
eth,eth:m5:1775421000,"Ethereum Up or Down - April 5, 4:30PM-4:35PM ET",m5,2026-04-05T20:35:00+00:00,14.07,194.69,0.0,0.0,0,-14.07
eth,eth:m5:1775421300,"Ethereum Up or Down - April 5, 4:35PM-4:40PM ET",m5,2026-04-05T20:40:00+00:00,29.34,102.27,0.0,0.0,0,-29.34
eth,eth:m15:1775421000,"Ethereum Up or Down - April 5, 4:30PM-4:45PM ET",m15,2026-04-05T20:45:00+00:00,-21.52,302.51,0.0,0.0,0,21.52
eth,eth:m5:1775421600,"Ethereum Up or Down - April 5, 4:40PM-4:45PM ET",m5,2026-04-05T20:45:00+00:00,13.69,109.1,1.0011594202898566,6.28,1,-12.688840579710142
eth,eth:m5:1775421900,"Ethereum Up or Down - April 5, 4:45PM-4:50PM ET",m5,2026-04-05T20:50:00+00:00,1.6,150.45,0.0,0.0,0,-1.6
eth,eth:m5:1775548500,"Ethereum Up or Down - April 7, 3:55AM-4:00AM ET",m5,2026-04-07T08:00:00+00:00,108.95,1179.18,0.0,0.0,0,-108.95
eth,eth:m15:1775547900,"Ethereum Up or Down - April 7, 3:45AM-4:00AM ET",m15,2026-04-07T08:00:00+00:00,46.87,624.36,0.0,0.0,0,-46.87
eth,eth:h1:1775545200,"Ethereum Up or Down - April 7, 3AM ET",h1,2026-04-07T08:00:00+00:00,-290.72,3245.93,-7.3206250000000015,21.68,2,283.399375
eth,eth:m5:1775549100,"Ethereum Up or Down - April 7, 4:05AM-4:10AM ET",m5,2026-04-07T08:10:00+00:00,-27.09,1178.02,-0.6371014492753622,6.28,1,26.452898550724637
eth,eth:m15:1775548800,"Ethereum Up or Down - April 7, 4:00AM-4:15AM ET",m15,2026-04-07T08:15:00+00:00,-2.84,480.93,-1.1333333333333337,7.82,1,1.706666666666666
eth,eth:m5:1775549400,"Ethereum Up or Down - April 7, 4:10AM-4:15AM ET",m5,2026-04-07T08:15:00+00:00,-9.35,431.3,1.194285714285714,6.27,1,10.544285714285714
eth,eth:m5:1775549700,"Ethereum Up or Down - April 7, 4:15AM-4:20AM ET",m5,2026-04-07T08:20:00+00:00,-20.66,479.03,-0.7195081967213106,6.27,1,19.94049180327869
eth,eth:m5:1775550000,"Ethereum Up or Down - April 7, 4:20AM-4:25AM ET",m5,2026-04-07T08:25:00+00:00,-38.0,265.45,-1.1124193548387096,6.27,1,36.88758064516129
eth,eth:m5:1775550300,"Ethereum Up or Down - April 7, 4:25AM-4:30AM ET",m5,2026-04-07T08:30:00+00:00,-15.15,41.35,0.0,0.0,0,15.15
eth,eth:m15:1775549700,"Ethereum Up or Down - April 7, 4:15AM-4:30AM ET",m15,2026-04-07T08:30:00+00:00,56.25,340.54,3.9036175115207374,14.045,2,-52.346382488479264
eth,eth:m5:1775550600,"Ethereum Up or Down - April 7, 4:30AM-4:35AM ET",m5,2026-04-07T08:35:00+00:00,23.15,94.87,0.0,0.0,0,-23.15
eth,eth:m5:1775550900,"Ethereum Up or Down - April 7, 4:35AM-4:40AM ET",m5,2026-04-07T08:40:00+00:00,21.92,348.08,-0.19936507936508008,6.28,1,-22.119365079365082
eth,eth:m5:1775551200,"Ethereum Up or Down - April 7, 4:40AM-4:45AM ET",m5,2026-04-07T08:45:00+00:00,20.0,392.01,1.2735937500000007,6.27,1,-18.72640625
eth,eth:m15:1775550600,"Ethereum Up or Down - April 7, 4:30AM-4:45AM ET",m15,2026-04-07T08:45:00+00:00,53.89,141.16,0.0,0.0,0,-53.89
eth,eth:m5:1775551500,"Ethereum Up or Down - April 7, 4:45AM-4:50AM ET",m5,2026-04-07T08:50:00+00:00,-7.89,285.54,-3.139184060721063,12.55,2,4.750815939278937
eth,eth:m5:1775551800,"Ethereum Up or Down - April 7, 4:50AM-4:55AM ET",m5,2026-04-07T08:55:00+00:00,19.18,224.95,0.0,0.0,0,-19.18
eth,eth:h1:1775548800,"Ethereum Up or Down - April 7, 4AM ET",h1,2026-04-07T09:00:00+00:00,-33.56,1111.58,4.128840579710145,9.19,1,37.688840579710146
eth,eth:m5:1775552100,"Ethereum Up or Down - April 7, 4:55AM-5:00AM ET",m5,2026-04-07T09:00:00+00:00,52.28,262.76,0.0,0.0,0,-52.28
eth,eth:m15:1775551500,"Ethereum Up or Down - April 7, 4:45AM-5:00AM ET",m15,2026-04-07T09:00:00+00:00,4.35,872.47,-0.8412162162162167,6.225,1,-5.191216216216216
eth,eth:m5:1775552400,"Ethereum Up or Down - April 7, 5:00AM-5:05AM ET",m5,2026-04-07T09:05:00+00:00,17.63,342.3,1.194285714285714,6.27,1,-16.435714285714283
eth,eth:m5:1775552700,"Ethereum Up or Down - April 7, 5:05AM-5:10AM ET",m5,2026-04-07T09:10:00+00:00,35.87,148.77,-0.7837499999999986,6.27,1,-36.653749999999995
eth,eth:m15:1775552400,"Ethereum Up or Down - April 7, 5:00AM-5:15AM ET",m15,2026-04-07T09:15:00+00:00,4.49,379.36,0.0,0.0,0,-4.49
eth,eth:m5:1775553000,"Ethereum Up or Down - April 7, 5:10AM-5:15AM ET",m5,2026-04-07T09:15:00+00:00,1.2,199.19,-3.798690476190476,12.55,2,-4.998690476190476
eth,eth:m5:1775553300,"Ethereum Up or Down - April 7, 5:15AM-5:20AM ET",m5,2026-04-07T09:20:00+00:00,29.71,223.79,-1.8279693486590034,12.55,2,-31.537969348659004
eth,eth:m5:1775553600,"Ethereum Up or Down - April 7, 5:20AM-5:25AM ET",m5,2026-04-07T09:25:00+00:00,-11.84,68.3,1.0921739130434798,6.28,1,12.93217391304348
eth,eth:m5:1775553900,"Ethereum Up or Down - April 7, 5:25AM-5:30AM ET",m5,2026-04-07T09:30:00+00:00,-7.58,1270.9,2.429032258064515,12.55,2,10.009032258064515
eth,eth:m15:1775553300,"Ethereum Up or Down - April 7, 5:15AM-5:30AM ET",m15,2026-04-07T09:30:00+00:00,3.49,371.97,2.7967391304347835,6.225,1,-0.6932608695652167
eth,eth:m5:1775554200,"Ethereum Up or Down - April 7, 5:30AM-5:35AM ET",m5,2026-04-07T09:35:00+00:00,6.36,74.11,0.0,0.0,0,-6.36
eth,eth:m5:1775554500,"Ethereum Up or Down - April 7, 5:35AM-5:40AM ET",m5,2026-04-07T09:40:00+00:00,33.22,778.55,0.5623880597014921,6.28,1,-32.65761194029851
eth,eth:m5:1775554800,"Ethereum Up or Down - April 7, 5:40AM-5:45AM ET",m5,2026-04-07T09:45:00+00:00,13.19,558.47,1.2135483870967736,6.27,1,-11.976451612903226
eth,eth:m15:1775554200,"Ethereum Up or Down - April 7, 5:30AM-5:45AM ET",m15,2026-04-07T09:45:00+00:00,69.5,436.57,0.0,0.0,0,-69.5
eth,eth:m5:1775555100,"Ethereum Up or Down - April 7, 5:45AM-5:50AM ET",m5,2026-04-07T09:50:00+00:00,78.33,298.13,-3.56179104477612,6.28,1,-81.89179104477611
eth,eth:m5:1775555400,"Ethereum Up or Down - April 7, 5:50AM-5:55AM ET",m5,2026-04-07T09:55:00+00:00,-9.08,45.18,0.0,0.0,0,9.08
eth,eth:m15:1775555100,"Ethereum Up or Down - April 7, 5:45AM-6:00AM ET",m15,2026-04-07T10:00:00+00:00,-13.63,297.73,0.0,0.0,0,13.63
eth,eth:m5:1775555700,"Ethereum Up or Down - April 7, 5:55AM-6:00AM ET",m5,2026-04-07T10:00:00+00:00,2.55,242.61,0.0,0.0,0,-2.55
eth,eth:h1:1775552400,"Ethereum Up or Down - April 7, 5AM ET",h1,2026-04-07T10:00:00+00:00,91.23,1563.55,0.0,0.0,0,-91.23
eth,eth:m5:1775556000,"Ethereum Up or Down - April 7, 6:00AM-6:05AM ET",m5,2026-04-07T10:05:00+00:00,-108.81,454.61,0.0,0.0,0,108.81
eth,eth:m5:1775556300,"Ethereum Up or Down - April 7, 6:05AM-6:10AM ET",m5,2026-04-07T10:10:00+00:00,18.59,362.74,-3.770317307692308,12.55,2,-22.36031730769231
eth,eth:m5:1775556600,"Ethereum Up or Down - April 7, 6:10AM-6:15AM ET",m5,2026-04-07T10:15:00+00:00,10.92,834.25,0.0,0.0,0,-10.92
eth,eth:m15:1775556000,"Ethereum Up or Down - April 7, 6:00AM-6:15AM ET",m15,2026-04-07T10:15:00+00:00,-46.71,122.78,0.0,0.0,0,46.71
eth,eth:m5:1775556900,"Ethereum Up or Down - April 7, 6:15AM-6:20AM ET",m5,2026-04-07T10:20:00+00:00,13.37,390.15,0.0,0.0,0,-13.37
eth,eth:m5:1775557200,"Ethereum Up or Down - April 7, 6:20AM-6:25AM ET",m5,2026-04-07T10:25:00+00:00,8.83,271.39,0.0,0.0,0,-8.83
eth,eth:m5:1775557500,"Ethereum Up or Down - April 7, 6:25AM-6:30AM ET",m5,2026-04-07T10:30:00+00:00,23.98,219.77,0.0,0.0,0,-23.98
eth,eth:m15:1775556900,"Ethereum Up or Down - April 7, 6:15AM-6:30AM ET",m15,2026-04-07T10:30:00+00:00,-68.91,1179.64,0.0,0.0,0,68.91
eth,eth:m5:1775557800,"Ethereum Up or Down - April 7, 6:30AM-6:35AM ET",m5,2026-04-07T10:35:00+00:00,59.38,616.51,1.6042336716107215,12.55,2,-57.77576632838928
eth,eth:m5:1775558100,"Ethereum Up or Down - April 7, 6:35AM-6:40AM ET",m5,2026-04-07T10:40:00+00:00,11.94,208.41,1.3221052631578942,6.28,1,-10.617894736842105
eth,eth:m5:1775558400,"Ethereum Up or Down - April 7, 6:40AM-6:45AM ET",m5,2026-04-07T10:45:00+00:00,-190.63,2531.26,2.6693903133903136,12.55,2,193.29939031339032
eth,eth:m15:1775557800,"Ethereum Up or Down - April 7, 6:30AM-6:45AM ET",m15,2026-04-07T10:45:00+00:00,13.48,308.46,-1.055084745762711,6.225,1,-14.535084745762711
eth,eth:m5:1775558700,"Ethereum Up or Down - April 7, 6:45AM-6:50AM ET",m5,2026-04-07T10:50:00+00:00,56.28,596.03,1.360666666666666,6.28,1,-54.919333333333334
eth,eth:m5:1775559000,"Ethereum Up or Down - April 7, 6:50AM-6:55AM ET",m5,2026-04-07T10:55:00+00:00,37.04,402.74,1.2772881355932206,6.28,1,-35.76271186440678
eth,eth:h1:1775556000,"Ethereum Up or Down - April 7, 6AM ET",h1,2026-04-07T11:00:00+00:00,95.66,1646.58,0.0,0.0,0,-95.66
eth,eth:m15:1775558700,"Ethereum Up or Down - April 7, 6:45AM-7:00AM ET",m15,2026-04-07T11:00:00+00:00,24.45,339.0,3.65595238095238,6.225,1,-20.794047619047618
eth,eth:m5:1775559300,"Ethereum Up or Down - April 7, 6:55AM-7:00AM ET",m5,2026-04-07T11:00:00+00:00,-58.64,1142.02,0.2749627791563274,12.55,2,58.914962779156326
eth,eth:m5:1775559600,"Ethereum Up or Down - April 7, 7:00AM-7:05AM ET",m5,2026-04-07T11:05:00+00:00,-32.22,170.4,1.1082352941176463,6.28,1,33.32823529411765
eth,eth:m5:1775559900,"Ethereum Up or Down - April 7, 7:05AM-7:10AM ET",m5,2026-04-07T11:10:00+00:00,-5.98,62.33,0.0,0.0,0,5.98
eth,eth:m5:1775560200,"Ethereum Up or Down - April 7, 7:10AM-7:15AM ET",m5,2026-04-07T11:15:00+00:00,6.96,69.08,1.2559999999999993,6.28,1,-5.704000000000001
eth,eth:m15:1775559600,"Ethereum Up or Down - April 7, 7:00AM-7:15AM ET",m15,2026-04-07T11:15:00+00:00,50.12,744.14,-2.200145178764897,14.045,2,-52.320145178764896
eth,eth:m5:1775560500,"Ethereum Up or Down - April 7, 7:15AM-7:20AM ET",m5,2026-04-07T11:20:00+00:00,21.72,162.23,1.1756250000000001,6.27,1,-20.544375
eth,eth:m5:1775560800,"Ethereum Up or Down - April 7, 7:20AM-7:25AM ET",m5,2026-04-07T11:25:00+00:00,-5.69,404.98,1.2559999999999993,6.28,1,6.946
eth,eth:m5:1775561100,"Ethereum Up or Down - April 7, 7:25AM-7:30AM ET",m5,2026-04-07T11:30:00+00:00,26.7,40.3,0.0,0.0,0,-26.7
eth,eth:m15:1775560500,"Ethereum Up or Down - April 7, 7:15AM-7:30AM ET",m15,2026-04-07T11:30:00+00:00,-64.81,1157.89,-1.1318181818181818,6.225,1,63.67818181818182
eth,eth:m5:1775561400,"Ethereum Up or Down - April 7, 7:30AM-7:35AM ET",m5,2026-04-07T11:35:00+00:00,-12.56,18.23,0.0,0.0,0,12.56
eth,eth:m5:1775561700,"Ethereum Up or Down - April 7, 7:35AM-7:40AM ET",m5,2026-04-07T11:40:00+00:00,-8.01,233.46,-5.985625000000001,6.28,1,2.024374999999999
eth,eth:m5:1775562000,"Ethereum Up or Down - April 7, 7:40AM-7:45AM ET",m5,2026-04-07T11:45:00+00:00,-8.14,26.57,0.0,0.0,0,8.14
eth,eth:m15:1775561400,"Ethereum Up or Down - April 7, 7:30AM-7:45AM ET",m15,2026-04-07T11:45:00+00:00,-30.04,240.5,2.302397260273972,6.225,1,32.34239726027397
eth,eth:m5:1775562300,"Ethereum Up or Down - April 7, 7:45AM-7:50AM ET",m5,2026-04-07T11:50:00+00:00,24.87,316.37,0.0,0.0,0,-24.87
eth,eth:m5:1775562600,"Ethereum Up or Down - April 7, 7:50AM-7:55AM ET",m5,2026-04-07T11:55:00+00:00,-22.65,89.64,1.1775000000000002,6.28,1,23.8275
eth,eth:h1:1775559600,"Ethereum Up or Down - April 7, 7AM ET",h1,2026-04-07T12:00:00+00:00,-186.08,2514.99,-6.85741935483871,21.68,2,179.22258064516132
eth,eth:m5:1775562900,"Ethereum Up or Down - April 7, 7:55AM-8:00AM ET",m5,2026-04-07T12:00:00+00:00,7.75,57.98,0.0,0.0,0,-7.75
eth,eth:m15:1775562300,"Ethereum Up or Down - April 7, 7:45AM-8:00AM ET",m15,2026-04-07T12:00:00+00:00,3.2,447.45,-1.3007462686567166,6.225,1,-4.500746268656717
eth,eth:m5:1775563200,"Ethereum Up or Down - April 7, 8:00AM-8:05AM ET",m5,2026-04-07T12:05:00+00:00,41.02,328.8,1.1593846153846146,6.28,1,-39.860615384615386
eth,eth:m5:1775563500,"Ethereum Up or Down - April 7, 8:05AM-8:10AM ET",m5,2026-04-07T12:10:00+00:00,-88.3,244.01,0.0,0.0,0,88.3
eth,eth:m15:1775563200,"Ethereum Up or Down - April 7, 8:00AM-8:15AM ET",m15,2026-04-07T12:15:00+00:00,-8.14,612.3,-1.0699218749999995,6.225,1,7.070078125000001
eth,eth:m5:1775563800,"Ethereum Up or Down - April 7, 8:10AM-8:15AM ET",m5,2026-04-07T12:15:00+00:00,20.35,169.21,1.4820000000000002,6.27,1,-18.868000000000002
eth,eth:m5:1775564100,"Ethereum Up or Down - April 7, 8:15AM-8:20AM ET",m5,2026-04-07T12:20:00+00:00,108.02,780.7,-1.9355958668197477,12.55,2,-109.95559586681975
eth,eth:m5:1775564400,"Ethereum Up or Down - April 7, 8:20AM-8:25AM ET",m5,2026-04-07T12:25:00+00:00,0.86,322.93,-1.2332460317460328,12.55,2,-2.0932460317460326
eth,eth:m15:1775564100,"Ethereum Up or Down - April 7, 8:15AM-8:30AM ET",m15,2026-04-07T12:30:00+00:00,-69.31,1025.86,-2.4711324786324784,14.045,2,66.83886752136752
eth,eth:m5:1775564700,"Ethereum Up or Down - April 7, 8:25AM-8:30AM ET",m5,2026-04-07T12:30:00+00:00,13.88,552.3,-1.3199999999999994,6.27,1,-15.2
eth,eth:m5:1775565000,"Ethereum Up or Down - April 7, 8:30AM-8:35AM ET",m5,2026-04-07T12:35:00+00:00,-11.56,291.0,-1.3541882601797992,12.55,2,10.205811739820202
eth,eth:m5:1775565300,"Ethereum Up or Down - April 7, 8:35AM-8:40AM ET",m5,2026-04-07T12:40:00+00:00,-9.36,115.85,0.5971428571428561,6.27,1,9.957142857142856
eth,eth:m5:1775565600,"Ethereum Up or Down - April 7, 8:40AM-8:45AM ET",m5,2026-04-07T12:45:00+00:00,20.82,108.94,1.124776119402985,6.28,1,-19.695223880597016
eth,eth:m15:1775565000,"Ethereum Up or Down - April 7, 8:30AM-8:45AM ET",m15,2026-04-07T12:45:00+00:00,10.16,173.43,-0.9154411764705896,6.225,1,-11.07544117647059
eth,eth:m5:1775565900,"Ethereum Up or Down - April 7, 8:45AM-8:50AM ET",m5,2026-04-07T12:50:00+00:00,9.06,147.05,0.0,0.0,0,-9.06
eth,eth:m5:1775566200,"Ethereum Up or Down - April 7, 8:50AM-8:55AM ET",m5,2026-04-07T12:55:00+00:00,3.53,20.94,1.4158064516129025,6.27,1,-2.1141935483870973
eth,eth:h1:1775563200,"Ethereum Up or Down - April 7, 8AM ET",h1,2026-04-07T13:00:00+00:00,151.39,2601.29,6.15179104477612,12.49,1,-145.23820895522385
eth,eth:m15:1775565900,"Ethereum Up or Down - April 7, 8:45AM-9:00AM ET",m15,2026-04-07T13:00:00+00:00,-27.56,266.91,0.0,0.0,0,27.56
eth,eth:m5:1775566500,"Ethereum Up or Down - April 7, 8:55AM-9:00AM ET",m5,2026-04-07T13:00:00+00:00,-7.53,57.51,0.0,0.0,0,7.53
eth,eth:m5:1775566800,"Ethereum Up or Down - April 7, 9:00AM-9:05AM ET",m5,2026-04-07T13:05:00+00:00,14.1,324.11,8.881784197001252e-16,6.28,1,-14.099999999999998
eth,eth:m5:1775567100,"Ethereum Up or Down - April 7, 9:05AM-9:10AM ET",m5,2026-04-07T13:10:00+00:00,-10.1,264.73,0.0,0.0,0,10.1
eth,eth:m15:1775566800,"Ethereum Up or Down - April 7, 9:00AM-9:15AM ET",m15,2026-04-07T13:15:00+00:00,3.67,747.25,-2.4423099850968697,14.045,2,-6.11230998509687
eth,eth:m5:1775567400,"Ethereum Up or Down - April 7, 9:10AM-9:15AM ET",m5,2026-04-07T13:15:00+00:00,-15.13,53.8,0.38060606060605995,6.28,1,15.510606060606062
eth,eth:m5:1775567700,"Ethereum Up or Down - April 7, 9:15AM-9:20AM ET",m5,2026-04-07T13:20:00+00:00,0.69,3.95,0.0,0.0,0,-0.69
eth,eth:m5:1775568000,"Ethereum Up or Down - April 7, 9:20AM-9:25AM ET",m5,2026-04-07T13:25:00+00:00,-30.03,182.06,1.3457142857142852,6.28,1,31.375714285714288
eth,eth:m5:1775568300,"Ethereum Up or Down - April 7, 9:25AM-9:30AM ET",m5,2026-04-07T13:30:00+00:00,38.95,381.47,0.5139344262295094,6.27,1,-38.43606557377049
eth,eth:m15:1775567700,"Ethereum Up or Down - April 7, 9:15AM-9:30AM ET",m15,2026-04-07T13:30:00+00:00,10.79,85.21,0.0,0.0,0,-10.79
eth,eth:m5:1775568600,"Ethereum Up or Down - April 7, 9:30AM-9:35AM ET",m5,2026-04-07T13:35:00+00:00,41.85,1109.95,1.3955555555555552,6.28,1,-40.45444444444445
eth,eth:m5:1775568900,"Ethereum Up or Down - April 7, 9:35AM-9:40AM ET",m5,2026-04-07T13:40:00+00:00,-30.81,510.21,-3.924996088657105,12.55,2,26.885003911342892
eth,eth:m15:1775568600,"Ethereum Up or Down - April 7, 9:30AM-9:45AM ET",m15,2026-04-07T13:45:00+00:00,-1.81,783.28,-0.876760563380282,6.225,1,0.9332394366197181
eth,eth:m5:1775569200,"Ethereum Up or Down - April 7, 9:40AM-9:45AM ET",m5,2026-04-07T13:45:00+00:00,-90.33,997.54,-0.10627118644067846,6.27,1,90.22372881355932
eth,eth:m5:1775569500,"Ethereum Up or Down - April 7, 9:45AM-9:50AM ET",m5,2026-04-07T13:50:00+00:00,29.02,533.01,1.3221052631578942,6.28,1,-27.697894736842105
eth,eth:m5:1775569800,"Ethereum Up or Down - April 7, 9:50AM-9:55AM ET",m5,2026-04-07T13:55:00+00:00,11.38,215.42,1.2135483870967736,6.27,1,-10.166451612903227
eth,eth:m5:1775570100,"Ethereum Up or Down - April 7, 9:55AM-10:00AM ET",m5,2026-04-07T14:00:00+00:00,-0.72,0.72,1.183188405797102,6.28,1,1.903188405797102
eth,eth:h1:1775566800,"Ethereum Up or Down - April 7, 9AM ET",h1,2026-04-07T14:00:00+00:00,61.78,3127.57,8.326666666666666,12.49,1,-53.45333333333333
eth,eth:m15:1775569500,"Ethereum Up or Down - April 7, 9:45AM-10:00AM ET",m15,2026-04-07T14:00:00+00:00,23.38,664.03,-2.2987903225806443,14.045,2,-25.678790322580642
eth,eth:m5:1775570400,"Ethereum Up or Down - April 7, 10:00AM-10:05AM ET",m5,2026-04-07T14:05:00+00:00,45.45,292.76,-0.8957142857142868,6.27,1,-46.34571428571429
eth,eth:m5:1775570700,"Ethereum Up or Down - April 7, 10:05AM-10:10AM ET",m5,2026-04-07T14:10:00+00:00,-36.57,828.2,0.0,0.0,0,36.57
eth,eth:m5:1775571000,"Ethereum Up or Down - April 7, 10:10AM-10:15AM ET",m5,2026-04-07T14:15:00+00:00,28.31,217.65,0.0,0.0,0,-28.31
eth,eth:m15:1775570400,"Ethereum Up or Down - April 7, 10:00AM-10:15AM ET",m15,2026-04-07T14:15:00+00:00,19.15,1205.05,2.7967391304347835,6.225,1,-16.353260869565215
eth,eth:m5:1775571300,"Ethereum Up or Down - April 7, 10:15AM-10:20AM ET",m5,2026-04-07T14:20:00+00:00,0.13,436.04,-0.058941372603499964,12.55,2,-0.18894137260349997
eth,eth:m5:1775571600,"Ethereum Up or Down - April 7, 10:20AM-10:25AM ET",m5,2026-04-07T14:25:00+00:00,3.39,9.13,0.0,0.0,0,-3.39
eth,eth:m15:1775571300,"Ethereum Up or Down - April 7, 10:15AM-10:30AM ET",m15,2026-04-07T14:30:00+00:00,-29.28,293.01,3.500593149540518,14.045,2,32.78059314954052
eth,eth:m5:1775571900,"Ethereum Up or Down - April 7, 10:25AM-10:30AM ET",m5,2026-04-07T14:30:00+00:00,-16.47,547.96,1.13376008326828,12.55,2,17.603760083268277
eth,eth:m5:1775572200,"Ethereum Up or Down - April 7, 10:30AM-10:35AM ET",m5,2026-04-07T14:35:00+00:00,44.32,189.21,0.0,0.0,0,-44.32
eth,eth:m5:1775572500,"Ethereum Up or Down - April 7, 10:35AM-10:40AM ET",m5,2026-04-07T14:40:00+00:00,27.72,51.39,-2.6828929604628744,12.55,2,-30.40289296046287
eth,eth:m15:1775572200,"Ethereum Up or Down - April 7, 10:30AM-10:45AM ET",m15,2026-04-07T14:45:00+00:00,-44.75,113.5,-1.0521126760563382,6.225,1,43.69788732394366
eth,eth:m5:1775572800,"Ethereum Up or Down - April 7, 10:40AM-10:45AM ET",m5,2026-04-07T14:45:00+00:00,12.25,838.05,2.4097388632872496,12.55,2,-9.840261136712751
eth,eth:m5:1775573100,"Ethereum Up or Down - April 7, 10:45AM-10:50AM ET",m5,2026-04-07T14:50:00+00:00,9.8,45.39,0.0,0.0,0,-9.8
eth,eth:m5:1775573400,"Ethereum Up or Down - April 7, 10:50AM-10:55AM ET",m5,2026-04-07T14:55:00+00:00,0.52,233.21,0.0,0.0,0,-0.52
eth,eth:m5:1775573700,"Ethereum Up or Down - April 7, 10:55AM-11:00AM ET",m5,2026-04-07T15:00:00+00:00,16.93,120.13,0.0,0.0,0,-16.93
eth,eth:h1:1775570400,"Ethereum Up or Down - April 7, 10AM ET",h1,2026-04-07T15:00:00+00:00,48.63,2261.91,-1.8546031746031737,21.68,2,-50.48460317460318
eth,eth:m15:1775573100,"Ethereum Up or Down - April 7, 10:45AM-11:00AM ET",m15,2026-04-07T15:00:00+00:00,-26.52,184.75,-1.1014084507042252,7.82,1,25.418591549295776
eth,eth:m5:1775574000,"Ethereum Up or Down - April 7, 11:00AM-11:05AM ET",m5,2026-04-07T15:05:00+00:00,-3.58,47.01,-4.215765969474278,12.55,2,-0.6357659694742779
eth,eth:m5:1775574300,"Ethereum Up or Down - April 7, 11:05AM-11:10AM ET",m5,2026-04-07T15:10:00+00:00,-1.26,475.39,0.0,6.28,1,1.26
eth,eth:m5:1775574600,"Ethereum Up or Down - April 7, 11:10AM-11:15AM ET",m5,2026-04-07T15:15:00+00:00,20.35,86.72,1.2735937500000007,6.27,1,-19.07640625
eth,eth:m15:1775574000,"Ethereum Up or Down - April 7, 11:00AM-11:15AM ET",m15,2026-04-07T15:15:00+00:00,-14.41,81.88,-2.1269904722452377,14.045,2,12.283009527754762
eth,eth:m5:1775574900,"Ethereum Up or Down - April 7, 11:15AM-11:20AM ET",m5,2026-04-07T15:20:00+00:00,6.92,21.83,0.0,0.0,0,-6.92
eth,eth:m5:1775575200,"Ethereum Up or Down - April 7, 11:20AM-11:25AM ET",m5,2026-04-07T15:25:00+00:00,-18.28,636.88,0.18537750385208085,12.55,2,18.465377503852082
eth,eth:m15:1775574900,"Ethereum Up or Down - April 7, 11:15AM-11:30AM ET",m15,2026-04-07T15:30:00+00:00,5.59,9.94,0.0,0.0,0,-5.59
eth,eth:m5:1775575500,"Ethereum Up or Down - April 7, 11:25AM-11:30AM ET",m5,2026-04-07T15:30:00+00:00,36.35,76.93,0.0,0.0,0,-36.35
eth,eth:m5:1775575800,"Ethereum Up or Down - April 7, 11:30AM-11:35AM ET",m5,2026-04-07T15:35:00+00:00,-147.89,652.69,0.1081034482758616,6.27,1,147.99810344827586
eth,eth:m5:1775576100,"Ethereum Up or Down - April 7, 11:35AM-11:40AM ET",m5,2026-04-07T15:40:00+00:00,-48.18,467.79,0.0,12.55,2,48.18
eth,eth:m15:1775805300,"Ethereum Up or Down - April 10, 3:15AM-3:30AM ET",m15,2026-04-10T07:30:00+00:00,7.16,656.74,0.0,0.0,0,-7.16
eth,eth:m5:1775805900,"Ethereum Up or Down - April 10, 3:25AM-3:30AM ET",m5,2026-04-10T07:30:00+00:00,-119.02,567.01,0.0,0.0,0,119.02
eth,eth:m5:1775806200,"Ethereum Up or Down - April 10, 3:30AM-3:35AM ET",m5,2026-04-10T07:35:00+00:00,-68.8,577.28,0.0,0.0,0,68.8
eth,eth:m5:1775806500,"Ethereum Up or Down - April 10, 3:35AM-3:40AM ET",m5,2026-04-10T07:40:00+00:00,2.32,596.64,0.0,0.0,0,-2.32
eth,eth:m5:1775806800,"Ethereum Up or Down - April 10, 3:40AM-3:45AM ET",m5,2026-04-10T07:45:00+00:00,9.27,266.61,0.0,0.0,0,-9.27
eth,eth:m15:1775806200,"Ethereum Up or Down - April 10, 3:30AM-3:45AM ET",m15,2026-04-10T07:45:00+00:00,92.78,249.89,0.0,0.0,0,-92.78
eth,eth:m5:1775807100,"Ethereum Up or Down - April 10, 3:45AM-3:50AM ET",m5,2026-04-10T07:50:00+00:00,-102.52,937.72,0.0,0.0,0,102.52
eth,eth:m5:1775807400,"Ethereum Up or Down - April 10, 3:50AM-3:55AM ET",m5,2026-04-10T07:55:00+00:00,-1.11,904.17,1.4653333333333327,6.28,1,2.575333333333333
eth,eth:m15:1775807100,"Ethereum Up or Down - April 10, 3:45AM-4:00AM ET",m15,2026-04-10T08:00:00+00:00,51.76,706.62,-1.0374999999999996,6.225,1,-52.7975
eth,eth:m5:1775807700,"Ethereum Up or Down - April 10, 3:55AM-4:00AM ET",m5,2026-04-10T08:00:00+00:00,5.34,495.29,0.0,0.0,0,-5.34
eth,eth:m5:1775808000,"Ethereum Up or Down - April 10, 4:00AM-4:05AM ET",m5,2026-04-10T08:05:00+00:00,-3.68,498.0,0.0,0.0,0,3.68
eth,eth:m5:1775808300,"Ethereum Up or Down - April 10, 4:05AM-4:10AM ET",m5,2026-04-10T08:10:00+00:00,13.86,252.7,0.0,0.0,0,-13.86
eth,eth:m5:1775808600,"Ethereum Up or Down - April 10, 4:10AM-4:15AM ET",m5,2026-04-10T08:15:00+00:00,-0.65,312.96,0.0,0.0,0,0.65
eth,eth:m15:1775808000,"Ethereum Up or Down - April 10, 4:00AM-4:15AM ET",m15,2026-04-10T08:15:00+00:00,-40.81,465.9,2.2059892689470155,14.045,2,43.01598926894702
eth,eth:m5:1775808900,"Ethereum Up or Down - April 10, 4:15AM-4:20AM ET",m5,2026-04-10T08:20:00+00:00,50.55,535.14,-0.19323076923076954,6.28,1,-50.74323076923076
eth,eth:m5:1775809200,"Ethereum Up or Down - April 10, 4:20AM-4:25AM ET",m5,2026-04-10T08:25:00+00:00,-38.78,358.12,0.6464705882352932,6.28,1,39.4264705882353
eth,eth:m15:1775808900,"Ethereum Up or Down - April 10, 4:15AM-4:30AM ET",m15,2026-04-10T08:30:00+00:00,-24.38,389.84,0.0,0.0,0,24.38
eth,eth:m5:1775809500,"Ethereum Up or Down - April 10, 4:25AM-4:30AM ET",m5,2026-04-10T08:30:00+00:00,-7.63,360.72,0.0,0.0,0,7.63
eth,eth:m5:1775809800,"Ethereum Up or Down - April 10, 4:30AM-4:35AM ET",m5,2026-04-10T08:35:00+00:00,-20.37,256.94,0.0,0.0,0,20.37
eth,eth:m5:1775810100,"Ethereum Up or Down - April 10, 4:35AM-4:40AM ET",m5,2026-04-10T08:40:00+00:00,26.87,107.12,0.0,0.0,0,-26.87
eth,eth:m5:1775810400,"Ethereum Up or Down - April 10, 4:40AM-4:45AM ET",m5,2026-04-10T08:45:00+00:00,-10.04,41.51,0.0,0.0,0,10.04
eth,eth:m15:1775809800,"Ethereum Up or Down - April 10, 4:30AM-4:45AM ET",m15,2026-04-10T08:45:00+00:00,55.65,589.03,0.0,0.0,0,-55.65
eth,eth:m5:1775810700,"Ethereum Up or Down - April 10, 4:45AM-4:50AM ET",m5,2026-04-10T08:50:00+00:00,-31.65,193.64,1.2756249999999998,6.28,1,32.925625
eth,eth:h1:1775833200,"Ethereum Up or Down - April 10, 11AM ET",h1,2026-04-10T16:00:00+00:00,84.96,1957.25,-0.8633333333333333,21.68,2,-85.82333333333332
eth,eth:m15:1775836800,"Ethereum Up or Down - April 10, 12:00PM-12:15PM ET",m15,2026-04-10T16:15:00+00:00,3.95,71.43,-1.211549295774648,7.82,1,-5.161549295774648
eth,eth:m5:1775837400,"Ethereum Up or Down - April 10, 12:10PM-12:15PM ET",m5,2026-04-10T16:15:00+00:00,3.95,43.66,0.0,0.0,0,-3.95
eth,eth:m5:1775837700,"Ethereum Up or Down - April 10, 12:15PM-12:20PM ET",m5,2026-04-10T16:20:00+00:00,0.34,626.42,1.3200000000000003,6.27,1,0.9800000000000002
eth,eth:m5:1775838000,"Ethereum Up or Down - April 10, 12:20PM-12:25PM ET",m5,2026-04-10T16:25:00+00:00,55.61,274.54,11.63428571428571,12.55,2,-43.97571428571429
eth,eth:m15:1775837700,"Ethereum Up or Down - April 10, 12:15PM-12:30PM ET",m15,2026-04-10T16:30:00+00:00,17.4,577.94,3.8516417910447753,7.82,1,-13.548358208955223
eth,eth:m5:1775838300,"Ethereum Up or Down - April 10, 12:25PM-12:30PM ET",m5,2026-04-10T16:30:00+00:00,-38.75,507.35,1.2154838709677414,6.28,1,39.965483870967745
eth,eth:m5:1775838600,"Ethereum Up or Down - April 10, 12:30PM-12:35PM ET",m5,2026-04-10T16:35:00+00:00,-4.71,295.56,1.0921739130434798,6.28,1,5.80217391304348
eth,eth:m5:1775838900,"Ethereum Up or Down - April 10, 12:35PM-12:40PM ET",m5,2026-04-10T16:40:00+00:00,3.6,297.07,0.0,0.0,0,-3.6
eth,eth:m15:1775838600,"Ethereum Up or Down - April 10, 12:30PM-12:45PM ET",m15,2026-04-10T16:45:00+00:00,-2.99,2.99,-1.0094594594594595,6.225,1,1.9805405405405407
eth,eth:m5:1775839200,"Ethereum Up or Down - April 10, 12:40PM-12:45PM ET",m5,2026-04-10T16:45:00+00:00,6.54,453.94,1.3837288135593226,6.28,1,-5.156271186440677
eth,eth:m5:1775839500,"Ethereum Up or Down - April 10, 12:45PM-12:50PM ET",m5,2026-04-10T16:50:00+00:00,1.11,151.89,1.3715625000000005,6.27,1,0.26156250000000036
eth,eth:m5:1775839800,"Ethereum Up or Down - April 10, 12:50PM-12:55PM ET",m5,2026-04-10T16:55:00+00:00,10.93,729.39,0.6752307692307689,6.27,1,-10.25476923076923
eth,eth:h1:1775836800,"Ethereum Up or Down - April 10, 12PM ET",h1,2026-04-10T17:00:00+00:00,-101.84,1564.89,0.0,0.0,0,101.84
eth,eth:m5:1775840100,"Ethereum Up or Down - April 10, 12:55PM-1:00PM ET",m5,2026-04-10T17:00:00+00:00,34.51,222.97,0.0,0.0,0,-34.51
eth,eth:m15:1775839500,"Ethereum Up or Down - April 10, 12:45PM-1:00PM ET",m15,2026-04-10T17:00:00+00:00,24.83,82.19,0.0,0.0,0,-24.83
eth,eth:m5:1775840400,"Ethereum Up or Down - April 10, 1:00PM-1:05PM ET",m5,2026-04-10T17:05:00+00:00,-57.77,516.3,1.7878275862068973,12.55,2,59.5578275862069
eth,eth:m5:1775840700,"Ethereum Up or Down - April 10, 1:05PM-1:10PM ET",m5,2026-04-10T17:10:00+00:00,-30.71,172.37,-2.9855737704918033,6.28,1,27.724426229508197
eth,eth:m5:1775841000,"Ethereum Up or Down - April 10, 1:10PM-1:15PM ET",m5,2026-04-10T17:15:00+00:00,12.47,36.92,1.1082352941176463,6.28,1,-11.361764705882354
eth,eth:m15:1775840400,"Ethereum Up or Down - April 10, 1:00PM-1:15PM ET",m15,2026-04-10T17:15:00+00:00,17.6,54.91,-0.9431818181818175,6.225,1,-18.543181818181818
eth,eth:m5:1775841300,"Ethereum Up or Down - April 10, 1:15PM-1:20PM ET",m5,2026-04-10T17:20:00+00:00,50.61,233.81,-4.386031746031746,6.28,1,-54.99603174603175
eth,eth:m5:1775841600,"Ethereum Up or Down - April 10, 1:20PM-1:25PM ET",m5,2026-04-10T17:25:00+00:00,48.25,178.75,0.0,0.0,0,-48.25
eth,eth:m5:1775841900,"Ethereum Up or Down - April 10, 1:25PM-1:30PM ET",m5,2026-04-10T17:30:00+00:00,-13.0,162.51,0.0,0.0,0,13.0
eth,eth:m5:1775842200,"Ethereum Up or Down - April 10, 1:30PM-1:35PM ET",m5,2026-04-10T17:35:00+00:00,-1.19,98.23,1.4180645161290322,6.28,1,2.608064516129032
eth,eth:m5:1775842500,"Ethereum Up or Down - April 10, 1:35PM-1:40PM ET",m5,2026-04-10T17:40:00+00:00,-52.35,571.59,1.4059701492537302,6.28,1,53.755970149253734
eth,eth:m5:1775842800,"Ethereum Up or Down - April 10, 1:40PM-1:45PM ET",m5,2026-04-10T17:45:00+00:00,98.41,495.33,-1.2929411764705883,6.28,1,-99.70294117647059
eth,eth:m15:1775842200,"Ethereum Up or Down - April 10, 1:30PM-1:45PM ET",m15,2026-04-10T17:45:00+00:00,-4.4,4.4,3.0660447761194014,6.225,1,7.466044776119402
eth,eth:m5:1775843100,"Ethereum Up or Down - April 10, 1:45PM-1:50PM ET",m5,2026-04-10T17:50:00+00:00,-31.1,244.01,1.3362295081967215,6.27,1,32.436229508196725
eth,eth:m5:1775843400,"Ethereum Up or Down - April 10, 1:50PM-1:55PM ET",m5,2026-04-10T17:55:00+00:00,-5.85,135.57,0.0,0.0,0,5.85
eth,eth:m15:1775843100,"Ethereum Up or Down - April 10, 1:45PM-2:00PM ET",m15,2026-04-10T18:00:00+00:00,75.95,196.16,3.1940845070422537,7.82,1,-72.75591549295775
eth,eth:m5:1775843700,"Ethereum Up or Down - April 10, 1:55PM-2:00PM ET",m5,2026-04-10T18:00:00+00:00,53.18,508.56,1.6654687500000014,6.27,1,-51.51453125
eth,eth:h1:1775840400,"Ethereum Up or Down - April 10, 1PM ET",h1,2026-04-10T18:00:00+00:00,450.52,1983.63,-7.541538461538462,21.68,2,-458.0615384615384
eth,eth:m5:1775844000,"Ethereum Up or Down - April 10, 2:00PM-2:05PM ET",m5,2026-04-10T18:05:00+00:00,-2.88,171.02,1.2742028985507252,6.28,1,4.154202898550725
eth,eth:m5:1775844300,"Ethereum Up or Down - April 10, 2:05PM-2:10PM ET",m5,2026-04-10T18:10:00+00:00,20.54,162.92,8.881784197001252e-16,6.27,1,-20.54
eth,eth:m15:1775844000,"Ethereum Up or Down - April 10, 2:00PM-2:15PM ET",m15,2026-04-10T18:15:00+00:00,5.93,189.14,0.0,0.0,0,-5.93
eth,eth:m5:1775844600,"Ethereum Up or Down - April 10, 2:10PM-2:15PM ET",m5,2026-04-10T18:15:00+00:00,-6.62,128.25,0.0,0.0,0,6.62
eth,eth:m5:1775844900,"Ethereum Up or Down - April 10, 2:15PM-2:20PM ET",m5,2026-04-10T18:20:00+00:00,4.55,272.62,1.124776119402985,6.28,1,-3.4252238805970148
eth,eth:m5:1775845200,"Ethereum Up or Down - April 10, 2:20PM-2:25PM ET",m5,2026-04-10T18:25:00+00:00,-85.41,211.49,1.2752542372881353,6.27,1,86.68525423728813
eth,eth:m5:1775845500,"Ethereum Up or Down - April 10, 2:25PM-2:30PM ET",m5,2026-04-10T18:30:00+00:00,-35.66,366.6,1.1575384615384614,6.27,1,36.81753846153846
eth,eth:m15:1775844900,"Ethereum Up or Down - April 10, 2:15PM-2:30PM ET",m15,2026-04-10T18:30:00+00:00,82.98,250.87,-0.9726562499999991,6.225,1,-83.95265625
eth,eth:m5:1775845800,"Ethereum Up or Down - April 10, 2:30PM-2:35PM ET",m5,2026-04-10T18:35:00+00:00,7.91,334.36,-4.317049180327868,6.27,1,-12.227049180327867
eth,eth:m5:1775846100,"Ethereum Up or Down - April 10, 2:35PM-2:40PM ET",m5,2026-04-10T18:40:00+00:00,9.52,440.76,1.1593846153846146,6.28,1,-8.360615384615386
eth,eth:m5:1775846400,"Ethereum Up or Down - April 10, 2:40PM-2:45PM ET",m5,2026-04-10T18:45:00+00:00,-28.0,309.77,1.218507462686567,6.28,1,29.218507462686567
eth,eth:m15:1775845800,"Ethereum Up or Down - April 10, 2:30PM-2:45PM ET",m15,2026-04-10T18:45:00+00:00,-11.64,187.7,-0.864583333333333,6.225,1,10.775416666666668
eth,eth:m5:1775846700,"Ethereum Up or Down - April 10, 2:45PM-2:50PM ET",m5,2026-04-10T18:50:00+00:00,-6.84,223.65,1.3933333333333326,6.27,1,8.233333333333333
eth,eth:m5:1775847000,"Ethereum Up or Down - April 10, 2:50PM-2:55PM ET",m5,2026-04-10T18:55:00+00:00,8.58,60.11,0.0,0.0,0,-8.58
eth,eth:m5:1775847300,"Ethereum Up or Down - April 10, 2:55PM-3:00PM ET",m5,2026-04-10T19:00:00+00:00,17.38,1137.77,1.475294117647059,6.27,1,-15.904705882352939
eth,eth:m15:1775846700,"Ethereum Up or Down - April 10, 2:45PM-3:00PM ET",m15,2026-04-10T19:00:00+00:00,26.22,141.73,0.0,0.0,0,-26.22
eth,eth:h1:1775844000,"Ethereum Up or Down - April 10, 2PM ET",h1,2026-04-10T19:00:00+00:00,251.79,3165.3,-12.49,12.49,1,-264.28
eth,eth:m5:1775847600,"Ethereum Up or Down - April 10, 3:00PM-3:05PM ET",m5,2026-04-10T19:05:00+00:00,-6.1,686.41,-0.7567241379310339,6.27,1,5.343275862068966
eth,eth:m5:1775847900,"Ethereum Up or Down - April 10, 3:05PM-3:10PM ET",m5,2026-04-10T19:10:00+00:00,21.46,707.43,0.0,0.0,0,-21.46
eth,eth:m5:1775848200,"Ethereum Up or Down - April 10, 3:10PM-3:15PM ET",m5,2026-04-10T19:15:00+00:00,-4.48,158.22,0.0,0.0,0,4.48
eth,eth:m15:1775847600,"Ethereum Up or Down - April 10, 3:00PM-3:15PM ET",m15,2026-04-10T19:15:00+00:00,20.24,93.9,-1.1014084507042252,7.82,1,-21.341408450704222
eth,eth:m5:1775848500,"Ethereum Up or Down - April 10, 3:15PM-3:20PM ET",m5,2026-04-10T19:20:00+00:00,-36.54,163.18,1.218507462686567,6.28,1,37.758507462686566
eth,eth:m5:1775848800,"Ethereum Up or Down - April 10, 3:20PM-3:25PM ET",m5,2026-04-10T19:25:00+00:00,-60.99,141.8,0.0,0.0,0,60.99
eth,eth:m5:1775849100,"Ethereum Up or Down - April 10, 3:25PM-3:30PM ET",m5,2026-04-10T19:30:00+00:00,-26.18,151.2,0.0,0.0,0,26.18
eth,eth:m15:1775848500,"Ethereum Up or Down - April 10, 3:15PM-3:30PM ET",m15,2026-04-10T19:30:00+00:00,-27.0,126.0,2.4208333333333343,6.225,1,29.420833333333334
eth,eth:m5:1775849400,"Ethereum Up or Down - April 10, 3:30PM-3:35PM ET",m5,2026-04-10T19:35:00+00:00,-32.89,90.89,0.0,0.0,0,32.89
eth,eth:m5:1775849700,"Ethereum Up or Down - April 10, 3:35PM-3:40PM ET",m5,2026-04-10T19:40:00+00:00,25.72,574.99,0.0,0.0,0,-25.72
eth,eth:m15:1775849400,"Ethereum Up or Down - April 10, 3:30PM-3:45PM ET",m15,2026-04-10T19:45:00+00:00,-71.56,397.64,0.0,0.0,0,71.56
eth,eth:m5:1775850000,"Ethereum Up or Down - April 10, 3:40PM-3:45PM ET",m5,2026-04-10T19:45:00+00:00,16.69,711.85,1.0921739130434798,6.28,1,-15.597826086956522
eth,eth:m5:1775850300,"Ethereum Up or Down - April 10, 3:45PM-3:50PM ET",m5,2026-04-10T19:50:00+00:00,-13.89,445.81,-3.417058823529412,6.28,1,10.472941176470588
eth,eth:m5:1775850600,"Ethereum Up or Down - April 10, 3:50PM-3:55PM ET",m5,2026-04-10T19:55:00+00:00,6.09,198.93,0.0,0.0,0,-6.09
eth,eth:m15:1775850300,"Ethereum Up or Down - April 10, 3:45PM-4:00PM ET",m15,2026-04-10T20:00:00+00:00,4.5,210.01,0.0,0.0,0,-4.5
eth,eth:m5:1775850900,"Ethereum Up or Down - April 10, 3:55PM-4:00PM ET",m5,2026-04-10T20:00:00+00:00,11.05,459.55,0.0,0.0,0,-11.05
eth,eth:h1:1775847600,"Ethereum Up or Down - April 10, 3PM ET",h1,2026-04-10T20:00:00+00:00,304.62,1750.94,-7.3206250000000015,21.68,2,-311.940625
eth,eth:m5:1775851200,"Ethereum Up or Down - April 10, 4:00PM-4:05PM ET",m5,2026-04-10T20:05:00+00:00,14.4,504.36,-1.312238805970149,6.28,1,-15.712238805970149
eth,eth:m5:1775851500,"Ethereum Up or Down - April 10, 4:05PM-4:10PM ET",m5,2026-04-10T20:10:00+00:00,16.54,483.77,1.218507462686567,6.28,1,-15.321492537313432
eth,eth:m5:1775851800,"Ethereum Up or Down - April 10, 4:10PM-4:15PM ET",m5,2026-04-10T20:15:00+00:00,7.15,239.85,0.0,0.0,0,-7.15
eth,eth:m15:1775851200,"Ethereum Up or Down - April 10, 4:00PM-4:15PM ET",m15,2026-04-10T20:15:00+00:00,-178.45,763.65,-2.1445495495495503,14.045,2,176.30545045045045
eth,eth:m5:1775852100,"Ethereum Up or Down - April 10, 4:15PM-4:20PM ET",m5,2026-04-10T20:20:00+00:00,52.67,419.21,-2.1241176470588243,6.28,1,-54.794117647058826
eth,eth:m5:1775852400,"Ethereum Up or Down - April 10, 4:20PM-4:25PM ET",m5,2026-04-10T20:25:00+00:00,28.55,129.35,-0.656119402985075,6.28,1,-29.206119402985074
eth,eth:m5:1775852700,"Ethereum Up or Down - April 10, 4:25PM-4:30PM ET",m5,2026-04-10T20:30:00+00:00,-11.55,787.93,0.0,0.0,0,11.55
eth,eth:m15:1775852100,"Ethereum Up or Down - April 10, 4:15PM-4:30PM ET",m15,2026-04-10T20:30:00+00:00,-46.04,605.94,0.9990639269406385,14.045,2,47.039063926940635
eth,eth:m5:1775853000,"Ethereum Up or Down - April 10, 4:30PM-4:35PM ET",m5,2026-04-10T20:35:00+00:00,-0.04,523.58,1.2938095238095233,6.27,1,1.3338095238095233
eth,eth:m5:1775853300,"Ethereum Up or Down - April 10, 4:35PM-4:40PM ET",m5,2026-04-10T20:40:00+00:00,1.06,223.44,0.0,0.0,0,-1.06
eth,eth:m15:1775853000,"Ethereum Up or Down - April 10, 4:30PM-4:45PM ET",m15,2026-04-10T20:45:00+00:00,-81.06,503.28,-1.0069852941176478,6.225,1,80.05301470588236
eth,eth:m5:1775853600,"Ethereum Up or Down - April 10, 4:40PM-4:45PM ET",m5,2026-04-10T20:45:00+00:00,28.88,31.21,0.0,0.0,0,-28.88
eth,eth:h1:1775851200,"Ethereum Up or Down - April 10, 4PM ET",h1,2026-04-10T21:00:00+00:00,-250.54,1688.1,-4.801621621621621,21.68,2,245.73837837837837
eth,eth:m15:1775854800,"Ethereum Up or Down - April 10, 5:00PM-5:15PM ET",m15,2026-04-10T21:15:00+00:00,-41.28,365.56,0.0,0.0,0,41.28
eth,eth:m5:1775855400,"Ethereum Up or Down - April 10, 5:10PM-5:15PM ET",m5,2026-04-10T21:15:00+00:00,-10.9,179.19,0.20933333333333337,6.28,1,11.109333333333334
eth,eth:m5:1775855700,"Ethereum Up or Down - April 10, 5:15PM-5:20PM ET",m5,2026-04-10T21:20:00+00:00,57.66,242.92,-1.196190476190476,6.28,1,-58.85619047619047
eth,eth:m5:1775856000,"Ethereum Up or Down - April 10, 5:20PM-5:25PM ET",m5,2026-04-10T21:25:00+00:00,8.21,54.78,0.0,0.0,0,-8.21
eth,eth:m5:1775856300,"Ethereum Up or Down - April 10, 5:25PM-5:30PM ET",m5,2026-04-10T21:30:00+00:00,39.77,178.4,1.1418181818181825,6.28,1,-38.62818181818182
eth,eth:m15:1775855700,"Ethereum Up or Down - April 10, 5:15PM-5:30PM ET",m15,2026-04-10T21:30:00+00:00,2.19,130.95,-1.1333333333333337,7.82,1,-3.3233333333333337
eth,eth:m5:1775856600,"Ethereum Up or Down - April 10, 5:30PM-5:35PM ET",m5,2026-04-10T21:35:00+00:00,-55.92,234.17,0.0,0.0,0,55.92
eth,eth:m5:1775856900,"Ethereum Up or Down - April 10, 5:35PM-5:40PM ET",m5,2026-04-10T21:40:00+00:00,2.38,80.12,0.0,0.0,0,-2.38
eth,eth:m15:1775856600,"Ethereum Up or Down - April 10, 5:30PM-5:45PM ET",m15,2026-04-10T21:45:00+00:00,30.06,869.59,-1.2650000000000006,7.82,1,-31.325
eth,eth:m5:1775857200,"Ethereum Up or Down - April 10, 5:40PM-5:45PM ET",m5,2026-04-10T21:45:00+00:00,5.33,656.34,1.0921739130434798,6.28,1,-4.23782608695652
eth,eth:m5:1775857500,"Ethereum Up or Down - April 10, 5:45PM-5:50PM ET",m5,2026-04-10T21:50:00+00:00,-119.47,1479.04,-3.806060606060606,6.28,1,115.66393939393939
eth,eth:m5:1775857800,"Ethereum Up or Down - April 10, 5:50PM-5:55PM ET",m5,2026-04-10T21:55:00+00:00,25.96,465.82,0.0,0.0,0,-25.96
eth,eth:m15:1775857500,"Ethereum Up or Down - April 10, 5:45PM-6:00PM ET",m15,2026-04-10T22:00:00+00:00,-20.3,988.41,3.1940845070422537,7.82,1,23.494084507042253
eth,eth:h1:1775854800,"Ethereum Up or Down - April 10, 5PM ET",h1,2026-04-10T22:00:00+00:00,-410.44,4160.66,0.0,0.0,0,410.44
eth,eth:m5:1775858100,"Ethereum Up or Down - April 10, 5:55PM-6:00PM ET",m5,2026-04-10T22:00:00+00:00,9.81,479.9,0.31350000000000033,6.27,1,-9.496500000000001
eth,eth:m5:1775858400,"Ethereum Up or Down - April 10, 6:00PM-6:05PM ET",m5,2026-04-10T22:05:00+00:00,-19.12,184.76,0.0,0.0,0,19.12
eth,eth:m5:1775858700,"Ethereum Up or Down - April 10, 6:05PM-6:10PM ET",m5,2026-04-10T22:10:00+00:00,17.82,120.33,1.2135483870967736,6.27,1,-16.60645161290323
eth,eth:m5:1775859000,"Ethereum Up or Down - April 10, 6:10PM-6:15PM ET",m5,2026-04-10T22:15:00+00:00,-7.38,121.31,0.0,0.0,0,7.38
eth,eth:m15:1775858400,"Ethereum Up or Down - April 10, 6:00PM-6:15PM ET",m15,2026-04-10T22:15:00+00:00,-43.66,246.61,0.0,0.0,0,43.66
eth,eth:m5:1775859300,"Ethereum Up or Down - April 10, 6:15PM-6:20PM ET",m5,2026-04-10T22:20:00+00:00,23.52,688.94,0.0,0.0,0,-23.52
eth,eth:m5:1775859600,"Ethereum Up or Down - April 10, 6:20PM-6:25PM ET",m5,2026-04-10T22:25:00+00:00,-0.17,269.51,0.0,0.0,0,0.17
eth,eth:m15:1775859300,"Ethereum Up or Down - April 10, 6:15PM-6:30PM ET",m15,2026-04-10T22:30:00+00:00,24.41,265.77,0.0,0.0,0,-24.41
eth,eth:m5:1775859900,"Ethereum Up or Down - April 10, 6:25PM-6:30PM ET",m5,2026-04-10T22:30:00+00:00,103.98,611.32,0.0,0.0,0,-103.98
