timestamp,spot_price,m15_buy,m15_sell,m15_spread_up,m15_spread_down,h1_buy,h1_sell,h1_spread_up,h1_spread_down,daily_buy,daily_sell,daily_spread_up,daily_spread_down
2025-11-03T00:21:21.084Z,3906.90,0.37,0.63,0.06,0.06,0.49,0.51,0.03,0.03,0.67,0.33,0.03,0.03
2025-11-03T00:21:22.089Z,3906.63,0.36,0.64,0.09,0.09,0.48,0.52,0.03,0.03,0.67,0.33,0.03,0.03
2025-11-03T00:21:23.091Z,3906.62,0.36,0.64,0.09,0.09,0.48,0.52,0.03,0.03,0.67,0.33,0.03,0.03
2025-11-03T00:21:24.094Z,3906.62,0.39,0.61,0.05,0.05,0.49,0.51,0.02,0.02,0.67,0.33,0.03,0.03
2025-11-03T00:21:25.096Z,3906.63,0.39,0.61,0.05,0.05,0.49,0.51,0.02,0.02,0.67,0.33,0.03,0.03
2025-11-03T00:21:26.106Z,3906.62,0.39,0.61,0.04,0.04,0.49,0.51,0.02,0.02,0.67,0.33,0.03,0.03
2025-11-03T00:21:27.110Z,3906.63,0.39,0.61,0.04,0.04,0.49,0.51,0.02,0.02,0.67,0.33,0.03,0.03
2025-11-03T00:21:28.117Z,3906.63,0.39,0.61,0.02,0.02,0.48,0.52,0.03,0.03,0.67,0.33,0.03,0.03
2025-11-03T00:21:29.125Z,3906.63,0.39,0.61,0.04,0.04,0.49,0.51,0.02,0.02,0.67,0.33,0.03,0.03
2025-11-03T00:21:30.128Z,3906.63,0.39,0.61,0.02,0.02,0.48,0.52,0.03,0.03,0.67,0.33,0.03,0.03
2025-11-03T00:21:31.134Z,3906.63,0.39,0.61,0.03,0.03,0.48,0.52,0.03,0.03,0.67,0.33,0.03,0.03
2025-11-03T00:21:32.139Z,3906.62,0.39,0.61,0.05,0.05,0.49,0.51,0.02,0.02,0.67,0.33,0.03,0.03
2025-11-03T00:21:33.153Z,3906.62,0.39,0.61,0.04,0.04,0.49,0.51,0.02,0.02,0.67,0.33,0.03,0.03
2025-11-03T00:21:34.159Z,3906.62,0.37,0.63,0.06,0.06,0.49,0.51,0.02,0.02,0.67,0.33,0.03,0.03
2025-11-03T00:21:35.173Z,3906.60,0.36,0.64,0.05,0.05,0.48,0.52,0.03,0.03,0.67,0.33,0.03,0.03
2025-11-03T00:21:36.179Z,3906.60,0.36,0.64,0.05,0.05,0.48,0.52,0.03,0.03,0.67,0.33,0.03,0.03
2025-11-03T00:21:37.187Z,3906.61,0.35,0.65,0.05,0.05,0.48,0.52,0.03,0.03,0.67,0.33,0.03,0.03
2025-11-03T00:21:38.190Z,3906.61,0.35,0.65,0.05,0.05,0.48,0.52,0.03,0.03,0.67,0.33,0.03,0.03
2025-11-03T00:21:39.197Z,3906.61,0.37,0.63,0.01,0.01,0.47,0.53,0.03,0.03,0.67,0.33,0.03,0.03
2025-11-03T00:21:40.199Z,3906.23,0.34,0.66,0.05,0.05,0.48,0.52,0.02,0.02,0.67,0.33,0.03,0.03
2025-11-03T00:21:41.203Z,3906.24,0.34,0.66,0.05,0.05,0.48,0.52,0.02,0.02,0.67,0.33,0.03,0.03
2025-11-03T00:21:42.208Z,3904.24,0.28,0.72,0.04,0.04,0.44,0.56,0.02,0.02,0.66,0.34,0.03,0.03
2025-11-03T00:21:43.211Z,3904.25,0.28,0.72,0.04,0.04,0.44,0.56,0.02,0.02,0.66,0.34,0.03,0.03
2025-11-03T00:21:44.215Z,3904.25,0.27,0.73,0.07,0.07,0.44,0.57,0.02,0.03,0.66,0.34,0.03,0.04
2025-11-03T00:21:45.219Z,3904.12,0.30,0.70,0.02,0.02,0.44,0.56,0.01,0.01,0.66,0.34,0.03,0.03
2025-11-03T00:21:46.222Z,3904.11,0.26,0.74,0.05,0.05,0.44,0.56,0.01,0.01,0.66,0.34,0.03,0.03
2025-11-03T00:21:47.230Z,3904.00,0.28,0.72,0.04,0.04,0.43,0.57,0.02,0.02,0.66,0.34,0.03,0.03
2025-11-03T00:21:48.231Z,3904.00,0.29,0.71,0.04,0.04,0.43,0.57,0.02,0.02,0.66,0.34,0.03,0.03
2025-11-03T00:21:49.235Z,3904.01,0.27,0.73,0.05,0.05,0.43,0.57,0.02,0.02,0.66,0.34,0.03,0.03
2025-11-03T00:21:50.241Z,3904.00,0.30,0.70,0.02,0.02,0.43,0.57,0.02,0.02,0.66,0.34,0.03,0.03
2025-11-03T00:21:51.249Z,3904.10,0.30,0.70,0.02,0.02,0.43,0.57,0.02,0.02,0.66,0.34,0.03,0.03
2025-11-03T00:21:52.254Z,3904.10,0.30,0.70,0.03,0.03,0.43,0.57,0.02,0.02,0.66,0.34,0.03,0.03
2025-11-03T00:21:53.257Z,3904.11,0.30,0.70,0.04,0.04,0.44,0.56,0.02,0.02,0.66,0.34,0.03,0.03
2025-11-03T00:21:54.262Z,3904.58,0.30,0.70,0.02,0.02,0.44,0.56,0.01,0.01,0.66,0.34,0.03,0.03
2025-11-03T00:21:55.263Z,3904.58,0.28,0.72,0.04,0.04,0.44,0.56,0.01,0.01,0.66,0.34,0.03,0.03
2025-11-03T00:21:56.276Z,3904.57,0.28,0.72,0.04,0.04,0.44,0.56,0.01,0.01,0.66,0.34,0.03,0.03
2025-11-03T00:21:57.277Z,3904.57,0.27,0.73,0.05,0.05,0.43,0.57,0.02,0.02,0.66,0.34,0.03,0.03
2025-11-03T00:21:58.281Z,3903.11,0.25,0.75,0.03,0.03,0.40,0.60,0.03,0.03,0.66,0.34,0.02,0.02
2025-11-03T00:21:59.285Z,3903.12,0.25,0.75,0.03,0.03,0.40,0.60,0.03,0.03,0.66,0.34,0.02,0.02
2025-11-03T00:22:00.296Z,3903.12,0.26,0.74,0.02,0.02,0.40,0.60,0.03,0.03,0.66,0.34,0.02,0.02
2025-11-03T00:22:01.301Z,3903.12,0.26,0.74,0.03,0.03,0.41,0.59,0.02,0.02,0.66,0.34,0.02,0.02
2025-11-03T00:22:02.310Z,3903.81,0.26,0.74,0.05,0.05,0.42,0.58,0.03,0.03,0.66,0.34,0.01,0.01
2025-11-03T00:22:03.313Z,3903.81,0.29,0.71,0.05,0.05,0.44,0.56,0.02,0.02,0.66,0.34,0.01,0.01
2025-11-03T00:22:04.320Z,3904.39,0.28,0.72,0.04,0.04,0.44,0.56,0.02,0.02,0.66,0.34,0.01,0.01
2025-11-03T00:22:05.327Z,3904.97,0.35,0.65,0.01,0.01,0.45,0.55,0.02,0.02,0.66,0.34,0.02,0.02
2025-11-03T00:22:06.333Z,3904.99,0.34,0.66,0.04,0.04,0.46,0.54,0.02,0.02,0.66,0.34,0.02,0.02
2025-11-03T00:22:07.337Z,3905.58,0.29,0.71,0.05,0.05,0.45,0.55,0.01,0.01,0.66,0.34,0.02,0.02
2025-11-03T00:22:08.344Z,3904.88,0.30,0.70,0.06,0.06,0.45,0.55,0.01,0.01,0.66,0.34,0.02,0.02
2025-11-03T00:22:09.350Z,3904.88,0.31,0.69,0.05,0.05,0.45,0.55,0.01,0.01,0.66,0.34,0.02,0.02
2025-11-03T00:22:10.357Z,3904.88,0.31,0.69,0.06,0.06,0.45,0.55,0.01,0.01,0.66,0.34,0.02,0.02
2025-11-03T00:22:11.357Z,3904.88,0.31,0.69,0.05,0.05,0.45,0.55,0.01,0.01,0.66,0.34,0.02,0.02
2025-11-03T00:22:12.362Z,3905.35,0.35,0.65,0.04,0.04,0.46,0.54,0.02,0.02,0.66,0.34,0.02,0.02
2025-11-03T00:22:13.366Z,3906.22,0.35,0.65,0.05,0.05,0.47,0.53,0.02,0.02,0.66,0.34,0.02,0.02
2025-11-03T00:22:14.367Z,3906.22,0.35,0.65,0.05,0.05,0.47,0.53,0.02,0.02,0.66,0.34,0.02,0.02
2025-11-03T00:22:15.374Z,3906.22,0.35,0.65,0.05,0.05,0.47,0.53,0.02,0.02,0.66,0.34,0.02,0.02
2025-11-03T00:22:16.379Z,3906.22,0.36,0.64,0.04,0.04,0.47,0.53,0.02,0.02,0.66,0.34,0.02,0.02
2025-11-03T00:22:17.383Z,3906.22,0.35,0.65,0.05,0.05,0.47,0.53,0.02,0.02,0.66,0.34,0.02,0.02
2025-11-03T00:22:18.387Z,3905.67,0.35,0.65,0.05,0.05,0.46,0.54,0.03,0.03,0.66,0.34,0.02,0.02
2025-11-03T00:22:19.393Z,3905.67,0.36,0.64,0.05,0.05,0.47,0.53,0.02,0.02,0.66,0.34,0.02,0.02
2025-11-03T00:22:20.400Z,3905.44,0.35,0.65,0.04,0.04,0.45,0.55,0.03,0.03,0.66,0.34,0.02,0.02
2025-11-03T00:22:21.406Z,3905.39,0.35,0.65,0.05,0.05,0.46,0.54,0.02,0.02,0.66,0.34,0.02,0.02
2025-11-03T00:22:22.421Z,3905.39,0.31,0.69,0.13,0.13,0.47,0.53,0.02,0.02,0.66,0.34,0.02,0.02
2025-11-03T00:22:23.426Z,3905.83,0.29,0.71,0.12,0.12,0.47,0.53,0.02,0.02,0.66,0.34,0.02,0.02
2025-11-03T00:22:24.427Z,3905.83,0.30,0.70,0.11,0.11,0.47,0.53,0.02,0.02,0.66,0.34,0.02,0.02
2025-11-03T00:22:25.426Z,3905.82,0.36,0.64,0.04,0.04,0.47,0.53,0.02,0.02,0.66,0.34,0.02,0.02
2025-11-03T00:22:26.441Z,3905.84,0.35,0.65,0.04,0.04,0.47,0.53,0.02,0.02,0.66,0.34,0.02,0.02
2025-11-03T00:22:27.445Z,3905.84,0.33,0.67,0.05,0.05,0.47,0.53,0.02,0.02,0.66,0.34,0.02,0.02
2025-11-03T00:22:28.449Z,3905.84,0.33,0.67,0.05,0.05,0.47,0.53,0.02,0.02,0.66,0.34,0.02,0.02
2025-11-03T00:22:29.450Z,3905.84,0.34,0.66,0.04,0.04,0.47,0.53,0.02,0.02,0.66,0.34,0.02,0.02
2025-11-03T00:22:30.455Z,3906.00,0.35,0.65,0.04,0.04,0.47,0.53,0.02,0.02,0.66,0.34,0.02,0.02
2025-11-03T00:22:31.460Z,3906.00,0.35,0.65,0.03,0.03,0.47,0.53,0.02,0.02,0.66,0.34,0.02,0.02
2025-11-03T00:22:32.475Z,3906.06,0.34,0.66,0.04,0.04,0.47,0.53,0.02,0.02,0.66,0.34,0.02,0.02
2025-11-03T00:22:33.482Z,3906.07,0.35,0.65,0.04,0.04,0.48,0.52,0.02,0.02,0.66,0.34,0.02,0.02
2025-11-03T00:22:34.496Z,3906.27,0.41,0.59,0.03,0.03,0.49,0.51,0.03,0.03,0.66,0.34,0.02,0.02
2025-11-03T00:22:35.503Z,3907.82,0.44,0.56,0.08,0.08,0.51,0.49,0.02,0.02,0.66,0.34,0.03,0.03
2025-11-03T00:22:36.506Z,3907.82,0.40,0.60,0.11,0.11,0.51,0.49,0.02,0.02,0.66,0.34,0.03,0.03
2025-11-03T00:22:37.506Z,3907.82,0.40,0.60,0.11,0.11,0.51,0.49,0.02,0.02,0.66,0.34,0.03,0.03
2025-11-03T00:22:38.519Z,3907.82,0.40,0.60,0.05,0.05,0.51,0.49,0.02,0.02,0.66,0.34,0.03,0.03
2025-11-03T00:22:39.525Z,3907.83,0.42,0.58,0.05,0.05,0.51,0.49,0.02,0.02,0.66,0.34,0.03,0.03
2025-11-03T00:22:40.531Z,3907.82,0.43,0.57,0.05,0.05,0.51,0.49,0.02,0.02,0.66,0.34,0.03,0.03
2025-11-03T00:22:41.533Z,3907.82,0.43,0.57,0.05,0.05,0.51,0.49,0.02,0.02,0.66,0.34,0.03,0.03
2025-11-03T00:22:42.536Z,3907.83,0.42,0.58,0.05,0.05,0.51,0.49,0.02,0.02,0.66,0.34,0.03,0.03
2025-11-03T00:22:43.540Z,3907.82,0.42,0.58,0.05,0.05,0.51,0.49,0.02,0.02,0.66,0.34,0.03,0.03
2025-11-03T00:22:44.546Z,3907.82,0.41,0.59,0.03,0.03,0.50,0.50,0.02,0.02,0.66,0.34,0.03,0.03
2025-11-03T00:22:45.550Z,3907.43,0.39,0.61,0.02,0.02,0.49,0.51,0.02,0.02,0.66,0.34,0.03,0.03
2025-11-03T00:22:46.557Z,3906.97,0.37,0.63,0.04,0.04,0.48,0.52,0.02,0.02,0.66,0.34,0.02,0.02
2025-11-03T00:22:47.565Z,3906.50,0.32,0.68,0.08,0.08,0.47,0.53,0.03,0.03,0.66,0.34,0.02,0.02
2025-11-03T00:22:48.568Z,3906.40,0.35,0.65,0.05,0.05,0.47,0.53,0.03,0.03,0.66,0.34,0.02,0.02
2025-11-03T00:22:49.573Z,3906.40,0.34,0.66,0.05,0.05,0.47,0.53,0.03,0.03,0.66,0.34,0.02,0.02
2025-11-03T00:22:50.574Z,3906.40,0.34,0.66,0.06,0.07,0.47,0.53,0.03,0.03,0.66,0.34,0.02,0.02
2025-11-03T00:22:51.577Z,3906.39,0.34,0.66,0.06,0.06,0.47,0.53,0.02,0.02,0.66,0.34,0.02,0.02
2025-11-03T00:22:52.592Z,3906.24,0.32,0.68,0.09,0.09,0.48,0.52,0.02,0.02,0.66,0.34,0.02,0.02
2025-11-03T00:22:53.595Z,3906.31,0.38,0.62,0.03,0.03,0.48,0.52,0.02,0.02,0.66,0.34,0.02,0.02
2025-11-03T00:22:54.599Z,3906.34,0.38,0.62,0.03,0.03,0.48,0.52,0.02,0.02,0.66,0.34,0.02,0.02
2025-11-03T00:22:55.601Z,3906.34,0.38,0.62,0.03,0.03,0.48,0.52,0.02,0.02,0.66,0.34,0.02,0.02
2025-11-03T00:22:56.609Z,3906.34,0.38,0.62,0.03,0.03,0.48,0.52,0.02,0.02,0.66,0.34,0.02,0.02
2025-11-03T00:22:57.609Z,3906.36,0.38,0.62,0.03,0.03,0.48,0.52,0.02,0.02,0.66,0.34,0.02,0.02
2025-11-03T00:22:58.611Z,3906.57,0.39,0.61,0.04,0.04,0.48,0.52,0.02,0.02,0.66,0.34,0.02,0.02
2025-11-03T00:22:59.621Z,3906.58,0.38,0.62,0.05,0.05,0.48,0.52,0.02,0.02,0.66,0.34,0.02,0.02
2025-11-03T00:23:00.627Z,3906.58,0.41,0.59,0.03,0.03,0.48,0.52,0.03,0.03,0.66,0.34,0.02,0.02
2025-11-03T00:23:01.627Z,3906.88,0.39,0.61,0.05,0.05,0.48,0.52,0.03,0.03,0.66,0.34,0.02,0.02
2025-11-03T00:23:02.634Z,3906.89,0.39,0.61,0.05,0.05,0.48,0.52,0.03,0.03,0.66,0.34,0.02,0.02
2025-11-03T00:23:03.640Z,3906.89,0.39,0.61,0.05,0.05,0.48,0.52,0.03,0.03,0.66,0.34,0.02,0.02
2025-11-03T00:23:04.641Z,3906.89,0.39,0.61,0.05,0.05,0.48,0.52,0.03,0.03,0.66,0.34,0.02,0.02
2025-11-03T00:23:05.645Z,3906.89,0.39,0.61,0.05,0.05,0.48,0.52,0.03,0.03,0.66,0.34,0.02,0.02
2025-11-03T00:23:06.647Z,3906.89,0.38,0.62,0.01,0.01,0.48,0.52,0.02,0.02,0.66,0.34,0.02,0.02
2025-11-03T00:23:07.654Z,3906.89,0.35,0.65,0.03,0.03,0.47,0.53,0.02,0.02,0.66,0.34,0.02,0.02
2025-11-03T00:23:08.658Z,3906.45,0.34,0.66,0.03,0.03,0.47,0.53,0.02,0.02,0.66,0.34,0.02,0.02
2025-11-03T00:23:09.664Z,3906.46,0.31,0.69,0.04,0.04,0.46,0.54,0.02,0.02,0.66,0.34,0.02,0.02
2025-11-03T00:23:10.671Z,3905.77,0.30,0.70,0.04,0.04,0.45,0.55,0.03,0.03,0.66,0.34,0.02,0.02
2025-11-03T00:23:11.681Z,3905.76,0.30,0.70,0.04,0.04,0.45,0.55,0.03,0.03,0.66,0.34,0.02,0.02
2025-11-03T00:23:12.686Z,3905.72,0.30,0.70,0.04,0.04,0.45,0.55,0.03,0.03,0.66,0.34,0.02,0.02
2025-11-03T00:23:13.689Z,3905.15,0.34,0.66,0.02,0.02,0.46,0.54,0.02,0.02,0.66,0.34,0.02,0.02
2025-11-03T00:23:14.701Z,3905.88,0.31,0.69,0.05,0.05,0.46,0.54,0.02,0.02,0.66,0.34,0.02,0.02
2025-11-03T00:23:15.702Z,3905.87,0.31,0.69,0.04,0.04,0.46,0.54,0.02,0.02,0.66,0.34,0.02,0.02
2025-11-03T00:23:16.702Z,3905.87,0.31,0.69,0.04,0.04,0.46,0.54,0.02,0.02,0.66,0.34,0.02,0.02
2025-11-03T00:23:17.706Z,3905.88,0.31,0.69,0.04,0.04,0.46,0.54,0.02,0.02,0.66,0.34,0.02,0.02
2025-11-03T00:23:18.712Z,3905.88,0.31,0.69,0.04,0.04,0.46,0.54,0.02,0.02,0.66,0.34,0.02,0.02
2025-11-03T00:23:19.717Z,3905.88,0.31,0.69,0.03,0.03,0.46,0.54,0.02,0.02,0.66,0.34,0.02,0.02
2025-11-03T00:23:20.721Z,3905.88,0.30,0.70,0.05,0.05,0.46,0.54,0.02,0.02,0.66,0.34,0.02,0.02
2025-11-03T00:23:21.725Z,3905.88,0.30,0.70,0.03,0.03,0.46,0.54,0.02,0.02,0.66,0.34,0.02,0.02
2025-11-03T00:23:22.728Z,3905.72,0.29,0.71,0.04,0.04,0.46,0.54,0.02,0.02,0.66,0.34,0.02,0.02
2025-11-03T00:23:23.733Z,3905.70,0.29,0.71,0.04,0.04,0.46,0.54,0.02,0.02,0.66,0.34,0.02,0.02
2025-11-03T00:23:24.739Z,3905.68,0.29,0.71,0.04,0.04,0.46,0.54,0.02,0.02,0.66,0.34,0.02,0.02
2025-11-03T00:23:25.746Z,3905.36,0.29,0.71,0.03,0.03,0.46,0.54,0.01,0.01,0.66,0.34,0.02,0.02
2025-11-03T00:23:26.754Z,3905.35,0.28,0.72,0.04,0.04,0.46,0.54,0.01,0.01,0.66,0.34,0.02,0.02
2025-11-03T00:23:27.759Z,3905.35,0.28,0.72,0.04,0.04,0.45,0.55,0.02,0.02,0.66,0.34,0.02,0.02
2025-11-03T00:23:28.764Z,3905.36,0.28,0.72,0.04,0.04,0.45,0.55,0.02,0.02,0.66,0.34,0.02,0.02
2025-11-03T00:23:29.775Z,3905.36,0.28,0.72,0.03,0.03,0.45,0.55,0.02,0.02,0.66,0.34,0.02,0.02
2025-11-03T00:23:30.782Z,3905.36,0.28,0.72,0.03,0.03,0.45,0.55,0.02,0.02,0.66,0.34,0.02,0.02
2025-11-03T00:23:31.795Z,3905.35,0.28,0.72,0.03,0.03,0.45,0.55,0.02,0.02,0.66,0.34,0.02,0.02
2025-11-03T00:23:32.802Z,3905.35,0.28,0.72,0.03,0.03,0.45,0.55,0.02,0.02,0.66,0.34,0.02,0.02
2025-11-03T00:23:33.805Z,3905.29,0.28,0.72,0.04,0.04,0.45,0.55,0.02,0.02,0.66,0.34,0.02,0.02
2025-11-03T00:23:34.809Z,3905.26,0.26,0.74,0.04,0.04,0.44,0.56,0.03,0.03,0.66,0.34,0.02,0.02
2025-11-03T00:23:35.816Z,3904.81,0.25,0.75,0.02,0.02,0.43,0.57,0.02,0.02,0.66,0.34,0.02,0.02
2025-11-03T00:23:36.821Z,3904.39,0.25,0.75,0.02,0.02,0.42,0.58,0.02,0.02,0.66,0.34,0.02,0.02
2025-11-03T00:23:37.827Z,3904.23,0.25,0.75,0.02,0.02,0.42,0.58,0.02,0.02,0.66,0.34,0.02,0.02
2025-11-03T00:23:38.832Z,3904.22,0.25,0.75,0.01,0.01,0.42,0.58,0.02,0.02,0.66,0.34,0.02,0.02
2025-11-03T00:23:39.843Z,3903.79,0.21,0.79,0.04,0.04,0.41,0.59,0.02,0.02,0.66,0.34,0.02,0.02
2025-11-03T00:23:40.854Z,3903.61,0.20,0.80,0.04,0.04,0.41,0.59,0.02,0.02,0.66,0.34,0.02,0.02
2025-11-03T00:23:41.858Z,3903.61,0.20,0.80,0.03,0.03,0.40,0.60,0.02,0.02,0.66,0.34,0.02,0.02
2025-11-03T00:23:42.866Z,3903.33,0.20,0.80,0.01,0.01,0.39,0.61,0.02,0.02,0.65,0.35,0.03,0.03
2025-11-03T00:23:43.870Z,3902.71,0.20,0.80,0.01,0.01,0.39,0.61,0.02,0.02,0.65,0.35,0.03,0.03
2025-11-03T00:23:44.876Z,3902.71,0.23,0.77,0.03,0.03,0.39,0.61,0.03,0.03,0.65,0.35,0.03,0.03
2025-11-03T00:23:45.879Z,3902.72,0.21,0.79,0.02,0.02,0.39,0.61,0.03,0.03,0.65,0.35,0.03,0.03
2025-11-03T00:23:46.881Z,3902.71,0.21,0.79,0.02,0.02,0.39,0.61,0.03,0.03,0.65,0.35,0.03,0.03
2025-11-03T00:23:47.885Z,3902.71,0.21,0.79,0.01,0.01,0.39,0.61,0.03,0.03,0.65,0.35,0.03,0.03
2025-11-03T00:23:48.900Z,3902.71,0.20,0.80,0.02,0.02,0.39,0.61,0.03,0.03,0.65,0.35,0.03,0.03
2025-11-03T00:23:49.906Z,3902.71,0.20,0.80,0.02,0.02,0.39,0.61,0.03,0.03,0.65,0.35,0.03,0.03
2025-11-03T00:23:50.915Z,3902.71,0.20,0.80,0.02,0.02,0.39,0.61,0.02,0.02,0.65,0.35,0.03,0.03
2025-11-03T00:23:51.915Z,3902.71,0.20,0.80,0.02,0.02,0.39,0.61,0.02,0.02,0.65,0.35,0.03,0.03
2025-11-03T00:23:52.918Z,3902.72,0.20,0.80,0.02,0.02,0.39,0.61,0.03,0.03,0.65,0.35,0.03,0.03
2025-11-03T00:23:53.925Z,3902.72,0.20,0.80,0.02,0.02,0.39,0.61,0.03,0.03,0.65,0.35,0.03,0.03
2025-11-03T00:23:54.931Z,3902.72,0.20,0.80,0.02,0.02,0.39,0.61,0.03,0.03,0.65,0.35,0.03,0.03
2025-11-03T00:23:55.945Z,3902.72,0.20,0.80,0.04,0.04,0.40,0.60,0.02,0.02,0.65,0.35,0.03,0.03
2025-11-03T00:23:56.951Z,3902.71,0.21,0.79,0.03,0.03,0.40,0.60,0.02,0.02,0.65,0.35,0.03,0.03
2025-11-03T00:23:57.955Z,3902.71,0.21,0.79,0.04,0.04,0.40,0.60,0.02,0.02,0.65,0.35,0.03,0.03
2025-11-03T00:23:58.961Z,3902.71,0.21,0.79,0.04,0.04,0.40,0.60,0.02,0.02,0.65,0.35,0.03,0.03
2025-11-03T00:23:59.975Z,3902.71,0.21,0.79,0.04,0.04,0.40,0.60,0.02,0.02,0.65,0.35,0.03,0.03
2025-11-03T00:24:00.979Z,3902.71,0.21,0.79,0.05,0.05,0.40,0.60,0.02,0.02,0.65,0.35,0.03,0.03
2025-11-03T00:24:01.984Z,3902.72,0.21,0.79,0.01,0.01,0.40,0.60,0.02,0.02,0.65,0.35,0.03,0.03
2025-11-03T00:24:02.992Z,3902.72,0.21,0.79,0.04,0.04,0.40,0.60,0.02,0.02,0.65,0.35,0.03,0.03
2025-11-03T00:24:03.999Z,3902.72,0.21,0.79,0.04,0.04,0.40,0.60,0.02,0.02,0.65,0.35,0.03,0.03
2025-11-03T00:24:05.004Z,3902.71,0.19,0.81,0.06,0.06,0.40,0.60,0.02,0.02,0.65,0.35,0.03,0.03
2025-11-03T00:24:06.009Z,3903.22,0.20,0.80,0.06,0.06,0.41,0.59,0.03,0.03,0.65,0.35,0.03,0.03
2025-11-03T00:24:07.013Z,3903.22,0.22,0.78,0.04,0.04,0.42,0.58,0.02,0.02,0.65,0.35,0.03,0.03
2025-11-03T00:24:08.023Z,3903.89,0.22,0.78,0.07,0.07,0.43,0.57,0.02,0.02,0.65,0.35,0.03,0.03
2025-11-03T00:24:09.028Z,3903.89,0.24,0.76,0.05,0.05,0.43,0.57,0.02,0.02,0.65,0.35,0.03,0.03
2025-11-03T00:24:10.036Z,3903.90,0.24,0.76,0.06,0.06,0.42,0.58,0.03,0.03,0.65,0.35,0.03,0.03
2025-11-03T00:24:11.045Z,3903.89,0.24,0.76,0.06,0.06,0.43,0.57,0.02,0.02,0.65,0.35,0.03,0.03
2025-11-03T00:24:12.047Z,3904.15,0.28,0.72,0.02,0.02,0.43,0.57,0.03,0.03,0.66,0.34,0.02,0.02
2025-11-03T00:24:13.050Z,3904.15,0.24,0.76,0.06,0.06,0.43,0.57,0.03,0.03,0.66,0.34,0.02,0.02
2025-11-03T00:24:14.057Z,3903.02,0.20,0.80,0.03,0.03,0.38,0.62,0.03,0.03,0.65,0.35,0.03,0.03
2025-11-03T00:24:15.070Z,3902.66,0.18,0.82,0.04,0.04,0.39,0.61,0.03,0.03,0.65,0.35,0.03,0.03
2025-11-03T00:24:16.074Z,3902.66,0.17,0.83,0.05,0.05,0.39,0.61,0.03,0.03,0.65,0.35,0.03,0.03
2025-11-03T00:24:17.077Z,3902.62,0.14,0.84,0.05,0.03,0.39,0.61,0.02,0.02,0.65,0.35,0.03,0.03
2025-11-03T00:24:18.078Z,3902.37,0.15,0.85,0.04,0.04,0.39,0.61,0.02,0.02,0.65,0.35,0.03,0.03
2025-11-03T00:24:19.086Z,3902.36,0.16,0.84,0.02,0.02,0.40,0.60,0.03,0.03,0.65,0.35,0.03,0.03
2025-11-03T00:24:20.093Z,3902.89,0.17,0.83,0.05,0.05,0.40,0.60,0.02,0.02,0.65,0.35,0.03,0.03
2025-11-03T00:24:21.097Z,3902.49,0.14,0.86,0.04,0.04,0.39,0.61,0.02,0.02,0.65,0.35,0.03,0.03
2025-11-03T00:24:22.102Z,3902.37,0.14,0.86,0.04,0.04,0.39,0.61,0.02,0.02,0.65,0.35,0.03,0.03
2025-11-03T00:24:23.102Z,3902.36,0.14,0.86,0.04,0.04,0.39,0.61,0.02,0.02,0.65,0.35,0.03,0.03
2025-11-03T00:24:24.111Z,3902.37,0.14,0.86,0.05,0.05,0.39,0.61,0.02,0.02,0.65,0.35,0.03,0.03
2025-11-03T00:24:25.113Z,3902.36,0.14,0.86,0.03,0.03,0.38,0.62,0.02,0.02,0.65,0.35,0.02,0.02
2025-11-03T00:24:26.119Z,3901.91,0.14,0.86,0.03,0.03,0.38,0.62,0.02,0.02,0.65,0.35,0.02,0.02
2025-11-03T00:24:27.125Z,3901.91,0.14,0.86,0.03,0.03,0.38,0.62,0.02,0.02,0.65,0.35,0.02,0.02
2025-11-03T00:24:28.130Z,3901.91,0.17,0.83,0.02,0.02,0.39,0.61,0.01,0.01,0.65,0.35,0.02,0.02
2025-11-03T00:24:29.145Z,3901.91,0.14,0.86,0.05,0.05,0.37,0.63,0.03,0.03,0.65,0.35,0.02,0.02
2025-11-03T00:24:30.150Z,3901.91,0.15,0.85,0.05,0.05,0.37,0.63,0.03,0.03,0.65,0.35,0.02,0.02
2025-11-03T00:24:31.165Z,3901.91,0.14,0.86,0.06,0.06,0.37,0.63,0.03,0.03,0.65,0.35,0.02,0.02
2025-11-03T00:24:32.176Z,3901.91,0.14,0.86,0.06,0.06,0.37,0.63,0.03,0.03,0.65,0.35,0.02,0.02
2025-11-03T00:24:33.191Z,3901.91,0.14,0.86,0.06,0.06,0.37,0.63,0.03,0.03,0.65,0.35,0.02,0.02
2025-11-03T00:24:34.195Z,3901.91,0.11,0.89,0.08,0.08,0.37,0.63,0.03,0.03,0.65,0.35,0.02,0.02
2025-11-03T00:24:35.199Z,3901.92,0.11,0.89,0.07,0.07,0.37,0.63,0.03,0.03,0.65,0.35,0.02,0.02
2025-11-03T00:24:36.202Z,3901.92,0.11,0.89,0.07,0.07,0.37,0.63,0.03,0.03,0.65,0.35,0.02,0.02
2025-11-03T00:24:37.206Z,3901.91,0.10,0.90,0.07,0.07,0.37,0.63,0.03,0.03,0.65,0.35,0.02,0.02
2025-11-03T00:24:38.211Z,3901.91,0.10,0.90,0.06,0.06,0.37,0.63,0.03,0.03,0.65,0.35,0.02,0.02
2025-11-03T00:24:39.213Z,3901.91,0.10,0.90,0.06,0.06,0.37,0.63,0.03,0.03,0.65,0.35,0.02,0.02
2025-11-03T00:24:40.223Z,3901.92,0.10,0.90,0.05,0.05,0.37,0.63,0.03,0.03,0.65,0.35,0.02,0.02
2025-11-03T00:24:41.237Z,3901.92,0.10,0.90,0.05,0.05,0.37,0.63,0.03,0.03,0.65,0.35,0.02,0.02
2025-11-03T00:24:42.237Z,3901.92,0.10,0.90,0.05,0.05,0.37,0.63,0.03,0.03,0.65,0.35,0.02,0.02
2025-11-03T00:24:43.240Z,3901.91,0.10,0.90,0.05,0.05,0.37,0.63,0.03,0.03,0.65,0.35,0.02,0.02
2025-11-03T00:24:44.243Z,3901.91,0.10,0.90,0.05,0.05,0.37,0.63,0.03,0.03,0.65,0.35,0.02,0.02
2025-11-03T00:24:45.249Z,3901.91,0.10,0.90,0.04,0.04,0.37,0.63,0.03,0.03,0.65,0.35,0.02,0.02
2025-11-03T00:24:46.254Z,3901.91,0.04,0.96,0.10,0.10,0.37,0.63,0.03,0.03,0.65,0.35,0.02,0.02
2025-11-03T00:24:47.259Z,3901.91,0.08,0.92,0.06,0.06,0.37,0.63,0.03,0.03,0.65,0.35,0.02,0.02
2025-11-03T00:24:48.259Z,3901.91,0.06,0.94,0.11,0.11,0.36,0.64,0.02,0.02,0.65,0.35,0.02,0.02
2025-11-03T00:24:49.263Z,3901.61,0.03,0.97,0.08,0.08,0.36,0.64,0.01,0.01,0.65,0.35,0.02,0.02
2025-11-03T00:24:50.263Z,3901.33,0.02,0.98,0.09,0.09,0.34,0.66,0.03,0.03,0.65,0.35,0.03,0.03
2025-11-03T00:24:51.274Z,3900.76,0.03,0.97,0.07,0.07,0.34,0.66,0.02,0.02,0.65,0.35,0.01,0.01
2025-11-03T00:24:52.274Z,3900.30,0.05,0.95,0.04,0.04,0.34,0.66,0.02,0.02,0.65,0.35,0.01,0.01
2025-11-03T00:24:53.275Z,3900.30,0.08,0.92,0.04,0.04,0.35,0.65,0.02,0.02,0.65,0.35,0.01,0.01
2025-11-03T00:24:54.277Z,3900.48,0.03,0.97,0.10,0.10,0.35,0.65,0.02,0.02,0.65,0.35,0.01,0.01
2025-11-03T00:24:55.280Z,3900.49,0.03,0.97,0.10,0.10,0.35,0.65,0.02,0.02,0.65,0.35,0.01,0.01
2025-11-03T00:24:56.295Z,3900.48,0.10,0.90,0.03,0.03,0.35,0.65,0.02,0.02,0.65,0.35,0.01,0.01
2025-11-03T00:24:57.309Z,3900.49,0.10,0.90,0.02,0.02,0.35,0.65,0.02,0.02,0.65,0.35,0.01,0.01
2025-11-03T00:24:58.312Z,3900.48,0.10,0.90,0.02,0.02,0.35,0.65,0.02,0.02,0.65,0.35,0.01,0.01
2025-11-03T00:24:59.319Z,3900.49,0.10,0.90,0.02,0.02,0.34,0.66,0.03,0.03,0.65,0.35,0.01,0.01
2025-11-03T00:25:00.321Z,3900.49,0.10,0.90,0.03,0.03,0.34,0.66,0.03,0.03,0.65,0.35,0.01,0.01
2025-11-03T00:25:01.323Z,3900.51,0.09,0.91,0.04,0.04,0.34,0.66,0.03,0.03,0.65,0.35,0.01,0.01
2025-11-03T00:25:02.324Z,3900.89,0.10,0.90,0.01,0.01,0.35,0.65,0.03,0.03,0.65,0.35,0.02,0.02
2025-11-03T00:25:03.330Z,3900.89,0.09,0.91,0.02,0.02,0.35,0.65,0.03,0.03,0.65,0.35,0.02,0.02
2025-11-03T00:25:04.332Z,3900.89,0.09,0.91,0.07,0.07,0.38,0.62,0.01,0.01,0.65,0.35,0.02,0.02
2025-11-03T00:25:05.333Z,3901.44,0.10,0.90,0.06,0.06,0.37,0.63,0.02,0.02,0.65,0.35,0.02,0.02
2025-11-03T00:25:06.337Z,3901.44,0.04,0.96,0.07,0.07,0.35,0.65,0.03,0.03,0.65,0.35,0.02,0.02
2025-11-03T00:25:07.349Z,3901.05,0.07,0.93,0.05,0.05,0.36,0.64,0.02,0.02,0.65,0.35,0.02,0.02
2025-11-03T00:25:08.355Z,3901.05,0.06,0.94,0.11,0.11,0.36,0.64,0.02,0.02,0.65,0.35,0.02,0.02
2025-11-03T00:25:09.361Z,3901.24,0.13,0.87,0.04,0.04,0.37,0.63,0.02,0.02,0.65,0.35,0.02,0.02
2025-11-03T00:25:10.362Z,3901.28,0.08,0.92,0.02,0.02,0.37,0.63,0.02,0.02,0.65,0.35,0.02,0.02
2025-11-03T00:25:11.367Z,3901.28,0.08,0.92,0.02,0.02,0.37,0.63,0.02,0.02,0.65,0.35,0.02,0.02
2025-11-03T00:25:12.368Z,3901.28,0.07,0.93,0.08,0.08,0.37,0.63,0.02,0.02,0.65,0.35,0.02,0.02
2025-11-03T00:25:13.373Z,3901.28,0.08,0.92,0.07,0.07,0.37,0.63,0.02,0.02,0.65,0.35,0.02,0.02
2025-11-03T00:25:14.377Z,3901.28,0.08,0.92,0.07,0.07,0.37,0.63,0.02,0.02,0.65,0.35,0.02,0.02
2025-11-03T00:25:15.388Z,3901.52,0.08,0.92,0.07,0.07,0.37,0.63,0.02,0.02,0.65,0.35,0.02,0.02
2025-11-03T00:25:16.401Z,3901.53,0.09,0.91,0.08,0.08,0.37,0.63,0.02,0.02,0.65,0.35,0.02,0.02
2025-11-03T00:25:17.403Z,3901.53,0.10,0.90,0.04,0.04,0.37,0.63,0.02,0.02,0.65,0.35,0.02,0.02
2025-11-03T00:25:18.409Z,3901.52,0.10,0.90,0.04,0.04,0.37,0.63,0.02,0.02,0.65,0.35,0.02,0.02
2025-11-03T00:25:19.414Z,3901.52,0.10,0.90,0.04,0.04,0.37,0.63,0.02,0.02,0.65,0.35,0.02,0.02
2025-11-03T00:25:20.420Z,3901.53,0.11,0.89,0.03,0.03,0.37,0.63,0.03,0.03,0.65,0.35,0.02,0.02
2025-11-03T00:25:21.423Z,3901.61,0.11,0.89,0.03,0.03,0.37,0.63,0.03,0.03,0.65,0.35,0.02,0.02
2025-11-03T00:25:22.430Z,3901.73,0.09,0.91,0.05,0.05,0.37,0.63,0.03,0.03,0.65,0.35,0.02,0.02
2025-11-03T00:25:23.435Z,3901.74,0.08,0.92,0.06,0.06,0.37,0.63,0.02,0.02,0.65,0.35,0.02,0.02
2025-11-03T00:25:24.449Z,3901.89,0.10,0.90,0.06,0.06,0.38,0.62,0.03,0.03,0.65,0.35,0.02,0.02
2025-11-03T00:25:25.457Z,3901.89,0.10,0.90,0.06,0.06,0.38,0.62,0.03,0.03,0.65,0.35,0.02,0.02
2025-11-03T00:25:26.460Z,3901.88,0.11,0.89,0.05,0.05,0.38,0.62,0.03,0.03,0.65,0.35,0.02,0.02
2025-11-03T00:25:27.462Z,3901.88,0.07,0.93,0.08,0.08,0.38,0.62,0.02,0.02,0.65,0.35,0.02,0.02
2025-11-03T00:25:28.463Z,3901.88,0.07,0.93,0.08,0.08,0.38,0.62,0.02,0.02,0.65,0.35,0.02,0.02
2025-11-03T00:25:29.472Z,3901.88,0.07,0.93,0.08,0.08,0.38,0.62,0.02,0.02,0.65,0.35,0.02,0.02
2025-11-03T00:25:30.478Z,3901.88,0.06,0.94,0.09,0.09,0.37,0.63,0.02,0.02,0.65,0.35,0.02,0.02
2025-11-03T00:25:31.479Z,3901.16,0.05,0.95,0.08,0.08,0.36,0.64,0.02,0.02,0.65,0.35,0.02,0.02
2025-11-03T00:25:32.480Z,3901.14,0.07,0.93,0.08,0.08,0.36,0.64,0.03,0.03,0.65,0.35,0.02,0.02
2025-11-03T00:25:33.482Z,3901.14,0.11,0.89,0.04,0.04,0.38,0.62,0.01,0.01,0.65,0.35,0.02,0.02
2025-11-03T00:25:34.483Z,3901.35,0.09,0.91,0.06,0.06,0.38,0.62,0.01,0.01,0.65,0.35,0.02,0.02
2025-11-03T00:25:35.486Z,3901.35,0.09,0.91,0.05,0.05,0.38,0.62,0.01,0.01,0.65,0.35,0.02,0.02
2025-11-03T00:25:36.493Z,3901.35,0.11,0.89,0.03,0.03,0.37,0.63,0.03,0.03,0.65,0.35,0.02,0.02
2025-11-03T00:25:37.506Z,3901.43,0.08,0.92,0.06,0.06,0.37,0.63,0.03,0.03,0.65,0.35,0.02,0.02
2025-11-03T00:25:38.522Z,3901.42,0.07,0.93,0.07,0.07,0.37,0.63,0.03,0.03,0.65,0.35,0.02,0.02
2025-11-03T00:25:39.524Z,3901.65,0.08,0.92,0.06,0.06,0.37,0.63,0.03,0.03,0.65,0.35,0.02,0.02
2025-11-03T00:25:40.529Z,3901.64,0.08,0.92,0.05,0.05,0.37,0.63,0.03,0.03,0.65,0.35,0.02,0.02
2025-11-03T00:25:41.545Z,3901.91,0.09,0.91,0.05,0.05,0.39,0.61,0.01,0.01,0.65,0.35,0.02,0.02
2025-11-03T00:25:42.546Z,3901.91,0.06,0.94,0.06,0.06,0.38,0.62,0.01,0.01,0.65,0.35,0.02,0.02
2025-11-03T00:25:43.560Z,3901.91,0.06,0.94,0.02,0.02,0.38,0.62,0.01,0.01,0.65,0.35,0.02,0.02
2025-11-03T00:25:44.564Z,3901.90,0.07,0.93,0.06,0.06,0.38,0.62,0.02,0.02,0.65,0.35,0.02,0.02
2025-11-03T00:25:45.569Z,3901.90,0.06,0.94,0.06,0.06,0.38,0.62,0.01,0.01,0.65,0.35,0.02,0.02
2025-11-03T00:25:46.574Z,3901.90,0.05,0.95,0.06,0.06,0.38,0.62,0.01,0.01,0.65,0.35,0.02,0.02
2025-11-03T00:25:47.574Z,3901.91,0.05,0.95,0.04,0.04,0.38,0.62,0.01,0.01,0.65,0.35,0.02,0.02
2025-11-03T00:25:48.576Z,3901.91,0.05,0.95,0.04,0.04,0.38,0.62,0.01,0.01,0.65,0.35,0.02,0.02
2025-11-03T00:25:49.580Z,3901.90,0.05,0.95,0.04,0.04,0.38,0.62,0.01,0.01,0.65,0.35,0.02,0.02
2025-11-03T00:25:50.580Z,3901.91,0.05,0.95,0.04,0.04,0.38,0.62,0.01,0.01,0.65,0.35,0.02,0.02
2025-11-03T00:25:51.586Z,3901.91,0.04,0.96,0.03,0.03,0.38,0.62,0.01,0.01,0.65,0.35,0.02,0.02
2025-11-03T00:25:52.600Z,3901.90,0.02,0.98,0.06,0.06,0.37,0.63,0.02,0.02,0.65,0.35,0.02,0.02
2025-11-03T00:25:53.613Z,3901.72,0.02,0.98,0.06,0.06,0.37,0.63,0.02,0.02,0.65,0.35,0.02,0.02
2025-11-03T00:25:54.613Z,3901.72,0.02,0.98,0.06,0.06,0.37,0.63,0.02,0.02,0.65,0.35,0.02,0.02
2025-11-03T00:25:55.620Z,3901.72,0.02,0.98,0.09,0.09,0.37,0.63,0.02,0.02,0.65,0.35,0.02,0.02
2025-11-03T00:25:56.635Z,3901.70,0.02,0.98,0.09,0.09,0.37,0.63,0.02,0.02,0.65,0.35,0.02,0.02
2025-11-03T00:25:57.635Z,3901.69,0.03,0.97,0.09,0.09,0.36,0.64,0.03,0.03,0.65,0.35,0.02,0.02
2025-11-03T00:25:58.649Z,3901.29,0.03,0.97,0.07,0.07,0.36,0.64,0.03,0.03,0.65,0.35,0.02,0.02
2025-11-03T00:25:59.651Z,3901.15,0.02,0.98,0.08,0.08,0.35,0.65,0.03,0.03,0.65,0.35,0.02,0.02
2025-11-03T00:26:00.653Z,3900.92,0.02,0.98,0.08,0.08,0.35,0.65,0.02,0.02,0.65,0.35,0.02,0.02
2025-11-03T00:26:01.654Z,3900.92,0.02,0.98,0.08,0.08,0.35,0.65,0.02,0.02,0.65,0.35,0.02,0.02
2025-11-03T00:26:02.667Z,3900.92,0.04,0.96,0.06,0.06,0.36,0.64,0.02,0.02,0.65,0.35,0.02,0.02
2025-11-03T00:26:03.670Z,3900.92,0.03,0.97,0.07,0.07,0.35,0.65,0.03,0.03,0.65,0.35,0.02,0.02
2025-11-03T00:26:04.675Z,3900.92,0.03,0.97,0.06,0.06,0.35,0.65,0.03,0.03,0.65,0.35,0.02,0.02
2025-11-03T00:26:05.680Z,3900.92,0.02,0.98,0.07,0.07,0.35,0.65,0.03,0.03,0.65,0.35,0.02,0.02
2025-11-03T00:26:06.683Z,3900.90,0.02,0.98,0.07,0.07,0.34,0.66,0.03,0.03,0.65,0.35,0.01,0.01
2025-11-03T00:26:07.686Z,3900.50,0.02,0.98,0.07,0.07,0.34,0.66,0.03,0.03,0.65,0.35,0.01,0.01
2025-11-03T00:26:08.692Z,3900.50,0.02,0.98,0.07,0.07,0.34,0.66,0.03,0.03,0.65,0.35,0.01,0.01
2025-11-03T00:26:09.700Z,3900.50,0.02,0.98,0.07,0.07,0.34,0.66,0.03,0.03,0.65,0.35,0.01,0.01
2025-11-03T00:26:10.705Z,3900.46,0.02,0.98,0.07,0.07,0.34,0.66,0.03,0.03,0.65,0.35,0.01,0.01
2025-11-03T00:26:11.719Z,3900.30,0.02,0.98,0.07,0.07,0.34,0.66,0.02,0.02,0.65,0.35,0.01,0.01
2025-11-03T00:26:12.719Z,3900.30,0.02,0.98,0.06,0.06,0.34,0.66,0.02,0.02,0.65,0.35,0.01,0.01
2025-11-03T00:26:13.734Z,3900.30,0.02,0.98,0.06,0.06,0.34,0.66,0.02,0.02,0.65,0.35,0.01,0.01
2025-11-03T00:26:14.749Z,3900.22,0.03,0.97,0.05,0.05,0.34,0.66,0.02,0.02,0.65,0.35,0.01,0.01
2025-11-03T00:26:15.749Z,3900.06,0.03,0.97,0.05,0.05,0.34,0.66,0.02,0.02,0.65,0.35,0.01,0.01
2025-11-03T00:26:16.750Z,3900.05,0.03,0.97,0.05,0.05,0.34,0.66,0.02,0.02,0.65,0.35,0.01,0.01
2025-11-03T00:26:17.764Z,3900.05,0.01,0.99,0.05,0.05,0.33,0.67,0.02,0.02,0.65,0.35,0.01,0.01
2025-11-03T00:26:18.766Z,3899.90,0.01,0.99,0.02,0.02,0.28,0.72,0.03,0.03,0.65,0.35,0.01,0.01
2025-11-03T00:26:19.770Z,3897.65,0.02,0.98,0.05,0.05,0.29,0.71,0.03,0.03,0.64,0.36,0.02,0.02
2025-11-03T00:26:20.784Z,3898.34,0.02,0.98,0.05,0.05,0.29,0.71,0.02,0.02,0.64,0.36,0.02,0.02
2025-11-03T00:26:21.795Z,3897.94,0.01,0.99,0.05,0.05,0.29,0.71,0.02,0.02,0.64,0.36,0.02,0.02
2025-11-03T00:26:22.795Z,3897.94,0.02,0.98,0.04,0.04,0.29,0.71,0.03,0.03,0.64,0.36,0.02,0.02
2025-11-03T00:26:23.799Z,3898.33,0.02,0.98,0.04,0.04,0.29,0.71,0.02,0.02,0.64,0.36,0.02,0.02
2025-11-03T00:26:24.806Z,3898.33,0.02,0.98,0.04,0.04,0.29,0.71,0.03,0.03,0.64,0.36,0.02,0.02
2025-11-03T00:26:25.820Z,3898.33,0.01,0.99,0.05,0.05,0.29,0.71,0.02,0.02,0.64,0.36,0.02,0.02
2025-11-03T00:26:26.822Z,3897.93,0.01,0.99,0.05,0.05,0.28,0.72,0.02,0.02,0.64,0.36,0.01,0.01
2025-11-03T00:26:27.825Z,3897.73,0.01,0.99,0.05,0.05,0.28,0.72,0.02,0.02,0.64,0.36,0.01,0.01
2025-11-03T00:26:28.825Z,3897.27,0.01,0.99,0.05,0.05,0.27,0.73,0.02,0.02,0.64,0.36,0.01,0.01
2025-11-03T00:26:29.830Z,3897.27,0.02,0.98,0.04,0.04,0.27,0.73,0.03,0.03,0.64,0.36,0.01,0.01
2025-11-03T00:26:30.837Z,3897.27,0.01,0.99,0.05,0.05,0.27,0.73,0.03,0.03,0.64,0.36,0.01,0.01
2025-11-03T00:26:31.837Z,3897.54,0.02,0.98,0.03,0.03,0.28,0.72,0.02,0.02,0.64,0.36,0.01,0.01
2025-11-03T00:26:32.838Z,3897.54,0.02,0.98,0.03,0.03,0.28,0.72,0.02,0.02,0.64,0.36,0.01,0.01
2025-11-03T00:26:33.840Z,3897.54,0.02,0.98,0.03,0.03,0.28,0.72,0.02,0.02,0.64,0.36,0.01,0.01
2025-11-03T00:26:34.841Z,3897.54,0.03,0.97,0.02,0.02,0.28,0.72,0.03,0.03,0.64,0.36,0.01,0.01
2025-11-03T00:26:35.846Z,3897.74,0.01,0.99,0.04,0.04,0.29,0.71,0.02,0.02,0.64,0.36,0.01,0.01
2025-11-03T00:26:36.851Z,3897.88,0.02,0.98,0.03,0.03,0.29,0.71,0.03,0.03,0.64,0.36,0.02,0.02
2025-11-03T00:26:37.864Z,3898.33,0.02,0.98,0.03,0.03,0.30,0.70,0.02,0.02,0.64,0.36,0.02,0.02
2025-11-03T00:26:38.879Z,3898.34,0.02,0.98,0.03,0.03,0.30,0.70,0.03,0.03,0.64,0.36,0.02,0.02
2025-11-03T00:26:39.884Z,3898.45,0.02,0.98,0.03,0.03,0.30,0.70,0.03,0.03,0.64,0.36,0.02,0.02
2025-11-03T00:26:40.886Z,3898.49,0.01,0.99,0.04,0.04,0.30,0.70,0.02,0.02,0.64,0.36,0.02,0.02
2025-11-03T00:26:41.891Z,3898.50,0.01,0.99,0.03,0.03,0.30,0.70,0.01,0.01,0.64,0.36,0.02,0.02
2025-11-03T00:26:42.893Z,3898.49,0.01,0.99,0.03,0.03,0.30,0.70,0.01,0.01,0.64,0.36,0.02,0.02
2025-11-03T00:26:43.893Z,3898.33,0.01,0.99,0.03,0.03,0.29,0.71,0.02,0.02,0.64,0.36,0.02,0.02
2025-11-03T00:26:44.893Z,3898.06,0.02,0.98,0.03,0.03,0.29,0.71,0.03,0.03,0.64,0.36,0.02,0.02
2025-11-03T00:26:45.899Z,3898.06,0.01,0.99,0.01,0.01,0.29,0.71,0.03,0.03,0.64,0.36,0.02,0.02
2025-11-03T00:26:46.913Z,3898.07,0.01,0.99,0.01,0.01,0.30,0.70,0.02,0.02,0.64,0.36,0.02,0.02
2025-11-03T00:26:47.915Z,3898.07,0.01,0.99,0.01,0.01,0.30,0.70,0.02,0.02,0.64,0.36,0.02,0.02
2025-11-03T00:26:48.923Z,3898.06,0.01,0.99,0.01,0.01,0.30,0.70,0.02,0.02,0.64,0.36,0.02,0.02
2025-11-03T00:26:49.928Z,3898.06,0.01,0.99,0.01,0.01,0.29,0.71,0.03,0.03,0.64,0.36,0.02,0.02
2025-11-03T00:26:50.942Z,3898.07,0.01,0.99,0.01,0.01,0.30,0.70,0.02,0.02,0.64,0.36,0.02,0.02
2025-11-03T00:26:51.952Z,3898.34,0.01,0.99,0.01,0.01,0.31,0.69,0.01,0.01,0.64,0.36,0.02,0.02
2025-11-03T00:26:52.965Z,3898.56,0.01,0.99,0.01,0.01,0.31,0.69,0.02,0.02,0.64,0.36,0.02,0.02
2025-11-03T00:26:53.968Z,3898.56,0.01,0.99,0.01,0.01,0.30,0.70,0.03,0.03,0.64,0.36,0.02,0.02
2025-11-03T00:26:54.973Z,3898.56,0.01,0.99,0.01,0.01,0.29,0.71,0.01,0.01,0.64,0.36,0.02,0.02
2025-11-03T00:26:55.981Z,3897.09,0.01,0.99,0.01,0.01,0.27,0.73,0.02,0.02,0.64,0.36,0.01,0.01
2025-11-03T00:26:56.985Z,3897.09,0.01,0.99,0.01,0.01,0.27,0.73,0.02,0.02,0.64,0.36,0.01,0.01
2025-11-03T00:26:57.987Z,3897.09,0.01,0.99,0.01,0.01,0.27,0.73,0.02,0.02,0.64,0.36,0.01,0.01
2025-11-03T00:26:58.990Z,3897.08,0.01,0.99,0.01,0.01,0.25,0.75,0.02,0.02,0.64,0.36,0.02,0.02
2025-11-03T00:27:00.005Z,3895.77,0.01,0.99,0.01,0.01,0.24,0.76,0.01,0.01,0.63,0.37,0.02,0.02
2025-11-03T00:27:01.019Z,3894.81,0.01,0.99,0.01,0.01,0.24,0.76,0.01,0.01,0.63,0.37,0.02,0.02
2025-11-03T00:27:02.020Z,3895.39,0.01,0.99,0.01,0.01,0.25,0.75,0.01,0.01,0.63,0.37,0.02,0.02
2025-11-03T00:27:03.021Z,3895.39,0.01,0.99,0.01,0.01,0.24,0.76,0.02,0.02,0.63,0.37,0.02,0.02
2025-11-03T00:27:04.024Z,3895.40,0.01,0.99,0.01,0.01,0.24,0.76,0.02,0.02,0.63,0.37,0.02,0.02
2025-11-03T00:27:05.029Z,3895.39,0.02,0.98,0.03,0.03,0.24,0.76,0.02,0.02,0.63,0.37,0.02,0.02
2025-11-03T00:27:06.030Z,3895.39,0.02,0.98,0.03,0.03,0.24,0.76,0.02,0.02,0.63,0.37,0.02,0.02
2025-11-03T00:27:07.035Z,3895.39,0.02,0.98,0.03,0.03,0.24,0.76,0.02,0.02,0.63,0.37,0.02,0.02
2025-11-03T00:27:08.037Z,3895.40,0.02,0.98,0.03,0.03,0.24,0.76,0.02,0.02,0.63,0.37,0.02,0.02
2025-11-03T00:27:09.051Z,3895.40,0.01,0.99,0.04,0.04,0.24,0.76,0.02,0.02,0.63,0.37,0.02,0.02
2025-11-03T00:27:10.055Z,3895.39,0.00,1.00,0.01,0.01,0.24,0.76,0.02,0.02,0.63,0.37,0.02,0.02
2025-11-03T00:27:11.071Z,3895.40,0.00,1.00,0.01,0.01,0.26,0.74,0.01,0.01,0.63,0.37,0.02,0.02
2025-11-03T00:27:12.083Z,3895.78,0.00,1.00,0.01,0.01,0.25,0.75,0.03,0.03,0.63,0.37,0.02,0.02
2025-11-03T00:27:13.088Z,3896.00,0.00,1.00,0.01,0.01,0.25,0.75,0.03,0.03,0.63,0.37,0.02,0.02
2025-11-03T00:27:14.092Z,3895.99,0.00,1.00,0.01,0.01,0.25,0.75,0.03,0.03,0.63,0.37,0.02,0.02
2025-11-03T00:27:15.107Z,3895.99,0.00,1.00,0.01,0.01,0.25,0.75,0.03,0.03,0.63,0.37,0.02,0.02
2025-11-03T00:27:16.108Z,3895.99,0.00,1.00,0.01,0.01,0.25,0.75,0.03,0.03,0.63,0.37,0.02,0.02
2025-11-03T00:27:17.110Z,3895.79,0.00,1.00,0.01,0.01,0.25,0.75,0.02,0.02,0.63,0.37,0.02,0.02
2025-11-03T00:27:18.111Z,3895.22,0.00,1.00,0.01,0.01,0.24,0.76,0.02,0.02,0.63,0.37,0.02,0.02
2025-11-03T00:27:19.116Z,3895.07,0.00,1.00,0.01,0.01,0.23,0.77,0.03,0.03,0.63,0.37,0.02,0.02
2025-11-03T00:27:20.124Z,3895.03,0.00,1.00,0.01,0.01,0.23,0.77,0.02,0.02,0.63,0.37,0.02,0.02
2025-11-03T00:27:21.129Z,3895.03,0.00,1.00,0.01,0.01,0.24,0.76,0.02,0.02,0.63,0.37,0.02,0.02
2025-11-03T00:27:22.134Z,3895.20,0.00,1.00,0.01,0.01,0.24,0.76,0.02,0.02,0.63,0.37,0.02,0.02
2025-11-03T00:27:23.141Z,3895.20,0.00,1.00,0.01,0.01,0.24,0.76,0.02,0.02,0.63,0.37,0.02,0.02
2025-11-03T00:27:24.141Z,3896.12,0.00,1.00,0.01,0.01,0.25,0.75,0.02,0.02,0.63,0.37,0.02,0.02
2025-11-03T00:27:25.155Z,3896.12,0.00,1.00,0.01,0.01,0.25,0.75,0.03,0.03,0.63,0.37,0.02,0.02
2025-11-03T00:27:26.170Z,3896.11,0.00,1.00,0.01,0.01,0.25,0.75,0.03,0.03,0.63,0.37,0.02,0.02
2025-11-03T00:27:27.176Z,3896.12,0.00,1.00,0.01,0.01,0.26,0.74,0.02,0.02,0.63,0.37,0.02,0.02
2025-11-03T00:27:28.191Z,3896.38,0.00,1.00,0.01,0.01,0.26,0.74,0.02,0.02,0.63,0.37,0.02,0.02
2025-11-03T00:27:29.205Z,3896.39,0.00,1.00,0.01,0.01,0.26,0.74,0.02,0.02,0.63,0.37,0.02,0.02
2025-11-03T00:27:30.209Z,3896.38,0.00,1.00,0.01,0.01,0.26,0.74,0.02,0.02,0.63,0.37,0.02,0.02
2025-11-03T00:27:31.216Z,3896.42,0.00,1.00,0.01,0.01,0.26,0.74,0.02,0.02,0.63,0.37,0.02,0.02
2025-11-03T00:27:32.217Z,3896.64,0.00,1.00,0.01,0.01,0.26,0.74,0.03,0.03,0.63,0.37,0.02,0.02
2025-11-03T00:27:33.226Z,3896.64,0.00,1.00,0.01,0.01,0.26,0.74,0.03,0.03,0.63,0.37,0.02,0.02
2025-11-03T00:27:34.230Z,3896.63,0.00,1.00,0.01,0.01,0.26,0.74,0.03,0.03,0.63,0.37,0.02,0.02
2025-11-03T00:27:35.233Z,3896.64,0.00,1.00,0.01,0.01,0.26,0.74,0.03,0.03,0.63,0.37,0.02,0.02
2025-11-03T00:27:36.239Z,3896.64,0.00,1.00,0.01,0.01,0.26,0.74,0.03,0.03,0.63,0.37,0.02,0.02
2025-11-03T00:27:37.245Z,3896.63,0.00,1.00,0.01,0.01,0.26,0.74,0.03,0.03,0.63,0.37,0.02,0.02
2025-11-03T00:27:38.248Z,3896.63,0.00,1.00,0.01,0.01,0.26,0.74,0.03,0.03,0.63,0.37,0.02,0.02
2025-11-03T00:27:39.261Z,3896.63,0.00,1.00,0.01,0.01,0.27,0.73,0.01,0.01,0.63,0.37,0.02,0.02
2025-11-03T00:27:40.264Z,3896.87,0.00,1.00,0.01,0.01,0.27,0.73,0.01,0.01,0.63,0.37,0.02,0.02
2025-11-03T00:27:41.267Z,3895.66,0.00,1.00,0.01,0.01,0.24,0.76,0.03,0.03,0.63,0.37,0.02,0.02
2025-11-03T00:27:42.274Z,3895.68,0.00,1.00,0.01,0.01,0.26,0.74,0.02,0.02,0.63,0.37,0.02,0.02
2025-11-03T00:27:43.278Z,3896.33,0.00,1.00,0.01,0.01,0.25,0.75,0.03,0.03,0.63,0.37,0.02,0.02
2025-11-03T00:27:44.285Z,3896.33,0.00,1.00,0.01,0.01,0.26,0.74,0.02,0.02,0.63,0.37,0.02,0.02
2025-11-03T00:27:45.285Z,3896.33,0.00,1.00,0.01,0.01,0.26,0.74,0.02,0.02,0.63,0.37,0.02,0.02
2025-11-03T00:27:46.285Z,3896.33,0.00,1.00,0.01,0.01,0.26,0.74,0.02,0.02,0.63,0.37,0.02,0.02
2025-11-03T00:27:47.289Z,3896.33,0.00,1.00,0.01,0.01,0.26,0.74,0.01,0.01,0.63,0.37,0.02,0.02
2025-11-03T00:27:48.288Z,3896.32,0.00,1.00,0.01,0.01,0.26,0.74,0.01,0.01,0.63,0.37,0.02,0.02
2025-11-03T00:27:49.291Z,3896.33,0.00,1.00,0.01,0.01,0.26,0.74,0.01,0.01,0.63,0.37,0.02,0.02
2025-11-03T00:27:50.290Z,3896.33,0.00,1.00,0.01,0.01,0.25,0.75,0.02,0.02,0.63,0.37,0.02,0.02
2025-11-03T00:27:51.295Z,3896.33,0.00,1.00,0.01,0.01,0.25,0.75,0.02,0.02,0.63,0.37,0.02,0.02
2025-11-03T00:27:52.299Z,3896.32,0.00,1.00,0.01,0.01,0.25,0.75,0.02,0.02,0.63,0.37,0.02,0.02
2025-11-03T00:27:53.300Z,3896.33,0.00,1.00,0.01,0.01,0.25,0.75,0.02,0.02,0.63,0.37,0.02,0.02
2025-11-03T00:27:54.306Z,3896.33,0.00,1.00,0.01,0.01,0.25,0.75,0.02,0.02,0.63,0.37,0.02,0.02
2025-11-03T00:27:55.312Z,3896.33,0.00,1.00,0.01,0.01,0.25,0.75,0.02,0.02,0.63,0.37,0.02,0.02
2025-11-03T00:27:56.318Z,3894.40,0.00,1.00,0.01,0.01,0.23,0.77,0.01,0.01,0.63,0.37,0.02,0.02
2025-11-03T00:27:57.331Z,3894.41,0.00,1.00,0.01,0.01,0.23,0.77,0.01,0.01,0.63,0.37,0.01,0.01
2025-11-03T00:27:58.346Z,3894.41,0.00,1.00,0.01,0.01,0.24,0.76,0.01,0.01,0.63,0.37,0.02,0.02
2025-11-03T00:27:59.349Z,3894.96,0.00,1.00,0.01,0.01,0.23,0.77,0.01,0.01,0.63,0.37,0.02,0.02
2025-11-03T00:28:00.356Z,3894.67,0.00,1.00,0.01,0.01,0.22,0.78,0.02,0.02,0.63,0.37,0.02,0.02
2025-11-03T00:28:01.356Z,3894.61,0.00,1.00,0.01,0.01,0.22,0.78,0.03,0.03,0.63,0.37,0.02,0.02
2025-11-03T00:28:02.368Z,3894.62,0.00,1.00,0.01,0.01,0.22,0.78,0.03,0.03,0.63,0.37,0.02,0.02
2025-11-03T00:28:03.382Z,3895.19,0.00,1.00,0.01,0.01,0.23,0.77,0.03,0.03,0.63,0.37,0.02,0.02
2025-11-03T00:28:04.387Z,3895.20,0.00,1.00,0.01,0.01,0.24,0.76,0.02,0.02,0.63,0.37,0.02,0.02
2025-11-03T00:28:05.389Z,3895.20,0.00,1.00,0.01,0.01,0.24,0.76,0.02,0.02,0.63,0.37,0.02,0.02
2025-11-03T00:28:06.389Z,3895.28,0.00,1.00,0.01,0.01,0.24,0.76,0.02,0.02,0.63,0.37,0.02,0.02
2025-11-03T00:28:07.397Z,3895.28,0.00,1.00,0.01,0.01,0.24,0.76,0.02,0.02,0.63,0.37,0.02,0.02
2025-11-03T00:28:08.411Z,3895.28,0.00,1.00,0.01,0.01,0.24,0.76,0.02,0.02,0.63,0.37,0.02,0.02
2025-11-03T00:28:09.425Z,3895.54,0.00,1.00,0.01,0.01,0.24,0.76,0.02,0.02,0.63,0.37,0.02,0.02
2025-11-03T00:28:10.437Z,3895.53,0.00,1.00,0.01,0.01,0.23,0.77,0.01,0.01,0.63,0.37,0.02,0.02
2025-11-03T00:28:11.442Z,3895.15,0.00,1.00,0.01,0.01,0.23,0.77,0.02,0.02,0.63,0.37,0.02,0.02
2025-11-03T00:28:12.449Z,3895.15,0.00,1.00,0.01,0.01,0.23,0.77,0.02,0.02,0.63,0.37,0.02,0.02
2025-11-03T00:28:13.449Z,3895.06,0.00,1.00,0.01,0.01,0.23,0.77,0.02,0.02,0.63,0.37,0.02,0.02
2025-11-03T00:28:14.450Z,3894.67,0.00,1.00,0.01,0.01,0.22,0.78,0.02,0.02,0.63,0.37,0.02,0.02
2025-11-03T00:28:15.453Z,3894.68,0.00,1.00,0.01,0.01,0.22,0.78,0.02,0.02,0.63,0.37,0.02,0.02
2025-11-03T00:28:16.453Z,3894.47,0.00,1.00,0.01,0.01,0.22,0.78,0.02,0.02,0.63,0.37,0.02,0.02
2025-11-03T00:28:17.455Z,3894.48,0.00,1.00,0.01,0.01,0.23,0.77,0.02,0.02,0.63,0.37,0.02,0.02
2025-11-03T00:28:18.468Z,3895.04,0.00,1.00,0.01,0.01,0.23,0.77,0.02,0.02,0.63,0.37,0.02,0.02
2025-11-03T00:28:19.480Z,3895.04,0.00,1.00,0.01,0.01,0.23,0.77,0.02,0.02,0.63,0.37,0.02,0.02
2025-11-03T00:28:20.488Z,3895.04,0.00,1.00,0.01,0.01,0.23,0.77,0.02,0.02,0.63,0.37,0.02,0.02
2025-11-03T00:28:21.489Z,3895.05,0.00,1.00,0.01,0.01,0.23,0.77,0.02,0.02,0.63,0.37,0.02,0.02
2025-11-03T00:28:22.492Z,3895.09,0.00,1.00,0.01,0.01,0.23,0.77,0.02,0.02,0.63,0.37,0.02,0.02
2025-11-03T00:28:23.497Z,3895.10,0.00,1.00,0.01,0.01,0.23,0.77,0.02,0.02,0.63,0.37,0.02,0.02
2025-11-03T00:28:24.501Z,3895.09,0.00,1.00,0.01,0.01,0.23,0.77,0.02,0.02,0.63,0.37,0.02,0.02
2025-11-03T00:28:25.504Z,3895.09,0.00,1.00,0.01,0.01,0.23,0.77,0.02,0.02,0.63,0.37,0.02,0.02
2025-11-03T00:28:26.510Z,3895.09,0.00,1.00,0.01,0.01,0.23,0.77,0.02,0.02,0.63,0.37,0.02,0.02
2025-11-03T00:28:27.524Z,3895.19,0.00,1.00,0.01,0.01,0.23,0.77,0.02,0.02,0.63,0.37,0.02,0.02
2025-11-03T00:28:28.525Z,3895.43,0.00,1.00,0.01,0.01,0.23,0.77,0.03,0.03,0.63,0.37,0.02,0.02
2025-11-03T00:28:29.528Z,3895.43,0.00,1.00,0.01,0.01,0.23,0.77,0.03,0.03,0.63,0.37,0.02,0.02
2025-11-03T00:28:30.533Z,3895.42,0.00,1.00,0.01,0.01,0.23,0.77,0.03,0.03,0.63,0.37,0.02,0.02
2025-11-03T00:28:31.535Z,3895.42,0.00,1.00,0.01,0.01,0.23,0.77,0.03,0.03,0.63,0.37,0.02,0.02
2025-11-03T00:28:32.548Z,3895.42,0.00,1.00,0.01,0.01,0.23,0.77,0.02,0.02,0.63,0.37,0.02,0.02
2025-11-03T00:28:33.548Z,3895.43,0.00,1.00,0.01,0.01,0.23,0.77,0.01,0.01,0.63,0.37,0.02,0.02
2025-11-03T00:28:34.562Z,3895.23,0.00,1.00,0.01,0.01,0.23,0.77,0.01,0.01,0.63,0.37,0.02,0.02
2025-11-03T00:28:35.568Z,3895.24,0.00,1.00,0.01,0.01,0.23,0.77,0.01,0.01,0.63,0.37,0.02,0.02
2025-11-03T00:28:36.571Z,3895.24,0.00,1.00,0.01,0.01,0.23,0.77,0.01,0.01,0.63,0.37,0.02,0.02
2025-11-03T00:28:37.573Z,3895.24,0.00,1.00,0.01,0.01,0.23,0.77,0.01,0.01,0.63,0.37,0.02,0.02
2025-11-03T00:28:38.588Z,3895.23,0.00,1.00,0.01,0.01,0.23,0.77,0.02,0.02,0.63,0.37,0.02,0.02
2025-11-03T00:28:39.598Z,3894.26,0.00,1.00,0.01,0.01,0.21,0.79,0.03,0.03,0.63,0.37,0.01,0.01
2025-11-03T00:28:40.607Z,3894.26,0.00,1.00,0.01,0.01,0.21,0.79,0.03,0.03,0.63,0.37,0.01,0.01
2025-11-03T00:28:41.614Z,3894.26,0.00,1.00,0.01,0.01,0.21,0.79,0.03,0.03,0.63,0.37,0.01,0.01
2025-11-03T00:28:42.617Z,3894.26,0.00,1.00,0.01,0.01,0.21,0.79,0.03,0.03,0.63,0.37,0.01,0.01
2025-11-03T00:28:43.622Z,3894.27,0.00,1.00,0.01,0.01,0.21,0.79,0.03,0.03,0.63,0.37,0.01,0.01
2025-11-03T00:28:44.627Z,3894.26,0.00,1.00,0.01,0.01,0.21,0.79,0.03,0.03,0.63,0.37,0.01,0.01
2025-11-03T00:28:45.631Z,3894.26,0.00,1.00,0.01,0.01,0.21,0.79,0.03,0.03,0.63,0.37,0.01,0.01
2025-11-03T00:28:46.634Z,3894.26,0.00,1.00,0.01,0.01,0.21,0.79,0.03,0.03,0.63,0.37,0.01,0.01
2025-11-03T00:28:47.642Z,3894.26,0.00,1.00,0.01,0.01,0.21,0.79,0.02,0.02,0.63,0.37,0.01,0.01
2025-11-03T00:28:48.644Z,3894.15,0.00,1.00,0.01,0.01,0.21,0.79,0.02,0.02,0.63,0.37,0.01,0.01
2025-11-03T00:28:49.644Z,3894.11,0.00,1.00,0.01,0.01,0.21,0.79,0.02,0.02,0.63,0.37,0.01,0.01
2025-11-03T00:28:50.648Z,3894.12,0.00,1.00,0.01,0.01,0.21,0.79,0.02,0.02,0.63,0.37,0.01,0.01
2025-11-03T00:28:51.651Z,3894.12,0.00,1.00,0.01,0.01,0.21,0.79,0.02,0.02,0.63,0.37,0.01,0.01
2025-11-03T00:28:52.653Z,3894.11,0.00,1.00,0.01,0.01,0.21,0.79,0.02,0.02,0.63,0.37,0.01,0.01
2025-11-03T00:28:53.658Z,3894.11,0.00,1.00,0.01,0.01,0.21,0.79,0.02,0.02,0.63,0.37,0.01,0.01
2025-11-03T00:28:54.666Z,3894.23,0.00,1.00,0.01,0.01,0.21,0.79,0.02,0.02,0.63,0.37,0.01,0.01
2025-11-03T00:28:55.666Z,3894.24,0.00,1.00,0.01,0.01,0.21,0.79,0.02,0.02,0.63,0.37,0.01,0.01
2025-11-03T00:28:56.680Z,3894.24,0.00,1.00,0.01,0.01,0.22,0.78,0.01,0.01,0.63,0.37,0.01,0.01
2025-11-03T00:28:57.680Z,3894.26,0.00,1.00,0.01,0.01,0.22,0.78,0.01,0.01,0.63,0.37,0.01,0.01
2025-11-03T00:28:58.684Z,3894.26,0.00,1.00,0.01,0.01,0.21,0.79,0.03,0.03,0.63,0.37,0.02,0.02
2025-11-03T00:28:59.689Z,3894.49,0.00,1.00,0.01,0.01,0.21,0.79,0.03,0.03,0.63,0.37,0.02,0.02
2025-11-03T00:29:00.692Z,3894.50,0.00,1.00,0.01,0.01,0.21,0.79,0.03,0.03,0.63,0.37,0.02,0.02
2025-11-03T00:29:01.696Z,3894.50,0.00,1.00,0.01,0.01,0.22,0.78,0.02,0.02,0.63,0.37,0.02,0.02
2025-11-03T00:29:02.702Z,3895.17,0.00,1.00,0.01,0.01,0.22,0.78,0.02,0.02,0.63,0.37,0.02,0.02
2025-11-03T00:29:03.704Z,3894.83,0.00,1.00,0.01,0.01,0.21,0.79,0.02,0.02,0.63,0.37,0.01,0.01
2025-11-03T00:29:04.710Z,3894.26,0.00,1.00,0.01,0.01,0.21,0.79,0.02,0.02,0.63,0.37,0.01,0.01
2025-11-03T00:29:05.713Z,3894.26,0.00,1.00,0.01,0.01,0.21,0.79,0.02,0.02,0.63,0.37,0.01,0.01
2025-11-03T00:29:06.713Z,3894.26,0.00,1.00,0.01,0.01,0.21,0.79,0.02,0.02,0.63,0.37,0.01,0.01
2025-11-03T00:29:07.716Z,3894.26,0.00,1.00,0.01,0.01,0.21,0.79,0.02,0.02,0.63,0.37,0.01,0.01
2025-11-03T00:29:08.718Z,3894.26,0.00,1.00,0.01,0.01,0.20,0.80,0.03,0.03,0.63,0.37,0.01,0.01
2025-11-03T00:29:09.731Z,3894.00,0.00,1.00,0.01,0.01,0.20,0.80,0.03,0.03,0.63,0.37,0.01,0.01
2025-11-03T00:29:10.737Z,3894.01,0.00,1.00,0.01,0.01,0.20,0.80,0.03,0.03,0.63,0.37,0.01,0.01
2025-11-03T00:29:11.741Z,3894.00,0.00,1.00,0.01,0.01,0.20,0.80,0.03,0.03,0.63,0.37,0.01,0.01
2025-11-03T00:29:12.741Z,3893.96,0.00,1.00,0.01,0.01,0.20,0.80,0.02,0.02,0.63,0.37,0.01,0.01
2025-11-03T00:29:13.745Z,3893.64,0.00,1.00,0.01,0.01,0.19,0.81,0.03,0.03,0.63,0.37,0.01,0.01
2025-11-03T00:29:14.752Z,3893.64,0.00,1.00,0.01,0.01,0.19,0.81,0.03,0.03,0.63,0.37,0.01,0.01
2025-11-03T00:29:15.758Z,3893.64,0.00,1.00,0.01,0.01,0.19,0.81,0.03,0.03,0.63,0.37,0.01,0.01
2025-11-03T00:29:16.763Z,3893.64,0.00,1.00,0.01,0.01,0.20,0.80,0.02,0.02,0.63,0.37,0.01,0.01
2025-11-03T00:29:17.773Z,3893.63,0.00,1.00,0.01,0.01,0.19,0.81,0.03,0.03,0.63,0.37,0.01,0.01
2025-11-03T00:29:18.779Z,3893.64,0.00,1.00,0.01,0.01,0.19,0.81,0.03,0.03,0.63,0.37,0.01,0.01
2025-11-03T00:29:19.780Z,3893.49,0.00,1.00,0.01,0.01,0.19,0.81,0.02,0.02,0.63,0.37,0.01,0.01
2025-11-03T00:29:20.792Z,3893.50,0.00,1.00,0.01,0.01,0.19,0.81,0.03,0.03,0.63,0.37,0.01,0.01
2025-11-03T00:29:21.804Z,3893.49,0.00,1.00,0.01,0.01,0.19,0.81,0.03,0.03,0.63,0.37,0.01,0.01
2025-11-03T00:29:22.810Z,3893.49,0.00,1.00,0.01,0.01,0.19,0.81,0.03,0.03,0.63,0.37,0.01,0.01
2025-11-03T00:29:23.814Z,3893.49,0.00,1.00,0.01,0.01,0.19,0.81,0.03,0.03,0.63,0.37,0.01,0.01
2025-11-03T00:29:24.818Z,3893.83,0.00,1.00,0.01,0.01,0.20,0.80,0.02,0.02,0.63,0.37,0.01,0.01
2025-11-03T00:29:25.825Z,3893.88,0.00,1.00,0.01,0.01,0.20,0.80,0.02,0.02,0.63,0.37,0.01,0.01
2025-11-03T00:29:26.831Z,3893.88,0.00,1.00,0.01,0.01,0.20,0.80,0.02,0.02,0.63,0.37,0.01,0.01
2025-11-03T00:29:27.838Z,3893.88,0.00,1.00,0.01,0.01,0.20,0.80,0.02,0.02,0.63,0.37,0.01,0.01
2025-11-03T00:29:28.843Z,3893.87,0.00,1.00,0.01,0.01,0.20,0.80,0.02,0.02,0.63,0.37,0.01,0.01
2025-11-03T00:29:29.858Z,3893.87,0.00,1.00,0.01,0.01,0.20,0.80,0.02,0.02,0.63,0.37,0.01,0.01
2025-11-03T00:29:30.861Z,3893.87,0.00,1.00,0.01,0.01,0.20,0.80,0.02,0.02,0.63,0.37,0.01,0.01
2025-11-03T00:29:31.868Z,3893.87,0.00,1.00,0.01,0.01,0.20,0.80,0.02,0.02,0.63,0.37,0.01,0.01
2025-11-03T00:29:32.873Z,3893.87,0.00,1.00,0.01,0.01,0.20,0.80,0.02,0.02,0.63,0.37,0.01,0.01
2025-11-03T00:29:33.873Z,3893.49,0.00,1.00,0.01,0.01,0.19,0.81,0.02,0.02,0.63,0.37,0.01,0.01
2025-11-03T00:29:34.887Z,3893.50,0.00,1.00,0.01,0.01,0.19,0.81,0.02,0.02,0.63,0.37,0.01,0.01
2025-11-03T00:29:35.892Z,3893.50,0.00,1.00,0.01,0.01,0.19,0.81,0.03,0.03,0.63,0.37,0.01,0.01
2025-11-03T00:29:36.898Z,3893.50,0.00,1.00,0.01,0.01,0.19,0.81,0.03,0.03,0.63,0.37,0.01,0.01
2025-11-03T00:29:37.903Z,3893.80,0.00,1.00,0.01,0.01,0.19,0.81,0.03,0.03,0.63,0.37,0.01,0.01
2025-11-03T00:29:38.909Z,3893.82,0.00,1.00,0.01,0.01,0.19,0.81,0.03,0.03,0.63,0.37,0.01,0.01
2025-11-03T00:29:39.915Z,3893.83,0.00,1.00,0.01,0.01,0.20,0.80,0.03,0.03,0.63,0.37,0.01,0.01
2025-11-03T00:29:40.930Z,3894.81,0.00,1.00,0.01,0.01,0.21,0.79,0.03,0.03,0.63,0.37,0.01,0.01
2025-11-03T00:29:41.930Z,3895.41,0.00,1.00,0.01,0.01,0.22,0.78,0.02,0.02,0.63,0.37,0.01,0.01
2025-11-03T00:29:42.946Z,3895.41,0.00,1.00,0.01,0.01,0.22,0.78,0.02,0.02,0.63,0.37,0.01,0.01
2025-11-03T00:29:43.949Z,3895.41,0.00,1.00,0.01,0.01,0.22,0.78,0.02,0.02,0.63,0.37,0.01,0.01
2025-11-03T00:29:44.952Z,3895.40,0.00,1.00,0.01,0.01,0.22,0.78,0.02,0.02,0.63,0.37,0.01,0.01
2025-11-03T00:29:45.957Z,3895.41,0.00,1.00,0.01,0.01,0.22,0.78,0.02,0.02,0.63,0.37,0.01,0.01
2025-11-03T00:29:46.958Z,3895.40,0.00,1.00,0.01,0.01,0.22,0.78,0.02,0.02,0.63,0.37,0.01,0.01
2025-11-03T00:29:47.965Z,3895.40,0.00,1.00,0.01,0.01,0.22,0.78,0.02,0.02,0.63,0.37,0.01,0.01
2025-11-03T00:29:48.968Z,3895.40,0.00,1.00,0.01,0.01,0.22,0.78,0.02,0.02,0.63,0.37,0.01,0.01
2025-11-03T00:29:49.969Z,3895.40,0.00,1.00,0.01,0.01,0.22,0.78,0.02,0.02,0.63,0.37,0.01,0.01
2025-11-03T00:29:50.969Z,3895.41,0.00,1.00,0.01,0.01,0.22,0.78,0.02,0.02,0.63,0.37,0.01,0.01
2025-11-03T00:29:51.980Z,3895.40,0.00,1.00,0.01,0.01,0.21,0.79,0.02,0.02,0.63,0.37,0.01,0.01
2025-11-03T00:29:52.994Z,3894.56,0.00,1.00,0.01,0.01,0.21,0.79,0.01,0.01,0.63,0.37,0.01,0.01
2025-11-03T00:29:54.008Z,3894.55,0.00,1.00,0.01,0.01,0.21,0.79,0.01,0.01,0.63,0.37,0.01,0.01
2025-11-03T00:29:55.021Z,3894.56,0.00,1.00,0.01,0.01,0.21,0.79,0.01,0.01,0.63,0.37,0.01,0.01
2025-11-03T00:29:56.034Z,3894.02,0.00,1.00,0.01,0.01,0.20,0.80,0.02,0.02,0.63,0.37,0.01,0.01
2025-11-03T00:29:57.038Z,3894.03,0.00,1.00,0.01,0.01,0.20,0.80,0.02,0.02,0.63,0.37,0.01,0.01
2025-11-03T00:29:58.049Z,3894.02,0.00,1.00,0.01,0.01,0.20,0.80,0.02,0.02,0.63,0.37,0.01,0.01
2025-11-03T00:29:59.062Z,3894.02,0.00,1.00,0.01,0.01,0.20,0.80,0.02,0.02,0.63,0.37,0.01,0.01
2025-11-03T00:30:00.065Z,3894.00,,,,,0.20,0.80,0.02,0.02,0.63,0.37,0.01,0.01
2025-11-03T00:30:01.074Z,3893.99,,,,,0.20,0.80,0.02,0.02,0.63,0.37,0.01,0.01
2025-11-03T00:30:02.086Z,3894.88,0.52,0.48,0.02,0.02,0.21,0.79,0.02,0.02,0.63,0.37,0.01,0.01
2025-11-03T00:30:03.100Z,3894.56,0.49,0.51,0.05,0.05,0.21,0.79,0.02,0.02,0.63,0.37,0.01,0.01
2025-11-03T00:30:04.099Z,3894.56,0.49,0.51,0.05,0.05,0.21,0.79,0.02,0.02,0.63,0.37,0.01,0.01
2025-11-03T00:30:05.102Z,3894.61,0.49,0.51,0.05,0.05,0.21,0.79,0.02,0.02,0.63,0.37,0.01,0.01
2025-11-03T00:30:06.105Z,3894.61,0.49,0.51,0.05,0.05,0.21,0.79,0.02,0.02,0.63,0.37,0.01,0.01
2025-11-03T00:30:07.111Z,3894.66,0.49,0.51,0.05,0.05,0.21,0.79,0.02,0.02,0.63,0.37,0.01,0.01
2025-11-03T00:30:08.123Z,3894.67,0.53,0.47,0.01,0.01,0.22,0.78,0.03,0.03,0.63,0.37,0.01,0.01
2025-11-03T00:30:09.124Z,3895.41,0.51,0.49,0.12,0.12,0.22,0.78,0.03,0.03,0.63,0.37,0.01,0.01
2025-11-03T00:30:10.124Z,3895.49,0.52,0.48,0.11,0.11,0.23,0.77,0.02,0.02,0.63,0.37,0.01,0.01
2025-11-03T00:30:11.135Z,3895.52,0.52,0.48,0.11,0.11,0.23,0.77,0.02,0.02,0.63,0.37,0.02,0.02
2025-11-03T00:30:12.149Z,3895.89,0.53,0.47,0.10,0.10,0.23,0.77,0.02,0.02,0.63,0.37,0.02,0.02
2025-11-03T00:30:13.150Z,3895.89,0.53,0.47,0.10,0.10,0.23,0.77,0.02,0.02,0.63,0.37,0.02,0.02
2025-11-03T00:30:14.163Z,3896.16,0.53,0.47,0.10,0.10,0.24,0.76,0.02,0.02,0.63,0.37,0.02,0.02
2025-11-03T00:30:15.177Z,3896.17,0.58,0.42,0.06,0.06,0.24,0.76,0.03,0.03,0.63,0.37,0.02,0.02
2025-11-03T00:30:16.191Z,3896.47,0.57,0.43,0.03,0.03,0.24,0.76,0.03,0.03,0.63,0.37,0.02,0.02
2025-11-03T00:30:17.204Z,3896.47,0.57,0.43,0.04,0.04,0.25,0.75,0.02,0.02,0.63,0.37,0.02,0.02
2025-11-03T00:30:18.217Z,3896.80,0.58,0.42,0.05,0.05,0.25,0.75,0.03,0.03,0.63,0.37,0.02,0.02
2025-11-03T00:30:19.228Z,3896.81,0.55,0.45,0.04,0.04,0.24,0.76,0.02,0.02,0.63,0.37,0.02,0.02
2025-11-03T00:30:20.242Z,3896.25,0.55,0.45,0.03,0.03,0.24,0.76,0.02,0.02,0.63,0.37,0.02,0.02
2025-11-03T00:30:21.253Z,3896.25,0.55,0.45,0.04,0.04,0.24,0.76,0.02,0.02,0.63,0.37,0.02,0.02
2025-11-03T00:30:22.263Z,3896.25,0.55,0.45,0.04,0.04,0.24,0.76,0.02,0.02,0.63,0.37,0.02,0.02
2025-11-03T00:30:23.265Z,3896.25,0.56,0.44,0.04,0.04,0.24,0.76,0.02,0.02,0.63,0.37,0.02,0.02
2025-11-03T00:30:24.266Z,3896.26,0.56,0.44,0.04,0.04,0.24,0.76,0.02,0.02,0.63,0.37,0.02,0.02
2025-11-03T00:30:25.268Z,3896.26,0.56,0.44,0.04,0.04,0.24,0.76,0.02,0.02,0.63,0.37,0.02,0.02
2025-11-03T00:30:26.272Z,3896.26,0.56,0.44,0.04,0.04,0.24,0.76,0.02,0.02,0.63,0.37,0.02,0.02
2025-11-03T00:30:27.283Z,3896.26,0.61,0.39,0.04,0.04,0.24,0.76,0.03,0.03,0.63,0.37,0.02,0.02
2025-11-03T00:30:28.283Z,3896.64,0.61,0.39,0.04,0.04,0.24,0.76,0.03,0.03,0.63,0.37,0.02,0.02
2025-11-03T00:30:29.295Z,3896.63,0.61,0.39,0.04,0.04,0.24,0.76,0.03,0.03,0.63,0.37,0.02,0.02
2025-11-03T00:30:30.301Z,3896.63,0.61,0.39,0.03,0.03,0.24,0.76,0.03,0.03,0.63,0.37,0.02,0.02
2025-11-03T00:30:31.303Z,3896.63,0.61,0.39,0.03,0.03,0.24,0.76,0.03,0.03,0.63,0.37,0.02,0.02
2025-11-03T00:30:32.318Z,3896.63,0.61,0.39,0.03,0.03,0.24,0.76,0.03,0.03,0.63,0.37,0.02,0.02
2025-11-03T00:30:33.319Z,3896.64,0.61,0.39,0.03,0.03,0.24,0.76,0.03,0.03,0.63,0.37,0.02,0.02
2025-11-03T00:30:34.333Z,3896.16,0.57,0.43,0.03,0.03,0.23,0.77,0.02,0.02,0.63,0.37,0.02,0.02
2025-11-03T00:30:35.334Z,3896.11,0.57,0.43,0.04,0.04,0.23,0.77,0.02,0.02,0.63,0.37,0.02,0.02
2025-11-03T00:30:36.347Z,3896.12,0.56,0.44,0.06,0.06,0.24,0.76,0.02,0.02,0.63,0.37,0.02,0.02
2025-11-03T00:30:37.351Z,3896.12,0.61,0.39,0.03,0.03,0.24,0.76,0.03,0.03,0.63,0.37,0.02,0.02
2025-11-03T00:30:38.352Z,3896.49,0.60,0.40,0.05,0.05,0.24,0.76,0.03,0.03,0.63,0.37,0.02,0.02
2025-11-03T00:30:39.353Z,3896.50,0.60,0.40,0.05,0.05,0.24,0.76,0.03,0.03,0.63,0.37,0.02,0.02
2025-11-03T00:30:40.354Z,3896.50,0.60,0.40,0.05,0.05,0.24,0.76,0.03,0.03,0.63,0.37,0.02,0.02
2025-11-03T00:30:41.368Z,3896.49,0.59,0.41,0.06,0.06,0.24,0.76,0.02,0.02,0.63,0.37,0.02,0.02
2025-11-03T00:30:42.379Z,3896.50,0.59,0.41,0.06,0.06,0.24,0.76,0.02,0.02,0.63,0.37,0.02,0.02
2025-11-03T00:30:43.392Z,3895.78,0.56,0.44,0.03,0.03,0.23,0.77,0.02,0.02,0.63,0.37,0.02,0.02
2025-11-03T00:30:44.407Z,3895.21,0.54,0.46,0.05,0.05,0.22,0.78,0.02,0.02,0.63,0.37,0.02,0.02
2025-11-03T00:30:45.420Z,3895.21,0.54,0.46,0.04,0.04,0.22,0.78,0.02,0.02,0.63,0.37,0.02,0.02
2025-11-03T00:30:46.426Z,3895.21,0.54,0.46,0.05,0.05,0.22,0.78,0.02,0.02,0.63,0.37,0.02,0.02
2025-11-03T00:30:47.437Z,3895.20,0.54,0.46,0.05,0.05,0.22,0.78,0.02,0.02,0.63,0.37,0.02,0.02
2025-11-03T00:30:48.437Z,3895.20,0.55,0.45,0.04,0.04,0.22,0.78,0.02,0.02,0.63,0.37,0.02,0.02
2025-11-03T00:30:49.452Z,3895.20,0.56,0.44,0.03,0.03,0.22,0.78,0.02,0.02,0.63,0.37,0.02,0.02
2025-11-03T00:30:50.461Z,3895.21,0.55,0.45,0.04,0.04,0.22,0.78,0.02,0.02,0.63,0.37,0.02,0.02
2025-11-03T00:30:51.470Z,3895.21,0.55,0.45,0.04,0.04,0.22,0.78,0.02,0.02,0.63,0.37,0.02,0.02
2025-11-03T00:30:52.471Z,3895.20,0.55,0.45,0.01,0.01,0.22,0.78,0.02,0.02,0.63,0.37,0.02,0.02
2025-11-03T00:30:53.472Z,3894.89,0.53,0.47,0.04,0.04,0.21,0.79,0.02,0.02,0.63,0.37,0.02,0.02
2025-11-03T00:30:54.486Z,3894.90,0.53,0.47,0.04,0.04,0.21,0.79,0.02,0.02,0.63,0.37,0.01,0.01
2025-11-03T00:30:55.487Z,3894.90,0.49,0.51,0.08,0.08,0.21,0.79,0.02,0.02,0.63,0.37,0.01,0.01
2025-11-03T00:30:56.501Z,3894.89,0.49,0.51,0.08,0.08,0.21,0.79,0.02,0.02,0.63,0.37,0.01,0.01
2025-11-03T00:30:57.503Z,3894.89,0.49,0.51,0.08,0.08,0.21,0.79,0.02,0.02,0.63,0.37,0.01,0.01
2025-11-03T00:30:58.503Z,3894.89,0.53,0.47,0.04,0.04,0.21,0.79,0.02,0.02,0.63,0.37,0.01,0.01
2025-11-03T00:30:59.507Z,3894.89,0.53,0.47,0.05,0.05,0.21,0.79,0.02,0.02,0.63,0.37,0.01,0.01
2025-11-03T00:31:00.521Z,3894.89,0.53,0.47,0.04,0.04,0.21,0.79,0.02,0.02,0.63,0.37,0.01,0.01
2025-11-03T00:31:01.534Z,3894.89,0.57,0.43,0.01,0.01,0.21,0.79,0.02,0.02,0.63,0.37,0.01,0.01
2025-11-03T00:31:02.534Z,3894.89,0.57,0.43,0.01,0.01,0.21,0.79,0.02,0.02,0.63,0.37,0.01,0.01
2025-11-03T00:31:03.547Z,3894.90,0.55,0.45,0.03,0.03,0.21,0.79,0.02,0.02,0.63,0.37,0.01,0.01
2025-11-03T00:31:04.550Z,3894.89,0.55,0.45,0.03,0.03,0.21,0.79,0.02,0.02,0.63,0.37,0.01,0.01
2025-11-03T00:31:05.556Z,3894.89,0.56,0.44,0.02,0.02,0.21,0.79,0.02,0.02,0.63,0.37,0.01,0.01
2025-11-03T00:31:06.557Z,3894.89,0.58,0.42,0.02,0.02,0.21,0.78,0.03,0.02,0.63,0.37,0.01,0.01
2025-11-03T00:31:07.558Z,3895.20,0.56,0.44,0.04,0.04,0.21,0.79,0.03,0.03,0.63,0.37,0.01,0.01
2025-11-03T00:31:08.562Z,3895.20,0.56,0.44,0.04,0.04,0.21,0.79,0.03,0.03,0.63,0.37,0.01,0.01
2025-11-03T00:31:09.562Z,3895.20,0.54,0.46,0.05,0.05,0.21,0.79,0.03,0.03,0.63,0.37,0.01,0.01
2025-11-03T00:31:10.565Z,3895.20,0.54,0.46,0.05,0.05,0.21,0.79,0.03,0.03,0.63,0.37,0.01,0.01
2025-11-03T00:31:11.569Z,3895.21,0.55,0.45,0.04,0.04,0.21,0.79,0.03,0.03,0.63,0.37,0.01,0.01
2025-11-03T00:31:12.570Z,3895.20,0.55,0.45,0.04,0.04,0.21,0.79,0.03,0.03,0.63,0.37,0.01,0.01
2025-11-03T00:31:13.573Z,3895.21,0.55,0.45,0.02,0.02,0.21,0.79,0.03,0.03,0.63,0.37,0.01,0.01
2025-11-03T00:31:14.588Z,3895.21,0.55,0.45,0.02,0.02,0.21,0.79,0.03,0.03,0.63,0.37,0.01,0.01
2025-11-03T00:31:15.602Z,3895.21,0.55,0.45,0.02,0.02,0.21,0.79,0.02,0.02,0.63,0.37,0.01,0.01
2025-11-03T00:31:16.603Z,3895.20,0.55,0.45,0.02,0.02,0.21,0.79,0.02,0.02,0.63,0.37,0.01,0.01
2025-11-03T00:31:17.615Z,3895.20,0.55,0.45,0.02,0.02,0.21,0.79,0.02,0.02,0.63,0.37,0.01,0.01
2025-11-03T00:31:18.619Z,3895.19,0.55,0.45,0.02,0.02,0.21,0.79,0.02,0.02,0.63,0.37,0.01,0.01
2025-11-03T00:31:19.628Z,3895.18,0.55,0.45,0.01,0.01,0.21,0.79,0.02,0.02,0.63,0.37,0.01,0.01
2025-11-03T00:31:20.633Z,3895.18,0.55,0.45,0.01,0.01,0.21,0.79,0.02,0.02,0.63,0.37,0.01,0.01
2025-11-03T00:31:21.634Z,3895.16,0.55,0.45,0.01,0.01,0.21,0.79,0.02,0.02,0.63,0.37,0.01,0.01
2025-11-03T00:31:22.649Z,3895.17,0.55,0.45,0.01,0.01,0.21,0.79,0.02,0.02,0.63,0.37,0.01,0.01
2025-11-03T00:31:23.651Z,3895.16,0.55,0.45,0.02,0.02,0.21,0.79,0.02,0.02,0.63,0.37,0.01,0.01
2025-11-03T00:31:24.655Z,3895.16,0.55,0.45,0.02,0.02,0.21,0.79,0.02,0.02,0.63,0.37,0.01,0.01
2025-11-03T00:31:25.660Z,3895.16,0.55,0.45,0.02,0.02,0.21,0.79,0.02,0.02,0.63,0.37,0.01,0.01
2025-11-03T00:31:26.663Z,3895.16,0.55,0.45,0.01,0.01,0.21,0.79,0.02,0.02,0.63,0.37,0.01,0.01
2025-11-03T00:31:27.678Z,3895.10,0.52,0.48,0.04,0.04,0.21,0.79,0.02,0.02,0.63,0.37,0.01,0.01
2025-11-03T00:31:28.682Z,3895.01,0.53,0.47,0.03,0.03,0.21,0.79,0.02,0.02,0.63,0.37,0.01,0.01
2025-11-03T00:31:29.687Z,3895.02,0.53,0.47,0.03,0.03,0.21,0.79,0.02,0.02,0.63,0.37,0.01,0.01
2025-11-03T00:31:30.688Z,3895.02,0.55,0.45,0.01,0.01,0.21,0.79,0.02,0.02,0.63,0.37,0.01,0.01
2025-11-03T00:31:31.702Z,3895.02,0.55,0.45,0.01,0.01,0.21,0.79,0.02,0.02,0.63,0.37,0.01,0.01
2025-11-03T00:31:32.707Z,3895.02,0.55,0.45,0.01,0.01,0.21,0.79,0.02,0.02,0.63,0.37,0.01,0.01
2025-11-03T00:31:33.711Z,3895.02,0.55,0.45,0.01,0.01,0.21,0.79,0.02,0.02,0.63,0.37,0.01,0.01
2025-11-03T00:31:34.715Z,3895.01,0.55,0.45,0.01,0.01,0.21,0.79,0.01,0.01,0.63,0.37,0.01,0.01
2025-11-03T00:31:35.718Z,3894.00,0.49,0.51,0.03,0.03,0.19,0.81,0.01,0.01,0.63,0.37,0.01,0.01
2025-11-03T00:31:36.721Z,3894.00,0.49,0.51,0.04,0.04,0.19,0.81,0.01,0.01,0.63,0.37,0.01,0.01
2025-11-03T00:31:37.727Z,3894.00,0.53,0.47,0.01,0.01,0.19,0.81,0.01,0.01,0.63,0.37,0.01,0.01
2025-11-03T00:31:38.732Z,3894.00,0.49,0.51,0.05,0.05,0.19,0.81,0.01,0.01,0.63,0.37,0.01,0.01
2025-11-03T00:31:39.734Z,3894.00,0.49,0.51,0.05,0.05,0.19,0.81,0.01,0.01,0.63,0.37,0.01,0.01
2025-11-03T00:31:40.738Z,3894.00,0.49,0.51,0.04,0.04,0.19,0.81,0.01,0.01,0.63,0.37,0.01,0.01
2025-11-03T00:31:41.738Z,3894.00,0.49,0.51,0.05,0.05,0.19,0.81,0.01,0.01,0.63,0.37,0.01,0.01
2025-11-03T00:31:42.738Z,3894.00,0.49,0.51,0.05,0.05,0.19,0.81,0.01,0.01,0.63,0.37,0.01,0.01
2025-11-03T00:31:43.744Z,3894.00,0.49,0.51,0.05,0.05,0.19,0.81,0.01,0.01,0.63,0.37,0.01,0.01
2025-11-03T00:31:44.748Z,3894.00,0.49,0.51,0.03,0.03,0.18,0.82,0.02,0.02,0.63,0.37,0.01,0.01
2025-11-03T00:31:45.762Z,3893.48,0.48,0.52,0.02,0.02,0.18,0.82,0.01,0.01,0.63,0.37,0.01,0.01
2025-11-03T00:31:46.764Z,3893.49,0.48,0.52,0.01,0.01,0.18,0.82,0.01,0.01,0.63,0.37,0.01,0.01
2025-11-03T00:31:47.769Z,3893.48,0.45,0.55,0.04,0.04,0.18,0.82,0.01,0.01,0.63,0.37,0.01,0.01
2025-11-03T00:31:48.769Z,3893.48,0.47,0.53,0.05,0.05,0.18,0.82,0.01,0.01,0.63,0.37,0.01,0.01
2025-11-03T00:31:49.770Z,3893.48,0.47,0.53,0.05,0.05,0.18,0.82,0.01,0.01,0.63,0.37,0.01,0.01
2025-11-03T00:31:50.773Z,3893.48,0.47,0.53,0.05,0.05,0.18,0.82,0.01,0.01,0.63,0.37,0.01,0.01
2025-11-03T00:31:51.787Z,3893.48,0.47,0.53,0.04,0.04,0.18,0.82,0.01,0.01,0.63,0.37,0.01,0.01
2025-11-03T00:31:52.789Z,3893.48,0.49,0.51,0.04,0.04,0.18,0.82,0.02,0.02,0.63,0.37,0.01,0.01
2025-11-03T00:31:53.804Z,3893.63,0.50,0.50,0.05,0.05,0.18,0.82,0.03,0.03,0.63,0.37,0.01,0.01
2025-11-03T00:31:54.808Z,3893.81,0.50,0.50,0.05,0.05,0.18,0.82,0.03,0.03,0.63,0.37,0.01,0.01
2025-11-03T00:31:55.808Z,3893.86,0.51,0.49,0.04,0.04,0.18,0.82,0.03,0.03,0.63,0.37,0.01,0.01
2025-11-03T00:31:56.809Z,3893.87,0.49,0.51,0.04,0.04,0.18,0.82,0.02,0.02,0.63,0.37,0.01,0.01
2025-11-03T00:31:57.812Z,3893.86,0.49,0.51,0.04,0.04,0.18,0.82,0.02,0.02,0.63,0.37,0.01,0.01
2025-11-03T00:31:58.817Z,3893.86,0.47,0.53,0.05,0.05,0.18,0.82,0.02,0.02,0.63,0.37,0.01,0.01
2025-11-03T00:31:59.826Z,3893.86,0.45,0.55,0.10,0.10,0.18,0.82,0.02,0.02,0.63,0.37,0.01,0.01
2025-11-03T00:32:00.831Z,3893.98,0.50,0.50,0.04,0.04,0.18,0.82,0.03,0.03,0.63,0.37,0.01,0.01
2025-11-03T00:32:01.835Z,3894.85,0.53,0.47,0.05,0.05,0.20,0.80,0.03,0.03,0.63,0.37,0.01,0.01
2025-11-03T00:32:02.849Z,3894.95,0.55,0.45,0.03,0.03,0.20,0.80,0.03,0.03,0.63,0.37,0.01,0.01
2025-11-03T00:32:03.848Z,3894.96,0.54,0.46,0.04,0.04,0.20,0.80,0.03,0.03,0.63,0.37,0.01,0.01
2025-11-03T00:32:04.860Z,3894.96,0.58,0.42,0.02,0.02,0.21,0.79,0.02,0.02,0.63,0.37,0.01,0.01
2025-11-03T00:32:05.863Z,3895.40,0.56,0.44,0.03,0.03,0.21,0.79,0.02,0.02,0.63,0.37,0.01,0.01
2025-11-03T00:32:07.868Z,3895.41,0.55,0.45,0.03,0.03,0.21,0.79,0.01,0.01,0.63,0.37,0.01,0.01
2025-11-03T00:32:06.867Z,3895.41,0.54,0.46,0.04,0.04,0.21,0.79,0.01,0.01,0.63,0.37,0.01,0.01
2025-11-03T00:32:08.881Z,3895.40,0.55,0.45,0.01,0.01,0.20,0.80,0.02,0.02,0.63,0.37,0.01,0.01
2025-11-03T00:32:09.882Z,3894.57,0.48,0.52,0.03,0.03,0.18,0.82,0.02,0.02,0.63,0.37,0.01,0.01
2025-11-03T00:32:10.889Z,3893.95,0.48,0.52,0.03,0.03,0.18,0.82,0.02,0.02,0.63,0.37,0.01,0.01
2025-11-03T00:32:11.901Z,3893.95,0.48,0.52,0.03,0.03,0.18,0.82,0.02,0.02,0.63,0.37,0.01,0.01
2025-11-03T00:32:12.905Z,3893.95,0.47,0.53,0.03,0.03,0.18,0.82,0.02,0.02,0.63,0.37,0.01,0.01
2025-11-03T00:32:13.918Z,3893.96,0.48,0.52,0.04,0.04,0.18,0.82,0.02,0.02,0.63,0.37,0.01,0.01
2025-11-03T00:32:14.918Z,3893.96,0.48,0.52,0.04,0.04,0.18,0.82,0.02,0.02,0.63,0.37,0.01,0.01
2025-11-03T00:32:15.930Z,3893.96,0.48,0.52,0.05,0.05,0.18,0.82,0.02,0.02,0.63,0.37,0.01,0.01
2025-11-03T00:32:16.931Z,3893.96,0.48,0.52,0.04,0.04,0.18,0.82,0.02,0.02,0.63,0.37,0.01,0.01
2025-11-03T00:32:17.944Z,3893.96,0.49,0.51,0.04,0.04,0.18,0.82,0.02,0.02,0.63,0.37,0.01,0.01
2025-11-03T00:32:18.959Z,3893.96,0.49,0.51,0.04,0.04,0.18,0.82,0.02,0.02,0.63,0.37,0.01,0.01
2025-11-03T00:32:19.964Z,3894.15,0.51,0.49,0.04,0.04,0.18,0.82,0.03,0.03,0.63,0.37,0.01,0.01
2025-11-03T00:32:20.979Z,3894.24,0.51,0.49,0.02,0.02,0.18,0.82,0.03,0.03,0.63,0.37,0.01,0.01
2025-11-03T00:32:21.984Z,3894.24,0.51,0.49,0.03,0.03,0.18,0.82,0.03,0.03,0.63,0.37,0.01,0.01
2025-11-03T00:32:22.987Z,3894.24,0.52,0.48,0.03,0.03,0.18,0.82,0.03,0.03,0.63,0.37,0.01,0.01
2025-11-03T00:32:23.988Z,3894.24,0.52,0.48,0.03,0.03,0.18,0.82,0.03,0.03,0.63,0.37,0.01,0.01
2025-11-03T00:32:24.991Z,3894.23,0.52,0.48,0.03,0.03,0.18,0.82,0.03,0.03,0.63,0.37,0.01,0.01
2025-11-03T00:32:26.003Z,3894.24,0.52,0.48,0.03,0.03,0.18,0.82,0.03,0.03,0.63,0.37,0.01,0.01
2025-11-03T00:32:27.005Z,3894.27,0.52,0.48,0.04,0.04,0.18,0.82,0.03,0.03,0.63,0.37,0.01,0.01
2025-11-03T00:32:28.006Z,3894.28,0.53,0.47,0.04,0.04,0.19,0.81,0.02,0.02,0.63,0.37,0.01,0.01
2025-11-03T00:32:29.007Z,3894.32,0.53,0.47,0.03,0.03,0.19,0.81,0.02,0.02,0.63,0.37,0.01,0.01
2025-11-03T00:32:30.007Z,3894.32,0.53,0.47,0.03,0.03,0.19,0.81,0.02,0.02,0.63,0.37,0.01,0.01
2025-11-03T00:32:31.014Z,3894.32,0.55,0.45,0.03,0.03,0.19,0.81,0.03,0.03,0.63,0.37,0.01,0.01
2025-11-03T00:32:32.016Z,3894.61,0.52,0.48,0.03,0.03,0.19,0.81,0.02,0.02,0.63,0.37,0.01,0.01
2025-11-03T00:32:33.031Z,3894.61,0.52,0.48,0.02,0.02,0.19,0.81,0.02,0.02,0.63,0.37,0.01,0.01
2025-11-03T00:32:34.046Z,3894.61,0.53,0.47,0.04,0.04,0.19,0.81,0.02,0.02,0.63,0.37,0.01,0.01
2025-11-03T00:32:35.061Z,3894.61,0.52,0.48,0.04,0.04,0.19,0.81,0.02,0.02,0.63,0.37,0.01,0.01
2025-11-03T00:32:36.062Z,3894.61,0.52,0.48,0.04,0.04,0.19,0.81,0.02,0.02,0.63,0.37,0.01,0.01
2025-11-03T00:32:37.073Z,3894.61,0.53,0.47,0.04,0.04,0.19,0.81,0.02,0.02,0.63,0.37,0.01,0.01
2025-11-03T00:32:39.075Z,3893.73,0.46,0.54,0.03,0.03,0.16,0.84,0.03,0.03,0.63,0.37,0.01,0.01
2025-11-03T00:32:38.075Z,3894.61,0.46,0.54,0.03,0.03,0.16,0.84,0.03,0.03,0.63,0.37,0.01,0.01
2025-11-03T00:32:40.089Z,3893.74,0.46,0.54,0.03,0.03,0.16,0.84,0.03,0.03,0.63,0.37,0.01,0.01
2025-11-03T00:32:42.101Z,3893.64,0.45,0.55,0.05,0.05,0.16,0.84,0.03,0.03,0.63,0.37,0.01,0.01
2025-11-03T00:32:41.089Z,3893.64,0.45,0.55,0.04,0.04,0.16,0.84,0.03,0.03,0.63,0.37,0.01,0.01
2025-11-03T00:32:43.114Z,3893.64,0.45,0.55,0.05,0.05,0.16,0.84,0.03,0.03,0.63,0.37,0.01,0.01
2025-11-03T00:32:44.116Z,3893.64,0.45,0.55,0.04,0.04,0.16,0.84,0.03,0.03,0.63,0.37,0.01,0.01
2025-11-03T00:32:45.121Z,3893.64,0.45,0.55,0.04,0.04,0.16,0.84,0.03,0.03,0.63,0.37,0.01,0.01
2025-11-03T00:32:46.129Z,3893.64,0.44,0.56,0.04,0.04,0.15,0.85,0.03,0.03,0.63,0.37,0.01,0.01
2025-11-03T00:32:47.133Z,3893.38,0.44,0.56,0.05,0.05,0.16,0.84,0.02,0.02,0.63,0.37,0.01,0.01
2025-11-03T00:32:48.145Z,3893.39,0.46,0.54,0.04,0.04,0.15,0.85,0.03,0.03,0.63,0.37,0.01,0.01
2025-11-03T00:32:49.146Z,3893.24,0.46,0.54,0.04,0.04,0.15,0.85,0.03,0.03,0.62,0.38,0.02,0.02
2025-11-03T00:32:50.161Z,3892.40,0.38,0.62,0.08,0.08,0.14,0.86,0.03,0.03,0.62,0.38,0.01,0.01
2025-11-03T00:32:51.170Z,3891.60,0.35,0.65,0.08,0.08,0.13,0.87,0.02,0.02,0.62,0.38,0.01,0.01
2025-11-03T00:32:52.183Z,3891.47,0.33,0.67,0.07,0.07,0.13,0.87,0.03,0.03,0.62,0.38,0.01,0.01
2025-11-03T00:32:53.197Z,3891.46,0.34,0.66,0.09,0.09,0.13,0.87,0.03,0.03,0.62,0.38,0.01,0.01
2025-11-03T00:32:54.207Z,3891.46,0.38,0.62,0.05,0.05,0.12,0.88,0.04,0.04,0.62,0.38,0.01,0.01
2025-11-03T00:32:55.221Z,3891.46,0.38,0.62,0.05,0.05,0.13,0.87,0.02,0.02,0.62,0.38,0.01,0.01
2025-11-03T00:32:56.235Z,3891.46,0.37,0.63,0.05,0.05,0.13,0.87,0.02,0.02,0.62,0.38,0.01,0.01
2025-11-03T00:32:57.244Z,3891.46,0.36,0.64,0.05,0.05,0.13,0.87,0.02,0.02,0.62,0.38,0.01,0.01
2025-11-03T00:32:58.259Z,3891.46,0.36,0.64,0.05,0.05,0.13,0.87,0.02,0.02,0.62,0.38,0.01,0.01
2025-11-03T00:32:59.259Z,3891.46,0.36,0.64,0.05,0.05,0.13,0.87,0.02,0.02,0.62,0.38,0.01,0.01
2025-11-03T00:33:00.263Z,3891.46,0.36,0.64,0.04,0.04,0.12,0.88,0.03,0.03,0.62,0.38,0.01,0.01
2025-11-03T00:33:01.276Z,3891.32,0.37,0.63,0.05,0.05,0.12,0.88,0.03,0.03,0.62,0.38,0.01,0.01
2025-11-03T00:33:02.289Z,3891.33,0.39,0.61,0.03,0.03,0.12,0.88,0.03,0.03,0.62,0.38,0.01,0.01
2025-11-03T00:33:03.304Z,3891.33,0.39,0.61,0.03,0.03,0.12,0.88,0.03,0.03,0.62,0.38,0.01,0.01
2025-11-03T00:33:04.308Z,3891.33,0.39,0.61,0.03,0.03,0.12,0.88,0.03,0.03,0.62,0.38,0.01,0.01
2025-11-03T00:33:05.317Z,3891.32,0.38,0.62,0.04,0.04,0.12,0.88,0.03,0.03,0.62,0.38,0.01,0.01
2025-11-03T00:33:06.329Z,3891.32,0.38,0.62,0.04,0.04,0.12,0.88,0.03,0.03,0.62,0.38,0.01,0.01
2025-11-03T00:33:07.339Z,3890.75,0.33,0.67,0.04,0.04,0.12,0.88,0.02,0.02,0.62,0.38,0.01,0.01
2025-11-03T00:33:08.349Z,3890.67,0.35,0.65,0.05,0.05,0.12,0.88,0.02,0.02,0.62,0.38,0.01,0.01
2025-11-03T00:33:09.361Z,3890.66,0.37,0.63,0.04,0.04,0.12,0.88,0.02,0.02,0.62,0.38,0.01,0.01
2025-11-03T00:33:10.366Z,3890.66,0.37,0.63,0.03,0.03,0.12,0.88,0.02,0.02,0.62,0.38,0.01,0.01
2025-11-03T00:33:11.373Z,3890.66,0.36,0.64,0.04,0.04,0.12,0.88,0.02,0.02,0.62,0.38,0.01,0.01
2025-11-03T00:33:12.372Z,3890.66,0.36,0.64,0.04,0.04,0.12,0.88,0.02,0.02,0.62,0.38,0.01,0.01
2025-11-03T00:33:13.386Z,3890.66,0.36,0.64,0.03,0.03,0.12,0.88,0.02,0.02,0.62,0.38,0.01,0.01
2025-11-03T00:33:14.400Z,3890.67,0.36,0.64,0.03,0.03,0.12,0.88,0.02,0.02,0.62,0.38,0.01,0.01
2025-11-03T00:33:15.399Z,3890.67,0.37,0.63,0.03,0.03,0.12,0.88,0.02,0.02,0.62,0.38,0.01,0.01
2025-11-03T00:33:16.413Z,3890.67,0.37,0.63,0.04,0.04,0.12,0.88,0.02,0.02,0.62,0.38,0.01,0.01
2025-11-03T00:33:17.413Z,3890.66,0.35,0.65,0.04,0.04,0.12,0.88,0.02,0.02,0.62,0.38,0.01,0.01
2025-11-03T00:33:18.427Z,3890.67,0.31,0.69,0.04,0.04,0.11,0.89,0.02,0.02,0.62,0.38,0.01,0.01
