timestamp,spot_price,m5_up_ask,m5_up_bid,m5_down_ask,m5_down_bid,m5_up_volume,m5_down_volume,m15_up_ask,m15_up_bid,m15_down_ask,m15_down_bid,m15_up_volume,m15_down_volume,h1_up_ask,h1_up_bid,h1_down_ask,h1_down_bid,daily_up_ask,daily_up_bid,daily_down_ask,daily_down_bid
2026-02-14T16:46:33.086Z,2079.57,,,,,,,0.49,0.48,0.52,0.51,9.22,6.47,0.05,0.04,0.96,0.95,1.00,0.99,0.01,0.00
2026-02-14T16:46:33.586Z,2079.57,,,,,,,0.49,0.48,0.52,0.51,0.00,0.00,0.04,0.04,0.96,0.95,1.00,0.99,0.01,0.00
2026-02-14T16:46:33.786Z,2079.58,,,,,,,0.49,0.48,0.52,0.51,0.00,0.00,0.05,0.04,0.96,0.95,1.00,0.99,0.01,0.00
2026-02-14T16:46:36.100Z,2079.56,,,,,,,0.49,0.48,0.52,0.51,12.24,8.17,0.04,0.04,0.96,0.95,1.00,0.99,0.01,0.00
2026-02-14T16:46:36.219Z,2079.56,,,,,,,0.49,0.48,0.52,0.51,0.00,0.00,0.05,0.04,0.96,0.95,1.00,0.99,0.01,0.00
2026-02-14T16:46:36.424Z,2079.56,,,,,,,0.48,0.47,0.53,0.52,0.00,0.00,0.04,0.04,0.96,0.95,1.00,0.99,0.01,0.00
2026-02-14T16:46:36.624Z,2079.56,,,,,,,0.48,0.47,0.53,0.52,0.00,0.00,0.05,0.04,0.96,0.95,1.00,0.99,0.01,0.00
2026-02-14T16:46:37.426Z,2079.55,,,,,,,0.48,0.47,0.53,0.52,2.08,0.00,0.04,0.03,0.97,0.96,1.00,0.99,0.01,0.00
2026-02-14T16:46:37.526Z,2079.35,,,,,,,0.48,0.47,0.53,0.52,0.00,0.00,0.04,0.03,0.97,0.96,1.00,0.99,0.01,0.00
2026-02-14T16:46:37.727Z,2079.32,,,,,,,0.48,0.47,0.53,0.52,0.00,0.00,0.04,0.03,0.97,0.96,1.00,0.99,0.01,0.00
2026-02-14T16:46:37.927Z,2079.24,,,,,,,0.48,0.47,0.53,0.52,0.00,0.00,0.04,0.03,0.97,0.96,1.00,0.99,0.01,0.00
2026-02-14T16:46:38.427Z,2079.24,,,,,,,0.46,0.45,0.55,0.54,0.00,80.00,0.04,0.03,0.97,0.96,1.00,0.99,0.01,0.00
2026-02-14T16:46:39.531Z,2079.16,,,,,,,0.46,0.45,0.55,0.54,85.85,0.00,0.04,0.03,0.97,0.96,1.00,0.99,0.01,0.00
2026-02-14T16:46:39.731Z,2079.10,,,,,,,0.46,0.45,0.55,0.54,0.00,7.00,0.04,0.03,0.97,0.96,1.00,0.99,0.01,0.00
2026-02-14T16:46:43.538Z,2079.09,,,,,,,0.46,0.45,0.55,0.54,7.00,5.02,0.04,0.03,0.97,0.96,1.00,0.99,0.01,0.00
2026-02-14T16:46:48.768Z,2079.05,,,,,,,0.46,0.45,0.55,0.54,10.87,9.16,0.04,0.03,0.97,0.96,1.00,0.99,0.01,0.00
2026-02-14T16:46:48.869Z,2079.02,,,,,,,0.46,0.45,0.55,0.54,0.00,0.00,0.04,0.03,0.97,0.96,1.00,0.99,0.01,0.00
2026-02-14T16:46:48.986Z,2079.00,,,,,,,0.45,0.44,0.56,0.55,0.00,0.00,0.04,0.03,0.97,0.96,1.00,0.99,0.01,0.00
2026-02-14T16:46:49.087Z,2078.95,,,,,,,0.45,0.44,0.56,0.55,0.00,0.00,0.04,0.03,0.97,0.96,1.00,0.99,0.01,0.00
2026-02-14T16:46:49.289Z,2078.95,,,,,,,0.45,0.43,0.57,0.55,0.00,0.00,0.04,0.03,0.97,0.96,1.00,0.99,0.01,0.00
2026-02-14T16:46:49.389Z,2078.95,,,,,,,0.44,0.43,0.57,0.56,0.00,162.96,0.04,0.03,0.97,0.96,1.00,0.99,0.01,0.00
2026-02-14T16:46:50.190Z,2078.95,,,,,,,0.43,0.42,0.58,0.57,0.00,5.99,0.04,0.03,0.97,0.96,1.00,0.99,0.01,0.00
2026-02-14T16:46:50.790Z,2078.89,,,,,,,0.43,0.42,0.58,0.57,0.00,103.45,0.04,0.03,0.97,0.96,1.00,0.99,0.01,0.00
2026-02-14T16:46:52.399Z,2078.89,,,,,,,0.43,0.42,0.58,0.57,15.67,0.00,0.03,0.03,0.97,0.97,1.00,0.99,0.01,0.00
2026-02-14T16:46:52.600Z,2078.90,,,,,,,0.43,0.42,0.58,0.57,0.00,0.00,0.04,0.03,0.97,0.96,1.00,0.99,0.01,0.00
2026-02-14T16:46:53.900Z,2078.90,,,,,,,0.43,0.42,0.58,0.57,0.00,3.52,0.03,0.03,0.97,0.97,1.00,0.99,0.01,0.00
2026-02-14T16:46:55.002Z,2078.90,,,,,,,0.43,0.42,0.58,0.57,0.00,0.00,0.04,0.03,0.97,0.96,1.00,0.99,0.01,0.00
2026-02-14T16:46:55.503Z,2078.89,,,,,,,0.43,0.42,0.58,0.57,0.00,0.00,0.04,0.03,0.97,0.96,1.00,0.99,0.01,0.00
2026-02-14T16:46:57.316Z,2078.88,,,,,,,0.43,0.42,0.58,0.57,0.00,0.00,0.04,0.03,0.97,0.96,1.00,0.99,0.01,0.00
2026-02-14T16:46:59.127Z,2078.88,,,,,,,0.44,0.42,0.58,0.56,0.00,0.00,0.04,0.03,0.97,0.96,1.00,0.99,0.01,0.00
2026-02-14T16:46:59.227Z,2078.88,,,,,,,0.43,0.42,0.58,0.57,191.73,0.00,0.04,0.03,0.97,0.96,1.00,0.99,0.01,0.00
2026-02-14T16:46:59.327Z,2078.88,,,,,,,0.43,0.42,0.58,0.57,0.00,0.00,0.03,0.03,0.97,0.97,1.00,0.99,0.01,0.00
2026-02-14T16:46:59.428Z,2078.68,,,,,,,0.43,0.42,0.58,0.57,0.00,0.00,0.03,0.03,0.97,0.97,1.00,0.99,0.01,0.00
2026-02-14T16:46:59.727Z,2078.68,,,,,,,0.42,0.41,0.59,0.58,0.00,0.00,0.03,0.03,0.97,0.97,1.00,0.99,0.01,0.00
2026-02-14T16:47:00.129Z,2078.68,,,,,,,0.42,0.41,0.59,0.58,0.00,0.00,0.03,0.02,0.98,0.97,1.00,0.99,0.01,0.00
2026-02-14T16:47:00.329Z,2078.78,,,,,,,0.42,0.41,0.59,0.58,0.00,0.00,0.03,0.02,0.98,0.97,1.00,0.99,0.01,0.00
2026-02-14T16:47:00.531Z,2078.89,,,,,,,0.45,0.43,0.57,0.55,0.00,0.00,0.03,0.02,0.98,0.97,1.00,0.99,0.01,0.00
2026-02-14T16:47:00.631Z,2078.89,,,,,,,0.45,0.44,0.56,0.55,0.00,0.00,0.03,0.02,0.98,0.97,1.00,0.99,0.01,0.00
2026-02-14T16:47:01.536Z,2078.88,,,,,,,0.45,0.44,0.56,0.55,0.00,0.00,0.03,0.02,0.98,0.97,1.00,0.99,0.01,0.00
2026-02-14T16:47:01.736Z,2078.88,,,,,,,0.46,0.45,0.55,0.54,91.60,5.00,0.04,0.02,0.98,0.96,1.00,0.99,0.01,0.00
2026-02-14T16:47:01.936Z,2079.10,,,,,,,0.46,0.45,0.55,0.54,2.34,0.00,0.04,0.02,0.98,0.96,1.00,0.99,0.01,0.00
2026-02-14T16:47:02.136Z,2079.15,,,,,,,0.46,0.45,0.55,0.54,0.00,0.00,0.04,0.02,0.98,0.96,1.00,0.99,0.01,0.00
2026-02-14T16:47:02.737Z,2079.18,,,,,,,0.46,0.45,0.55,0.54,0.00,0.00,0.04,0.03,0.97,0.96,1.00,0.99,0.01,0.00
2026-02-14T16:47:02.837Z,2079.42,,,,,,,0.46,0.45,0.55,0.54,0.00,0.00,0.04,0.03,0.97,0.96,1.00,0.99,0.01,0.00
2026-02-14T16:47:03.339Z,2079.42,,,,,,,0.47,0.46,0.54,0.53,50.00,0.00,0.04,0.03,0.97,0.96,1.00,0.99,0.01,0.00
2026-02-14T16:47:03.739Z,2079.43,,,,,,,0.47,0.46,0.54,0.53,15.00,0.00,0.04,0.03,0.97,0.96,1.00,0.99,0.01,0.00
2026-02-14T16:47:04.139Z,2079.43,,,,,,,0.48,0.47,0.53,0.52,20.00,0.00,0.04,0.03,0.97,0.96,1.00,0.99,0.01,0.00
2026-02-14T16:47:04.762Z,2079.42,,,,,,,0.48,0.47,0.53,0.52,22.22,111.85,0.04,0.02,0.98,0.96,1.00,0.99,0.01,0.00
2026-02-14T16:47:04.961Z,2079.37,,,,,,,0.48,0.47,0.53,0.52,0.00,135.33,0.04,0.02,0.98,0.96,1.00,0.99,0.01,0.00
2026-02-14T16:47:05.062Z,2079.31,,,,,,,0.48,0.47,0.53,0.52,0.00,0.00,0.04,0.02,0.98,0.96,1.00,0.99,0.01,0.00
2026-02-14T16:47:05.168Z,2079.31,,,,,,,0.46,0.45,0.55,0.54,0.00,0.00,0.03,0.02,0.98,0.97,1.00,0.99,0.01,0.00
2026-02-14T16:47:05.268Z,2079.17,,,,,,,0.46,0.45,0.55,0.54,0.00,0.00,0.03,0.02,0.98,0.97,1.00,0.99,0.01,0.00
2026-02-14T16:47:05.669Z,2079.13,,,,,,,0.45,0.44,0.56,0.55,0.00,0.00,0.03,0.02,0.98,0.97,1.00,0.99,0.01,0.00
2026-02-14T16:47:07.071Z,2079.13,,,,,,,0.44,0.43,0.57,0.56,0.00,29.94,0.03,0.02,0.98,0.97,1.00,0.99,0.01,0.00
2026-02-14T16:47:07.672Z,2079.13,,,,,,,0.44,0.43,0.57,0.56,0.00,0.00,0.03,0.02,0.98,0.97,1.00,1.00,0.00,0.00
2026-02-14T16:47:10.889Z,2079.13,,,,,,,0.44,0.43,0.57,0.56,15.00,4.09,0.04,0.02,0.98,0.96,1.00,1.00,0.00,0.00
2026-02-14T16:47:11.388Z,2079.13,,,,,,,0.45,0.44,0.56,0.55,0.00,0.00,0.04,0.02,0.98,0.96,1.00,1.00,0.00,0.00
2026-02-14T16:47:12.390Z,2079.12,,,,,,,0.45,0.44,0.56,0.55,5.00,0.00,0.04,0.02,0.98,0.96,1.00,1.00,0.00,0.00
2026-02-14T16:47:12.494Z,2079.13,,,,,,,0.45,0.44,0.56,0.55,0.00,0.00,0.04,0.02,0.98,0.96,1.00,1.00,0.00,0.00
2026-02-14T16:47:12.994Z,2079.12,,,,,,,0.45,0.44,0.56,0.55,0.00,0.00,0.04,0.02,0.98,0.96,1.00,1.00,0.00,0.00
2026-02-14T16:47:13.194Z,2079.13,,,,,,,0.45,0.44,0.56,0.55,0.00,0.00,0.04,0.02,0.98,0.96,1.00,1.00,0.00,0.00
2026-02-14T16:47:14.395Z,2079.13,,,,,,,0.45,0.44,0.56,0.55,0.00,0.00,0.03,0.02,0.98,0.97,1.00,1.00,0.00,0.00
2026-02-14T16:47:14.495Z,2079.13,,,,,,,0.45,0.44,0.56,0.55,0.00,0.00,0.04,0.02,0.98,0.96,1.00,1.00,0.00,0.00
2026-02-14T16:47:15.499Z,2079.12,,,,,,,0.45,0.44,0.56,0.55,0.00,0.00,0.03,0.02,0.98,0.97,1.00,1.00,0.00,0.00
2026-02-14T16:47:17.115Z,2079.10,,,,,,,0.45,0.44,0.56,0.55,31.62,0.00,0.03,0.02,0.98,0.97,1.00,1.00,0.00,0.00
2026-02-14T16:47:17.216Z,2079.06,,,,,,,0.45,0.44,0.56,0.55,0.00,0.00,0.03,0.02,0.98,0.97,1.00,1.00,0.00,0.00
2026-02-14T16:47:17.416Z,2079.06,,,,,,,0.44,0.43,0.57,0.56,15.00,1.00,0.03,0.02,0.98,0.97,1.00,1.00,0.00,0.00
2026-02-14T16:47:17.716Z,2079.01,,,,,,,0.43,0.42,0.58,0.57,0.00,0.00,0.03,0.02,0.98,0.97,1.00,1.00,0.00,0.00
2026-02-14T16:47:18.218Z,2078.97,,,,,,,0.43,0.42,0.58,0.57,0.00,0.00,0.03,0.02,0.98,0.97,1.00,1.00,0.00,0.00
2026-02-14T16:47:21.925Z,2078.96,,,,,,,0.43,0.42,0.58,0.57,9.00,7.00,0.03,0.02,0.98,0.97,1.00,1.00,0.00,0.00
2026-02-14T16:47:22.025Z,2078.97,,,,,,,0.43,0.42,0.58,0.57,0.00,0.00,0.03,0.02,0.98,0.97,1.00,1.00,0.00,0.00
2026-02-14T16:47:22.826Z,2078.93,,,,,,,0.43,0.42,0.58,0.57,0.00,0.00,0.03,0.02,0.98,0.97,1.00,1.00,0.00,0.00
2026-02-14T16:47:22.927Z,2078.87,,,,,,,0.43,0.42,0.58,0.57,0.00,0.00,0.03,0.02,0.98,0.97,1.00,1.00,0.00,0.00
2026-02-14T16:47:23.227Z,2078.87,,,,,,,0.43,0.41,0.59,0.57,33.33,2.00,0.03,0.02,0.98,0.97,1.00,1.00,0.00,0.00
2026-02-14T16:47:23.328Z,2078.87,,,,,,,0.42,0.41,0.59,0.58,0.00,0.00,0.03,0.02,0.98,0.97,1.00,1.00,0.00,0.00
2026-02-14T16:47:23.629Z,2078.86,,,,,,,0.42,0.41,0.59,0.58,12.00,0.00,0.03,0.02,0.98,0.97,1.00,1.00,0.00,0.00
2026-02-14T16:47:24.437Z,2078.87,,,,,,,0.42,0.41,0.59,0.58,0.00,0.00,0.03,0.02,0.98,0.97,1.00,1.00,0.00,0.00
2026-02-14T16:47:26.360Z,2078.87,,,,,,,0.42,0.41,0.59,0.58,0.00,0.00,0.03,0.01,0.99,0.97,1.00,1.00,0.00,0.00
2026-02-14T16:47:26.561Z,2078.75,,,,,,,0.42,0.41,0.59,0.58,0.00,5.17,0.03,0.01,0.99,0.97,1.00,1.00,0.00,0.00
2026-02-14T16:47:26.662Z,2078.74,,,,,,,0.42,0.41,0.59,0.58,0.00,0.00,0.03,0.01,0.99,0.97,1.00,1.00,0.00,0.00
2026-02-14T16:47:26.762Z,2078.71,,,,,,,0.42,0.41,0.59,0.58,0.00,0.00,0.03,0.01,0.99,0.97,1.00,1.00,0.00,0.00
2026-02-14T16:47:27.162Z,2078.71,,,,,,,0.41,0.40,0.60,0.59,11.90,2.83,0.03,0.01,0.99,0.97,1.00,0.99,0.01,0.00
2026-02-14T16:47:27.564Z,2078.70,,,,,,,0.41,0.40,0.60,0.59,0.00,0.00,0.03,0.01,0.99,0.97,1.00,0.99,0.01,0.00
2026-02-14T16:47:27.764Z,2078.58,,,,,,,0.41,0.40,0.60,0.59,0.00,0.00,0.03,0.01,0.99,0.97,1.00,0.99,0.01,0.00
2026-02-14T16:47:27.963Z,2078.58,,,,,,,0.41,0.40,0.60,0.59,0.00,0.00,0.02,0.01,0.99,0.98,1.00,0.99,0.01,0.00
2026-02-14T16:47:28.470Z,2078.57,,,,,,,0.41,0.40,0.60,0.59,0.00,0.00,0.02,0.01,0.99,0.98,1.00,0.99,0.01,0.00
2026-02-14T16:47:29.171Z,2078.58,,,,,,,0.41,0.40,0.60,0.59,0.00,0.00,0.03,0.01,0.99,0.97,1.00,0.99,0.01,0.00
2026-02-14T16:47:29.471Z,2078.58,,,,,,,0.41,0.40,0.60,0.59,0.00,0.00,0.02,0.01,0.99,0.98,1.00,0.99,0.01,0.00
2026-02-14T16:47:29.572Z,2078.17,,,,,,,0.41,0.40,0.60,0.59,0.00,0.00,0.02,0.01,0.99,0.98,1.00,0.99,0.01,0.00
2026-02-14T16:47:29.972Z,2078.21,,,,,,,0.41,0.40,0.60,0.59,0.00,23.22,0.02,0.01,0.99,0.98,1.00,0.99,0.01,0.00
2026-02-14T16:47:33.882Z,2078.21,,,,,,,0.40,0.39,0.61,0.60,27.41,284.56,0.02,0.01,0.99,0.98,1.00,0.99,0.01,0.00
2026-02-14T16:47:34.183Z,2078.20,,,,,,,0.40,0.39,0.61,0.60,0.00,5.00,0.02,0.01,0.99,0.98,1.00,0.99,0.01,0.00
2026-02-14T16:47:35.786Z,2078.21,,,,,,,0.40,0.39,0.61,0.60,0.00,9.92,0.02,0.01,0.99,0.98,1.00,0.99,0.01,0.00
2026-02-14T16:47:36.087Z,2078.10,,,,,,,0.39,0.38,0.62,0.61,0.00,0.00,0.02,0.01,0.99,0.98,1.00,0.99,0.01,0.00
2026-02-14T16:47:36.488Z,2078.10,,,,,,,0.37,0.36,0.64,0.63,0.00,100.00,0.02,0.01,0.99,0.98,1.00,0.99,0.01,0.00
2026-02-14T16:47:44.012Z,2078.09,,,,,,,0.37,0.36,0.64,0.63,5.00,16.81,0.02,0.01,0.99,0.98,1.00,0.99,0.01,0.00
2026-02-14T16:47:44.315Z,2078.10,,,,,,,0.37,0.36,0.64,0.63,0.00,0.00,0.02,0.01,0.99,0.98,1.00,0.99,0.01,0.00
2026-02-14T16:47:44.614Z,2078.23,,,,,,,0.38,0.37,0.63,0.62,0.00,0.00,0.02,0.01,0.99,0.98,1.00,0.99,0.01,0.00
2026-02-14T16:47:44.714Z,2078.26,,,,,,,0.39,0.38,0.62,0.61,0.00,0.00,0.02,0.01,0.99,0.98,1.00,0.99,0.01,0.00
2026-02-14T16:47:44.814Z,2078.25,,,,,,,0.39,0.38,0.62,0.61,0.00,1.59,0.02,0.01,0.99,0.98,1.00,0.99,0.01,0.00
2026-02-14T16:47:45.115Z,2078.28,,,,,,,0.39,0.38,0.62,0.61,0.00,0.00,0.02,0.01,0.99,0.98,1.00,0.99,0.01,0.00
2026-02-14T16:47:45.314Z,2078.48,,,,,,,0.39,0.38,0.62,0.61,0.00,0.00,0.02,0.01,0.99,0.98,1.00,0.99,0.01,0.00
2026-02-14T16:47:45.414Z,2078.48,,,,,,,0.41,0.40,0.60,0.59,0.00,0.00,0.02,0.01,0.99,0.98,1.00,0.99,0.01,0.00
2026-02-14T16:47:45.815Z,2078.49,,,,,,,0.41,0.40,0.60,0.59,0.00,0.00,0.02,0.01,0.99,0.98,1.00,0.99,0.01,0.00
2026-02-14T16:47:46.215Z,2078.48,,,,,,,0.41,0.40,0.60,0.59,0.00,0.00,0.02,0.01,0.99,0.98,1.00,0.99,0.01,0.00
2026-02-14T16:47:46.918Z,2078.49,,,,,,,0.41,0.40,0.60,0.59,25.00,0.00,0.02,0.01,0.99,0.98,1.00,0.99,0.01,0.00
2026-02-14T16:47:48.222Z,2078.48,,,,,,,0.41,0.40,0.60,0.59,1.00,5.08,0.02,0.01,0.99,0.98,1.00,0.99,0.01,0.00
2026-02-14T16:47:49.422Z,2078.49,,,,,,,0.41,0.40,0.60,0.59,0.00,11.47,0.02,0.01,0.99,0.98,1.00,0.99,0.01,0.00
2026-02-14T16:47:51.926Z,2078.48,,,,,,,0.41,0.40,0.60,0.59,1.00,0.00,0.02,0.01,0.99,0.98,1.00,0.99,0.01,0.00
2026-02-14T16:47:52.927Z,2078.49,,,,,,,0.41,0.40,0.60,0.59,1.00,0.00,0.02,0.01,0.99,0.98,1.00,0.99,0.01,0.00
2026-02-14T16:47:54.731Z,2078.48,,,,,,,0.41,0.40,0.60,0.59,0.00,5.09,0.02,0.01,0.99,0.98,1.00,0.99,0.01,0.00
2026-02-14T16:47:55.030Z,2078.49,,,,,,,0.41,0.40,0.60,0.59,0.00,0.00,0.02,0.01,0.99,0.98,1.00,0.99,0.01,0.00
2026-02-14T16:47:55.230Z,2078.48,,,,,,,0.41,0.40,0.60,0.59,0.00,0.00,0.02,0.01,0.99,0.98,1.00,0.99,0.01,0.00
2026-02-14T16:47:55.331Z,2078.48,,,,,,,0.40,0.39,0.61,0.60,0.00,5.00,0.02,0.01,0.99,0.98,1.00,0.99,0.01,0.00
2026-02-14T16:47:55.832Z,2078.49,,,,,,,0.40,0.39,0.61,0.60,0.00,0.00,0.02,0.01,0.99,0.98,1.00,0.99,0.01,0.00
2026-02-14T16:47:57.134Z,2078.49,,,,,,,0.39,0.38,0.62,0.61,0.00,0.00,0.03,0.01,0.99,0.97,1.00,0.99,0.01,0.00
2026-02-14T16:47:57.234Z,2078.44,,,,,,,0.39,0.38,0.62,0.61,0.00,0.00,0.02,0.01,0.99,0.98,1.00,0.99,0.01,0.00
2026-02-14T16:47:57.335Z,2078.22,,,,,,,0.39,0.37,0.63,0.61,0.00,5.00,0.02,0.01,0.99,0.98,1.00,0.99,0.01,0.00
2026-02-14T16:47:57.436Z,2078.22,,,,,,,0.38,0.37,0.63,0.62,0.00,0.00,0.02,0.01,0.99,0.98,1.00,0.99,0.01,0.00
2026-02-14T16:47:57.636Z,2078.21,,,,,,,0.38,0.37,0.63,0.62,0.00,0.00,0.02,0.01,0.99,0.98,1.00,0.99,0.01,0.00
2026-02-14T16:47:58.639Z,2078.22,,,,,,,0.38,0.37,0.63,0.62,3.16,0.00,0.02,0.01,0.99,0.98,1.00,0.99,0.01,0.00
2026-02-14T16:48:00.341Z,2078.22,,,,,,,0.39,0.38,0.62,0.61,13.20,4.06,0.02,0.01,0.99,0.98,1.00,0.99,0.01,0.00
2026-02-14T16:48:03.144Z,2078.22,,,,,,,0.39,0.38,0.62,0.61,3.08,17.31,0.02,0.02,0.98,0.98,1.00,0.99,0.01,0.00
2026-02-14T16:48:03.344Z,2078.24,,,,,,,0.39,0.38,0.62,0.61,0.00,0.00,0.02,0.02,0.98,0.98,1.00,0.99,0.01,0.00
2026-02-14T16:48:03.745Z,2078.24,,,,,,,0.40,0.39,0.61,0.60,20.00,0.00,0.02,0.02,0.98,0.98,1.00,0.99,0.01,0.00
2026-02-14T16:48:04.845Z,2078.24,,,,,,,0.40,0.39,0.61,0.60,0.00,0.00,0.03,0.01,0.99,0.97,1.00,0.99,0.01,0.00
2026-02-14T16:48:04.945Z,2078.28,,,,,,,0.40,0.39,0.61,0.60,0.00,0.00,0.03,0.02,0.98,0.97,1.00,0.99,0.01,0.00
2026-02-14T16:48:05.046Z,2078.71,,,,,,,0.40,0.39,0.61,0.60,0.00,0.00,0.03,0.02,0.98,0.97,1.00,0.99,0.01,0.00
2026-02-14T16:48:05.245Z,2078.98,,,,,,,0.40,0.39,0.61,0.60,0.00,0.00,0.03,0.02,0.98,0.97,1.00,0.99,0.01,0.00
2026-02-14T16:48:05.446Z,2078.98,,,,,,,0.41,0.40,0.60,0.59,42.00,0.00,0.03,0.02,0.98,0.97,1.00,0.99,0.01,0.00
2026-02-14T16:48:05.645Z,2078.98,,,,,,,0.43,0.42,0.58,0.57,38.23,0.00,0.03,0.02,0.98,0.97,1.00,0.99,0.01,0.00
2026-02-14T16:48:05.746Z,2078.98,,,,,,,0.44,0.43,0.57,0.56,2.30,0.00,0.03,0.02,0.98,0.97,1.00,0.99,0.01,0.00
2026-02-14T16:48:06.045Z,2078.99,,,,,,,0.44,0.43,0.57,0.56,38.50,0.00,0.03,0.02,0.98,0.97,1.00,0.99,0.01,0.00
2026-02-14T16:48:06.246Z,2079.12,,,,,,,0.44,0.43,0.57,0.56,0.00,0.00,0.03,0.02,0.98,0.97,1.00,0.99,0.01,0.00
2026-02-14T16:48:06.347Z,2079.13,,,,,,,0.44,0.43,0.57,0.56,0.00,0.00,0.03,0.02,0.98,0.97,1.00,0.99,0.01,0.00
2026-02-14T16:48:06.546Z,2079.32,,,,,,,0.44,0.43,0.57,0.56,0.00,0.00,0.03,0.02,0.98,0.97,1.00,0.99,0.01,0.00
2026-02-14T16:48:06.646Z,2079.32,,,,,,,0.45,0.44,0.56,0.55,23.93,0.00,0.03,0.02,0.98,0.97,1.00,0.99,0.01,0.00
2026-02-14T16:48:06.746Z,2079.33,,,,,,,0.45,0.44,0.56,0.55,0.00,0.00,0.03,0.02,0.98,0.97,1.00,0.99,0.01,0.00
2026-02-14T16:48:06.846Z,2079.37,,,,,,,0.45,0.44,0.56,0.55,0.00,0.00,0.03,0.03,0.97,0.97,1.00,0.99,0.01,0.00
2026-02-14T16:48:07.046Z,2079.37,,,,,,,0.47,0.46,0.54,0.53,50.95,0.00,0.03,0.03,0.97,0.97,1.00,0.99,0.01,0.00
2026-02-14T16:48:07.147Z,2079.39,,,,,,,0.48,0.47,0.53,0.52,11.20,0.00,0.03,0.03,0.97,0.97,1.00,0.99,0.01,0.00
2026-02-14T16:48:07.346Z,2079.40,,,,,,,0.48,0.47,0.53,0.52,7.29,0.00,0.04,0.03,0.97,0.96,1.00,0.99,0.01,0.00
2026-02-14T16:48:07.446Z,2079.46,,,,,,,0.48,0.47,0.53,0.52,0.00,0.00,0.04,0.03,0.97,0.96,1.00,0.99,0.01,0.00
2026-02-14T16:48:07.947Z,2079.55,,,,,,,0.48,0.47,0.53,0.52,0.00,6.35,0.04,0.03,0.97,0.96,1.00,0.99,0.01,0.00
2026-02-14T16:48:08.047Z,2079.65,,,,,,,0.48,0.47,0.53,0.52,0.00,9.00,0.04,0.03,0.97,0.96,1.00,0.99,0.01,0.00
2026-02-14T16:48:08.148Z,2079.65,,,,,,,0.50,0.49,0.51,0.50,0.00,0.00,0.04,0.03,0.97,0.96,1.00,0.99,0.01,0.00
2026-02-14T16:48:09.147Z,2079.65,,,,,,,0.50,0.49,0.51,0.50,24.52,10.00,0.04,0.02,0.98,0.96,1.00,0.99,0.01,0.00
2026-02-14T16:48:09.247Z,2079.65,,,,,,,0.50,0.49,0.51,0.50,0.00,0.00,0.03,0.02,0.98,0.97,1.00,0.99,0.01,0.00
2026-02-14T16:48:10.448Z,2079.66,,,,,,,0.50,0.49,0.51,0.50,24.48,0.00,0.03,0.02,0.98,0.97,1.00,0.99,0.01,0.00
2026-02-14T16:48:10.648Z,2079.81,,,,,,,0.50,0.49,0.51,0.50,0.00,0.00,0.04,0.02,0.98,0.96,1.00,0.99,0.01,0.00
2026-02-14T16:48:10.749Z,2079.81,,,,,,,0.50,0.49,0.51,0.50,8.00,0.00,0.04,0.03,0.97,0.96,1.00,0.99,0.01,0.00
2026-02-14T16:48:10.948Z,2079.83,,,,,,,0.50,0.49,0.51,0.50,0.00,0.00,0.04,0.03,0.97,0.96,1.00,0.99,0.01,0.00
2026-02-14T16:48:11.150Z,2079.83,,,,,,,0.51,0.50,0.50,0.49,7.00,0.00,0.04,0.03,0.97,0.96,1.00,0.99,0.01,0.00
2026-02-14T16:48:11.551Z,2079.83,,,,,,,0.51,0.50,0.50,0.49,32.27,0.00,0.03,0.02,0.98,0.97,1.00,0.99,0.01,0.00
2026-02-14T16:48:11.751Z,2079.66,,,,,,,0.50,0.49,0.51,0.50,0.00,0.00,0.03,0.02,0.98,0.97,1.00,0.99,0.01,0.00
2026-02-14T16:48:12.150Z,2079.65,,,,,,,0.49,0.48,0.52,0.51,0.00,10.00,0.03,0.02,0.98,0.97,1.00,0.99,0.01,0.00
2026-02-14T16:48:12.450Z,2079.56,,,,,,,0.49,0.48,0.52,0.51,4.49,0.00,0.03,0.02,0.98,0.97,1.00,0.99,0.01,0.00
2026-02-14T16:48:12.550Z,2079.53,,,,,,,0.49,0.48,0.52,0.51,0.00,0.00,0.03,0.02,0.98,0.97,1.00,0.99,0.01,0.00
2026-02-14T16:48:12.751Z,2079.52,,,,,,,0.49,0.47,0.53,0.51,0.00,0.00,0.03,0.01,0.99,0.97,1.00,0.99,0.01,0.00
2026-02-14T16:48:12.851Z,2079.52,,,,,,,0.48,0.47,0.53,0.52,0.00,0.00,0.03,0.01,0.99,0.97,1.00,0.99,0.01,0.00
2026-02-14T16:48:15.060Z,2079.53,,,,,,,0.48,0.47,0.53,0.52,14.52,34.13,0.03,0.01,0.99,0.97,1.00,0.99,0.01,0.00
2026-02-14T16:48:15.160Z,2079.52,,,,,,,0.48,0.47,0.53,0.52,0.00,0.00,0.03,0.01,0.99,0.97,1.00,0.99,0.01,0.00
2026-02-14T16:48:15.360Z,2079.52,,,,,,,0.47,0.46,0.54,0.53,0.00,0.00,0.03,0.01,0.99,0.97,1.00,0.99,0.01,0.00
2026-02-14T16:48:15.761Z,2079.46,,,,,,,0.47,0.46,0.54,0.53,0.00,0.00,0.03,0.01,0.99,0.97,1.00,0.99,0.01,0.00
2026-02-14T16:48:15.960Z,2079.45,,,,,,,0.47,0.46,0.54,0.53,0.00,0.00,0.03,0.01,0.99,0.97,1.00,0.99,0.01,0.00
2026-02-14T16:48:16.169Z,2079.45,,,,,,,0.46,0.45,0.55,0.54,0.00,0.00,0.03,0.01,0.99,0.97,1.00,0.99,0.01,0.00
2026-02-14T16:48:16.369Z,2079.44,,,,,,,0.46,0.45,0.55,0.54,0.00,0.00,0.03,0.01,0.99,0.97,1.00,0.99,0.01,0.00
2026-02-14T16:48:16.568Z,2079.45,,,,,,,0.46,0.45,0.55,0.54,0.00,0.00,0.03,0.01,0.99,0.97,1.00,0.99,0.01,0.00
2026-02-14T16:48:16.969Z,2079.44,,,,,,,0.46,0.45,0.55,0.54,2.17,0.00,0.03,0.01,0.99,0.97,1.00,0.99,0.01,0.00
2026-02-14T16:48:17.178Z,2079.37,,,,,,,0.46,0.45,0.55,0.54,0.00,0.00,0.03,0.01,0.99,0.97,1.00,0.99,0.01,0.00
2026-02-14T16:48:17.278Z,2079.37,,,,,,,0.46,0.45,0.55,0.54,0.00,0.00,0.03,0.02,0.98,0.97,1.00,0.99,0.01,0.00
2026-02-14T16:48:17.379Z,2078.98,,,,,,,0.46,0.45,0.55,0.54,0.00,0.00,0.03,0.01,0.99,0.97,1.00,0.99,0.01,0.00
2026-02-14T16:48:17.479Z,2078.98,,,,,,,0.46,0.45,0.55,0.54,0.00,0.00,0.02,0.01,0.99,0.98,1.00,0.99,0.01,0.00
2026-02-14T16:48:17.679Z,2078.98,,,,,,,0.46,0.45,0.55,0.54,0.00,0.00,0.03,0.01,0.99,0.97,1.00,0.99,0.01,0.00
2026-02-14T16:48:17.885Z,2078.98,,,,,,,0.45,0.44,0.56,0.55,0.00,57.29,0.03,0.01,0.99,0.97,1.00,0.99,0.01,0.00
2026-02-14T16:48:18.687Z,2078.99,,,,,,,0.45,0.44,0.56,0.55,0.80,5.00,0.03,0.01,0.99,0.97,1.00,0.99,0.01,0.00
2026-02-14T16:48:19.287Z,2078.98,,,,,,,0.45,0.44,0.56,0.55,0.00,0.80,0.03,0.01,0.99,0.97,1.00,0.99,0.01,0.00
2026-02-14T16:48:19.388Z,2078.98,,,,,,,0.45,0.44,0.56,0.55,0.00,0.00,0.02,0.01,0.99,0.98,1.00,0.99,0.01,0.00
2026-02-14T16:48:20.090Z,2078.99,,,,,,,0.45,0.44,0.56,0.55,195.56,5.00,0.02,0.01,0.99,0.98,1.00,0.99,0.01,0.00
2026-02-14T16:48:20.690Z,2078.98,,,,,,,0.45,0.44,0.56,0.55,0.00,0.00,0.02,0.01,0.99,0.98,1.00,0.99,0.01,0.00
2026-02-14T16:48:21.892Z,2078.99,,,,,,,0.45,0.44,0.56,0.55,0.00,3.77,0.02,0.01,0.99,0.98,1.00,0.99,0.01,0.00
2026-02-14T16:48:22.393Z,2078.99,,,,,,,0.45,0.44,0.56,0.55,0.00,7.30,0.02,0.01,0.99,0.98,1.00,1.00,0.00,0.00
2026-02-14T16:48:23.093Z,2078.99,,,,,,,0.44,0.43,0.57,0.56,2.45,78.44,0.02,0.01,0.99,0.98,1.00,1.00,0.00,0.00
2026-02-14T16:48:24.695Z,2078.98,,,,,,,0.44,0.43,0.57,0.56,17.80,0.00,0.02,0.01,0.99,0.98,1.00,1.00,0.00,0.00
2026-02-14T16:48:27.708Z,2078.99,,,,,,,0.44,0.43,0.57,0.56,11.33,35.09,0.02,0.01,0.99,0.98,1.00,1.00,0.00,0.00
2026-02-14T16:48:27.907Z,2078.99,,,,,,,0.44,0.43,0.57,0.56,0.00,0.00,0.02,0.01,0.99,0.98,1.00,0.99,0.01,0.00
2026-02-14T16:48:28.308Z,2078.98,,,,,,,0.44,0.43,0.57,0.56,0.00,33.33,0.02,0.01,0.99,0.98,1.00,0.99,0.01,0.00
2026-02-14T16:48:28.408Z,2078.97,,,,,,,0.43,0.42,0.58,0.57,0.00,0.00,0.02,0.01,0.99,0.98,1.00,0.99,0.01,0.00
2026-02-14T16:48:28.509Z,2078.82,,,,,,,0.43,0.42,0.58,0.57,0.00,0.00,0.02,0.01,0.99,0.98,1.00,0.99,0.01,0.00
2026-02-14T16:48:28.809Z,2078.82,,,,,,,0.42,0.41,0.59,0.58,0.00,0.00,0.02,0.01,0.99,0.98,1.00,0.99,0.01,0.00
2026-02-14T16:48:29.310Z,2078.81,,,,,,,0.42,0.41,0.59,0.58,0.00,0.00,0.02,0.01,0.99,0.98,1.00,0.99,0.01,0.00
2026-02-14T16:48:30.011Z,2078.80,,,,,,,0.42,0.41,0.59,0.58,0.00,0.00,0.02,0.01,0.99,0.98,1.00,0.99,0.01,0.00
2026-02-14T16:48:30.210Z,2078.80,,,,,,,0.42,0.41,0.59,0.58,0.00,0.00,0.02,0.02,0.98,0.98,1.00,0.99,0.01,0.00
2026-02-14T16:48:30.710Z,2078.81,,,,,,,0.42,0.41,0.59,0.58,0.00,0.00,0.02,0.02,0.98,0.98,1.00,0.99,0.01,0.00
2026-02-14T16:48:30.911Z,2078.81,,,,,,,0.43,0.41,0.59,0.57,0.00,0.00,0.02,0.02,0.98,0.98,1.00,0.99,0.01,0.00
2026-02-14T16:48:31.113Z,2078.81,,,,,,,0.42,0.41,0.59,0.58,236.33,0.00,0.02,0.02,0.98,0.98,1.00,0.99,0.01,0.00
2026-02-14T16:48:31.713Z,2078.81,,,,,,,0.43,0.41,0.59,0.57,0.00,0.00,0.02,0.02,0.98,0.98,1.00,0.99,0.01,0.00
2026-02-14T16:48:32.113Z,2078.81,,,,,,,0.43,0.42,0.58,0.57,0.00,0.00,0.03,0.01,0.99,0.97,1.00,0.99,0.01,0.00
2026-02-14T16:48:32.213Z,2079.01,,,,,,,0.43,0.42,0.58,0.57,0.00,5.00,0.03,0.02,0.98,0.97,1.00,0.99,0.01,0.00
2026-02-14T16:48:32.313Z,2079.15,,,,,,,0.43,0.42,0.58,0.57,0.00,0.00,0.03,0.02,0.98,0.97,1.00,0.99,0.01,0.00
2026-02-14T16:48:32.514Z,2079.15,,,,,,,0.44,0.43,0.57,0.56,0.00,0.00,0.03,0.02,0.98,0.97,1.00,0.99,0.01,0.00
2026-02-14T16:48:32.714Z,2079.14,,,,,,,0.45,0.44,0.56,0.55,0.00,0.00,0.03,0.02,0.98,0.97,1.00,0.99,0.01,0.00
2026-02-14T16:48:33.114Z,2079.15,,,,,,,0.45,0.44,0.56,0.55,23.00,1.79,0.03,0.02,0.98,0.97,1.00,0.99,0.01,0.00
2026-02-14T16:48:34.414Z,2079.15,,,,,,,0.46,0.45,0.55,0.54,19.99,5.00,0.03,0.02,0.98,0.97,1.00,0.99,0.01,0.00
2026-02-14T16:48:35.318Z,2079.15,,,,,,,0.46,0.45,0.55,0.54,0.00,0.00,0.03,0.02,0.98,0.97,1.00,1.00,0.00,0.00
2026-02-14T16:48:37.224Z,2079.14,,,,,,,0.46,0.45,0.55,0.54,0.00,2.00,0.03,0.02,0.98,0.97,1.00,1.00,0.00,0.00
2026-02-14T16:48:37.324Z,2079.15,,,,,,,0.46,0.45,0.55,0.54,0.00,0.00,0.03,0.02,0.98,0.97,1.00,1.00,0.00,0.00
2026-02-14T16:48:37.524Z,2079.14,,,,,,,0.45,0.44,0.56,0.55,0.00,0.00,0.03,0.02,0.98,0.97,1.00,1.00,0.00,0.00
2026-02-14T16:48:37.826Z,2079.07,,,,,,,0.44,0.43,0.57,0.56,0.00,0.00,0.03,0.02,0.98,0.97,1.00,1.00,0.00,0.00
2026-02-14T16:48:38.026Z,2079.07,,,,,,,0.43,0.42,0.58,0.57,0.00,0.00,0.03,0.02,0.98,0.97,1.00,1.00,0.00,0.00
2026-02-14T16:48:38.729Z,2079.06,,,,,,,0.43,0.42,0.58,0.57,0.00,0.00,0.03,0.02,0.98,0.97,1.00,1.00,0.00,0.00
2026-02-14T16:48:38.929Z,2078.93,,,,,,,0.43,0.42,0.58,0.57,0.00,0.00,0.02,0.02,0.98,0.98,1.00,1.00,0.00,0.00
2026-02-14T16:48:39.130Z,2078.92,,,,,,,0.43,0.42,0.58,0.57,0.00,2.10,0.03,0.02,0.98,0.97,1.00,1.00,0.00,0.00
2026-02-14T16:48:39.330Z,2078.92,,,,,,,0.42,0.41,0.59,0.58,0.00,0.00,0.03,0.02,0.98,0.97,1.00,1.00,0.00,0.00
2026-02-14T16:48:40.031Z,2078.93,,,,,,,0.42,0.41,0.59,0.58,0.80,0.00,0.03,0.02,0.98,0.97,1.00,1.00,0.00,0.00
2026-02-14T16:48:40.131Z,2078.92,,,,,,,0.43,0.42,0.58,0.57,42.00,0.00,0.03,0.02,0.98,0.97,1.00,1.00,0.00,0.00
2026-02-14T16:48:40.231Z,2078.93,,,,,,,0.43,0.42,0.58,0.57,0.00,0.00,0.03,0.02,0.98,0.97,1.00,1.00,0.00,0.00
2026-02-14T16:48:43.837Z,2078.92,,,,,,,0.43,0.42,0.58,0.57,4.35,5.00,0.03,0.02,0.98,0.97,1.00,1.00,0.00,0.00
2026-02-14T16:48:44.438Z,2078.92,,,,,,,0.44,0.43,0.57,0.56,0.00,0.00,0.03,0.02,0.98,0.97,1.00,1.00,0.00,0.00
2026-02-14T16:48:45.238Z,2079.02,,,,,,,0.44,0.43,0.57,0.56,0.00,5.00,0.03,0.02,0.98,0.97,1.00,1.00,0.00,0.00
2026-02-14T16:48:46.241Z,2079.03,,,,,,,0.44,0.43,0.57,0.56,0.80,0.00,0.03,0.02,0.98,0.97,1.00,1.00,0.00,0.00
2026-02-14T16:48:48.647Z,2079.14,,,,,,,0.44,0.43,0.57,0.56,0.00,5.00,0.03,0.02,0.98,0.97,1.00,1.00,0.00,0.00
2026-02-14T16:48:48.847Z,2079.17,,,,,,,0.44,0.43,0.57,0.56,0.00,0.00,0.03,0.02,0.98,0.97,1.00,1.00,0.00,0.00
2026-02-14T16:48:48.948Z,2079.38,,,,,,,0.44,0.43,0.57,0.56,0.00,0.00,0.03,0.02,0.98,0.97,1.00,1.00,0.00,0.00
2026-02-14T16:48:49.149Z,2079.38,,,,,,,0.46,0.45,0.55,0.54,33.00,0.00,0.03,0.02,0.98,0.97,1.00,1.00,0.00,0.00
2026-02-14T16:48:49.350Z,2079.38,,,,,,,0.47,0.46,0.54,0.53,10.61,0.00,0.03,0.02,0.98,0.97,1.00,1.00,0.00,0.00
2026-02-14T16:48:49.850Z,2079.43,,,,,,,0.47,0.46,0.54,0.53,4.38,0.00,0.03,0.02,0.98,0.97,1.00,1.00,0.00,0.00
2026-02-14T16:48:50.253Z,2079.43,,,,,,,0.48,0.47,0.53,0.52,15.00,0.00,0.03,0.02,0.98,0.97,1.00,1.00,0.00,0.00
2026-02-14T16:48:52.662Z,2079.53,,,,,,,0.48,0.47,0.53,0.52,4.19,0.00,0.03,0.02,0.98,0.97,1.00,1.00,0.00,0.00
2026-02-14T16:48:53.164Z,2079.53,,,,,,,0.50,0.48,0.52,0.50,10.81,0.00,0.03,0.02,0.98,0.97,1.00,1.00,0.00,0.00
2026-02-14T16:48:53.264Z,2079.53,,,,,,,0.49,0.48,0.52,0.51,0.00,0.00,0.03,0.02,0.98,0.97,1.00,1.00,0.00,0.00
2026-02-14T16:48:54.264Z,2079.53,,,,,,,0.50,0.49,0.51,0.50,0.02,0.00,0.03,0.02,0.98,0.97,1.00,1.00,0.00,0.00
2026-02-14T16:48:54.464Z,2079.54,,,,,,,0.50,0.49,0.51,0.50,0.00,0.00,0.03,0.02,0.98,0.97,1.00,1.00,0.00,0.00
2026-02-14T16:48:54.764Z,2079.53,,,,,,,0.50,0.49,0.51,0.50,0.00,0.00,0.03,0.02,0.98,0.97,1.00,1.00,0.00,0.00
2026-02-14T16:48:55.464Z,2079.53,,,,,,,0.49,0.48,0.52,0.51,0.00,20.00,0.03,0.02,0.98,0.97,1.00,1.00,0.00,0.00
2026-02-14T16:48:56.165Z,2079.54,,,,,,,0.49,0.48,0.52,0.51,0.00,5.00,0.03,0.02,0.98,0.97,1.00,1.00,0.00,0.00
2026-02-14T16:48:56.765Z,2079.53,,,,,,,0.49,0.48,0.52,0.51,0.00,10.00,0.03,0.02,0.98,0.97,1.00,1.00,0.00,0.00
2026-02-14T16:48:57.565Z,2079.54,,,,,,,0.49,0.48,0.52,0.51,0.00,0.00,0.03,0.02,0.98,0.97,1.00,1.00,0.00,0.00
2026-02-14T16:48:57.666Z,2079.53,,,,,,,0.49,0.48,0.52,0.51,0.00,0.00,0.03,0.02,0.98,0.97,1.00,1.00,0.00,0.00
2026-02-14T16:48:59.768Z,2079.53,,,,,,,0.48,0.47,0.53,0.52,5.00,0.00,0.03,0.02,0.98,0.97,1.00,1.00,0.00,0.00
2026-02-14T16:49:00.471Z,2079.54,,,,,,,0.48,0.47,0.53,0.52,0.00,0.00,0.03,0.02,0.98,0.97,1.00,1.00,0.00,0.00
2026-02-14T16:49:00.671Z,2079.53,,,,,,,0.48,0.47,0.53,0.52,0.00,0.00,0.03,0.02,0.98,0.97,1.00,1.00,0.00,0.00
2026-02-14T16:49:00.872Z,2079.54,,,,,,,0.48,0.47,0.53,0.52,2.08,5.00,0.03,0.02,0.98,0.97,1.00,1.00,0.00,0.00
2026-02-14T16:49:01.973Z,2079.54,,,,,,,0.49,0.47,0.53,0.51,6.00,0.00,0.03,0.02,0.98,0.97,1.00,1.00,0.00,0.00
2026-02-14T16:49:02.073Z,2079.54,,,,,,,0.50,0.47,0.53,0.50,0.00,0.00,0.03,0.02,0.98,0.97,1.00,1.00,0.00,0.00
2026-02-14T16:49:02.175Z,2079.54,,,,,,,0.50,0.49,0.51,0.50,0.00,3.64,0.03,0.02,0.98,0.97,1.00,1.00,0.00,0.00
2026-02-14T16:49:02.375Z,2079.60,,,,,,,0.50,0.49,0.51,0.50,0.00,0.00,0.03,0.02,0.98,0.97,1.00,1.00,0.00,0.00
2026-02-14T16:49:02.574Z,2079.75,,,,,,,0.50,0.49,0.51,0.50,0.00,0.00,0.03,0.02,0.98,0.97,1.00,1.00,0.00,0.00
2026-02-14T16:49:02.674Z,2079.94,,,,,,,0.50,0.49,0.51,0.50,0.00,0.00,0.03,0.02,0.98,0.97,1.00,1.00,0.00,0.00
2026-02-14T16:49:03.181Z,2079.94,,,,,,,0.52,0.51,0.49,0.48,40.29,0.00,0.03,0.02,0.98,0.97,1.00,1.00,0.00,0.00
2026-02-14T16:49:03.481Z,2080.03,,,,,,,0.52,0.51,0.49,0.48,0.00,8.00,0.03,0.02,0.98,0.97,1.00,1.00,0.00,0.00
2026-02-14T16:49:03.581Z,2080.07,,,,,,,0.52,0.51,0.49,0.48,0.00,0.00,0.03,0.02,0.98,0.97,1.00,1.00,0.00,0.00
2026-02-14T16:49:03.781Z,2080.13,,,,,,,0.52,0.51,0.49,0.48,0.00,0.00,0.03,0.02,0.98,0.97,1.00,1.00,0.00,0.00
2026-02-14T16:49:04.082Z,2080.13,,,,,,,0.57,0.56,0.44,0.43,169.50,58.99,0.03,0.02,0.98,0.97,1.00,1.00,0.00,0.00
2026-02-14T16:49:04.382Z,2080.29,,,,,,,0.57,0.56,0.44,0.43,0.00,0.00,0.03,0.02,0.98,0.97,1.00,1.00,0.00,0.00
2026-02-14T16:49:04.482Z,2080.34,,,,,,,0.57,0.56,0.44,0.43,0.00,0.00,0.03,0.02,0.98,0.97,1.00,1.00,0.00,0.00
2026-02-14T16:49:04.985Z,2080.34,,,,,,,0.58,0.56,0.44,0.42,9.09,0.00,0.03,0.02,0.98,0.97,1.00,1.00,0.00,0.00
2026-02-14T16:49:05.185Z,2080.34,,,,,,,0.58,0.57,0.43,0.42,0.00,0.00,0.03,0.02,0.98,0.97,1.00,1.00,0.00,0.00
2026-02-14T16:49:06.186Z,2080.43,,,,,,,0.59,0.58,0.42,0.41,25.29,29.32,0.03,0.02,0.98,0.97,1.00,1.00,0.00,0.00
2026-02-14T16:49:06.287Z,2080.71,,,,,,,0.59,0.58,0.42,0.41,4.36,0.00,0.03,0.02,0.98,0.97,1.00,1.00,0.00,0.00
2026-02-14T16:49:06.387Z,2080.87,,,,,,,0.59,0.58,0.42,0.41,0.00,0.00,0.03,0.02,0.98,0.97,1.00,1.00,0.00,0.00
2026-02-14T16:49:06.488Z,2081.00,,,,,,,0.59,0.58,0.42,0.41,14.98,0.00,0.03,0.02,0.98,0.97,1.00,1.00,0.00,0.00
2026-02-14T16:49:06.687Z,2081.04,,,,,,,0.59,0.58,0.42,0.41,1.86,10.00,0.03,0.02,0.98,0.97,1.00,1.00,0.00,0.00
2026-02-14T16:49:06.788Z,2081.04,,,,,,,0.59,0.58,0.42,0.41,1.86,0.00,0.05,0.04,0.96,0.95,1.00,1.00,0.00,0.00
2026-02-14T16:49:06.888Z,2081.04,,,,,,,0.60,0.59,0.41,0.40,15.32,0.00,0.05,0.04,0.96,0.95,1.00,1.00,0.00,0.00
2026-02-14T16:49:06.988Z,2081.23,,,,,,,0.60,0.59,0.41,0.40,30.00,0.00,0.06,0.05,0.95,0.94,1.00,1.00,0.00,0.00
2026-02-14T16:49:07.189Z,2081.10,,,,,,,0.60,0.59,0.41,0.40,8.33,0.00,0.06,0.05,0.95,0.94,1.00,1.00,0.00,0.00
2026-02-14T16:49:07.290Z,2081.00,,,,,,,0.60,0.59,0.41,0.40,15.00,0.00,0.05,0.05,0.95,0.95,1.00,1.00,0.00,0.00
2026-02-14T16:49:07.390Z,2081.00,,,,,,,0.60,0.59,0.41,0.40,92.08,0.00,0.05,0.04,0.96,0.95,1.00,1.00,0.00,0.00
2026-02-14T16:49:07.490Z,2080.99,,,,,,,0.61,0.60,0.40,0.39,194.00,0.00,0.05,0.04,0.96,0.95,1.00,1.00,0.00,0.00
2026-02-14T16:49:07.691Z,2080.99,,,,,,,0.62,0.61,0.39,0.38,45.00,0.00,0.05,0.04,0.96,0.95,1.00,1.00,0.00,0.00
2026-02-14T16:49:07.890Z,2080.90,,,,,,,0.62,0.61,0.39,0.38,4.51,0.00,0.05,0.04,0.96,0.95,1.00,1.00,0.00,0.00
2026-02-14T16:49:07.990Z,2080.88,,,,,,,0.61,0.60,0.40,0.39,0.00,3.85,0.05,0.04,0.96,0.95,1.00,1.00,0.00,0.00
2026-02-14T16:49:08.090Z,2080.88,,,,,,,0.61,0.60,0.40,0.39,0.00,0.00,0.04,0.04,0.96,0.96,1.00,1.00,0.00,0.00
2026-02-14T16:49:08.290Z,2080.89,,,,,,,0.61,0.60,0.40,0.39,0.00,0.00,0.04,0.04,0.96,0.95,1.00,1.00,0.00,0.00
2026-02-14T16:49:08.390Z,2080.89,,,,,,,0.61,0.60,0.40,0.39,0.00,20.00,0.04,0.03,0.97,0.95,1.00,1.00,0.00,0.00
2026-02-14T16:49:08.490Z,2080.88,,,,,,,0.60,0.59,0.41,0.40,0.00,5.00,0.04,0.03,0.97,0.95,1.00,1.00,0.00,0.00
2026-02-14T16:49:08.691Z,2080.89,,,,,,,0.60,0.59,0.41,0.40,12.23,0.00,0.05,0.03,0.97,0.95,1.00,1.00,0.00,0.00
2026-02-14T16:49:08.792Z,2080.89,,,,,,,0.60,0.59,0.41,0.40,3.00,0.00,0.05,0.04,0.96,0.95,1.00,1.00,0.00,0.00
2026-02-14T16:49:08.991Z,2080.92,,,,,,,0.60,0.59,0.41,0.40,1.80,0.00,0.05,0.04,0.96,0.95,1.00,1.00,0.00,0.00
2026-02-14T16:49:09.492Z,2080.95,,,,,,,0.60,0.59,0.41,0.40,3.60,0.00,0.05,0.04,0.96,0.95,1.00,1.00,0.00,0.00
2026-02-14T16:49:09.592Z,2081.09,,,,,,,0.60,0.59,0.41,0.40,2.17,0.00,0.05,0.05,0.95,0.95,1.00,1.00,0.00,0.00
2026-02-14T16:49:09.993Z,2081.09,,,,,,,0.63,0.61,0.39,0.37,4.23,0.00,0.05,0.05,0.95,0.95,1.00,1.00,0.00,0.00
2026-02-14T16:49:10.193Z,2081.09,,,,,,,0.63,0.62,0.38,0.37,0.00,0.00,0.05,0.04,0.96,0.95,1.00,1.00,0.00,0.00
2026-02-14T16:49:10.392Z,2080.92,,,,,,,0.63,0.62,0.38,0.37,0.00,1.10,0.05,0.03,0.97,0.95,1.00,1.00,0.00,0.00
2026-02-14T16:49:10.493Z,2080.92,,,,,,,0.63,0.61,0.39,0.37,0.00,0.00,0.05,0.03,0.97,0.95,1.00,1.00,0.00,0.00
2026-02-14T16:49:10.593Z,2080.92,,,,,,,0.62,0.61,0.39,0.38,0.00,0.00,0.04,0.03,0.97,0.95,1.00,1.00,0.00,0.00
2026-02-14T16:49:10.693Z,2080.78,,,,,,,0.62,0.61,0.39,0.38,0.00,0.00,0.04,0.03,0.97,0.96,1.00,1.00,0.00,0.00
2026-02-14T16:49:10.894Z,2080.78,,,,,,,0.59,0.57,0.43,0.41,0.00,25.00,0.04,0.03,0.97,0.96,1.00,1.00,0.00,0.00
2026-02-14T16:49:10.994Z,2080.77,,,,,,,0.58,0.57,0.43,0.42,0.00,0.00,0.04,0.03,0.97,0.96,1.00,1.00,0.00,0.00
2026-02-14T16:49:11.394Z,2080.77,,,,,,,0.58,0.57,0.43,0.42,8.62,0.00,0.04,0.04,0.96,0.96,1.00,1.00,0.00,0.00
2026-02-14T16:49:11.593Z,2080.78,,,,,,,0.59,0.58,0.42,0.41,5.00,0.00,0.04,0.04,0.96,0.96,1.00,1.00,0.00,0.00
2026-02-14T16:49:14.197Z,2080.77,,,,,,,0.59,0.58,0.42,0.41,26.36,25.77,0.04,0.04,0.96,0.96,1.00,1.00,0.00,0.00
2026-02-14T16:49:14.697Z,2080.77,,,,,,,0.58,0.57,0.43,0.42,5.00,2.62,0.04,0.04,0.96,0.96,1.00,1.00,0.00,0.00
2026-02-14T16:49:15.397Z,2080.77,,,,,,,0.58,0.57,0.43,0.42,0.00,14.52,0.05,0.04,0.96,0.95,1.00,1.00,0.00,0.00
2026-02-14T16:49:15.598Z,2080.77,,,,,,,0.60,0.59,0.41,0.40,0.00,0.00,0.05,0.04,0.96,0.95,1.00,1.00,0.00,0.00
2026-02-14T16:49:17.000Z,2080.79,,,,,,,0.60,0.59,0.41,0.40,16.67,21.85,0.05,0.04,0.96,0.95,1.00,1.00,0.00,0.00
2026-02-14T16:49:17.100Z,2080.79,,,,,,,0.61,0.60,0.40,0.39,0.00,0.00,0.05,0.04,0.96,0.95,1.00,1.00,0.00,0.00
2026-02-14T16:49:17.501Z,2080.78,,,,,,,0.61,0.60,0.40,0.39,0.00,0.00,0.05,0.04,0.96,0.95,1.00,1.00,0.00,0.00
2026-02-14T16:49:17.602Z,2080.79,,,,,,,0.61,0.60,0.40,0.39,0.00,0.00,0.05,0.04,0.96,0.95,1.00,1.00,0.00,0.00
2026-02-14T16:49:17.902Z,2080.78,,,,,,,0.61,0.60,0.40,0.39,0.00,0.00,0.05,0.04,0.96,0.95,1.00,1.00,0.00,0.00
2026-02-14T16:49:19.003Z,2080.78,,,,,,,0.61,0.60,0.40,0.39,5.08,20.22,0.05,0.03,0.97,0.95,1.00,1.00,0.00,0.00
2026-02-14T16:49:19.103Z,2080.78,,,,,,,0.61,0.60,0.40,0.39,0.00,0.00,0.04,0.03,0.97,0.95,1.00,1.00,0.00,0.00
2026-02-14T16:49:19.204Z,2080.78,,,,,,,0.61,0.60,0.40,0.39,0.00,0.00,0.05,0.03,0.97,0.95,1.00,1.00,0.00,0.00
2026-02-14T16:49:19.404Z,2080.78,,,,,,,0.61,0.60,0.40,0.39,0.00,0.00,0.04,0.03,0.97,0.95,1.00,1.00,0.00,0.00
2026-02-14T16:49:19.604Z,2080.79,,,,,,,0.61,0.60,0.40,0.39,8.20,90.00,0.05,0.03,0.97,0.95,1.00,1.00,0.00,0.00
2026-02-14T16:49:19.803Z,2080.79,,,,,,,0.61,0.60,0.40,0.39,0.00,0.00,0.05,0.04,0.96,0.95,1.00,1.00,0.00,0.00
2026-02-14T16:49:19.903Z,2080.80,,,,,,,0.62,0.61,0.39,0.38,0.00,0.00,0.05,0.04,0.96,0.95,1.00,1.00,0.00,0.00
2026-02-14T16:49:20.003Z,2080.87,,,,,,,0.62,0.61,0.39,0.38,0.00,0.00,0.05,0.04,0.96,0.95,1.00,1.00,0.00,0.00
2026-02-14T16:49:20.104Z,2080.89,,,,,,,0.62,0.61,0.39,0.38,0.00,0.00,0.05,0.04,0.96,0.95,1.00,1.00,0.00,0.00
2026-02-14T16:49:20.303Z,2080.95,,,,,,,0.62,0.61,0.39,0.38,0.00,0.00,0.05,0.04,0.96,0.95,1.00,1.00,0.00,0.00
2026-02-14T16:49:20.403Z,2081.09,,,,,,,0.62,0.61,0.39,0.38,0.00,0.00,0.05,0.04,0.96,0.95,1.00,1.00,0.00,0.00
2026-02-14T16:49:20.503Z,2081.08,,,,,,,0.62,0.61,0.39,0.38,0.00,0.00,0.05,0.04,0.96,0.95,1.00,1.00,0.00,0.00
2026-02-14T16:49:20.903Z,2081.08,,,,,,,0.63,0.62,0.38,0.37,22.89,0.00,0.05,0.04,0.96,0.95,1.00,1.00,0.00,0.00
2026-02-14T16:49:21.604Z,2081.30,,,,,,,0.63,0.62,0.38,0.37,0.00,2.89,0.05,0.04,0.96,0.95,1.00,1.00,0.00,0.00
2026-02-14T16:49:21.705Z,2081.31,,,,,,,0.63,0.62,0.38,0.37,0.00,0.00,0.05,0.04,0.96,0.95,1.00,1.00,0.00,0.00
2026-02-14T16:49:22.004Z,2081.31,,,,,,,0.63,0.62,0.38,0.37,16.97,2.89,0.05,0.04,0.96,0.95,1.00,0.99,0.01,0.00
2026-02-14T16:49:22.108Z,2081.30,,,,,,,0.63,0.62,0.38,0.37,1.51,0.00,0.06,0.05,0.95,0.94,1.00,0.99,0.01,0.00
2026-02-14T16:49:22.208Z,2081.30,,,,,,,0.65,0.64,0.36,0.35,108.00,0.00,0.06,0.05,0.95,0.94,1.00,0.99,0.01,0.00
2026-02-14T16:49:22.508Z,2081.30,,,,,,,0.65,0.64,0.36,0.35,0.00,0.00,0.07,0.05,0.95,0.93,1.00,0.99,0.01,0.00
2026-02-14T16:49:22.609Z,2081.39,,,,,,,0.65,0.64,0.36,0.35,0.00,0.00,0.07,0.06,0.94,0.93,1.00,0.99,0.01,0.00
2026-02-14T16:49:22.912Z,2081.39,,,,,,,0.65,0.64,0.36,0.35,1.66,0.00,0.07,0.06,0.94,0.93,1.00,1.00,0.00,0.00
2026-02-14T16:49:23.113Z,2081.39,,,,,,,0.65,0.64,0.36,0.35,22.09,78.00,0.07,0.05,0.95,0.93,1.00,1.00,0.00,0.00
2026-02-14T16:49:23.312Z,2081.39,,,,,,,0.65,0.64,0.36,0.35,10.00,0.00,0.07,0.06,0.94,0.93,1.00,1.00,0.00,0.00
2026-02-14T16:49:24.213Z,2081.39,,,,,,,0.64,0.63,0.37,0.36,9.88,31.69,0.07,0.06,0.94,0.93,1.00,1.00,0.00,0.00
2026-02-14T16:49:24.413Z,2081.39,,,,,,,0.64,0.63,0.37,0.36,12.54,0.00,0.07,0.05,0.95,0.93,1.00,1.00,0.00,0.00
2026-02-14T16:49:24.514Z,2081.39,,,,,,,0.64,0.63,0.37,0.36,31.56,0.00,0.06,0.05,0.95,0.94,1.00,1.00,0.00,0.00
2026-02-14T16:49:24.713Z,2081.40,,,,,,,0.64,0.63,0.37,0.36,21.20,0.00,0.06,0.05,0.95,0.94,1.00,0.99,0.01,0.00
2026-02-14T16:49:25.416Z,2081.40,,,,,,,0.64,0.63,0.37,0.36,9.77,72.03,0.07,0.05,0.95,0.93,1.00,0.99,0.01,0.00
2026-02-14T16:49:25.616Z,2081.40,,,,,,,0.65,0.64,0.36,0.35,0.00,0.00,0.07,0.05,0.95,0.93,1.00,0.99,0.01,0.00
2026-02-14T16:49:25.816Z,2081.40,,,,,,,0.66,0.65,0.35,0.34,0.00,0.00,0.07,0.05,0.95,0.93,1.00,0.99,0.01,0.00
2026-02-14T16:49:26.116Z,2081.40,,,,,,,0.66,0.65,0.35,0.34,0.00,17.71,0.06,0.05,0.95,0.94,1.00,0.99,0.01,0.00
2026-02-14T16:49:26.216Z,2081.39,,,,,,,0.66,0.65,0.35,0.34,0.00,17.71,0.06,0.05,0.95,0.94,1.00,0.99,0.01,0.00
2026-02-14T16:49:26.418Z,2081.40,,,,,,,0.66,0.65,0.35,0.34,0.00,0.00,0.06,0.05,0.95,0.94,1.00,0.99,0.01,0.00
2026-02-14T16:49:26.618Z,2081.40,,,,,,,0.67,0.66,0.34,0.33,0.00,0.00,0.06,0.05,0.95,0.94,1.00,0.99,0.01,0.00
2026-02-14T16:49:28.123Z,2081.39,,,,,,,0.67,0.66,0.34,0.33,1.48,94.86,0.06,0.05,0.95,0.94,1.00,0.99,0.01,0.00
2026-02-14T16:49:28.522Z,2081.40,,,,,,,0.67,0.66,0.34,0.33,38.60,0.00,0.06,0.05,0.95,0.94,1.00,0.99,0.01,0.00
2026-02-14T16:49:28.923Z,2081.40,,,,,,,0.66,0.65,0.35,0.34,3.01,14.43,0.06,0.06,0.94,0.94,1.00,0.99,0.01,0.00
2026-02-14T16:49:29.123Z,2081.40,,,,,,,0.67,0.66,0.34,0.33,5.12,0.00,0.07,0.06,0.94,0.94,1.00,0.99,0.01,0.00
2026-02-14T16:49:29.223Z,2081.39,,,,,,,0.67,0.66,0.34,0.33,0.00,0.00,0.07,0.06,0.94,0.94,1.00,0.99,0.01,0.00
2026-02-14T16:49:29.324Z,2081.39,,,,,,,0.67,0.65,0.35,0.33,0.00,0.00,0.07,0.06,0.94,0.94,1.00,0.99,0.01,0.00
2026-02-14T16:49:29.425Z,2081.39,,,,,,,0.66,0.65,0.35,0.34,0.00,0.00,0.06,0.06,0.94,0.94,1.00,0.99,0.01,0.00
2026-02-14T16:49:29.725Z,2081.39,,,,,,,0.66,0.65,0.35,0.34,0.00,0.00,0.06,0.05,0.95,0.94,1.00,0.99,0.01,0.00
2026-02-14T16:49:29.825Z,2081.39,,,,,,,0.66,0.65,0.35,0.34,0.00,2.86,0.07,0.06,0.94,0.93,1.00,0.99,0.01,0.00
